DATE	6284	8447	18451	18834
1979-02-01	3.59	3.65	3.34	3.51
1979-02-02	0.469	0.451	0.434	0.402
1979-02-03	0.753	0.722	0.725	0.792
1979-02-04	0	0	0	0
1979-02-05	0	0	0	0
1979-02-06	0	0	0	0
1979-02-07	0.205	0.313	0.237	0.315
1979-02-08	0.787	0.634	0.685	0.634
1979-02-09	0	0.00392	0	0
1979-02-10	0	0	0	0
1979-02-11	0	0	0	0
1979-02-12	1.84	2.12	1.95	2.19
1979-02-13	0	0	0	0
1979-02-14	0	0	0	0
1979-02-15	0	0	0	0
1979-02-16	0	0	0	0
1979-02-17	0	0	0	0
1979-02-18	0	0	0	0
1979-02-19	1.02	1.03	0.985	1.1
1979-02-20	0	0	0	0
1979-02-21	0	0	0	0
1979-02-22	0	0	0	0
1979-02-23	0	0	0	0
1979-02-24	0	0.0836	0	0.0326
1979-02-25	0	0	0	0
1979-02-26	0.401	0.297	0.413	0.359
1979-02-27	0	0	0	0
1979-02-28	0.678	0.781	0.69	0.807
1979-03-01	0	0	0	0
1979-03-02	1.52	1.66	1.58	1.75
1979-03-03	0.435	0.528	0.0247	0.0198
1979-03-04	0	0	0	0
1979-03-05	0	0	0	0
1979-03-06	0	0	0	0
1979-03-07	0	0	0	0
1979-03-08	0	0.232	0	0.455
1979-03-09	1.36	1.67	1.48	1.82
1979-03-10	12.2	12.1	11.6	11.6
1979-03-11	1.34	1.34	1.19	1.25
1979-03-12	2.28	2.12	2.15	2
1979-03-13	1.49	1.63	1.56	1.73
1979-03-14	1.23	1.17	1.17	1.12
1979-03-15	0.246	0.344	0.596	0.211
1979-03-16	0	0	0	0
1979-03-17	0	0	0	0
1979-03-18	0	0	0	0
1979-03-19	0	0	0	0
1979-03-20	0	0	0	0
1979-03-21	0	0	0	0
1979-03-22	2.52	2.71	2.57	2.76
1979-03-23	0.376	1.16	0.91	1.22
1979-03-24	0	0	0	0
1979-03-25	0	0	0	0
1979-03-26	7.57	7.36	7.27	7.23
1979-03-27	5.93	6.36	6	6.57
1979-03-28	0	0.112	0	0.556
1979-03-29	0.872	0.491	0.775	0.263
1979-03-30	0	0	0	0
1979-03-31	0	0	0	0
1979-04-01	9.11	8.18	8.87	7.93
1979-04-02	6.37	6.19	6.53	6.28
1979-04-03	10.9	9.42	10.5	9.54
1979-04-04	0	0	0	0
1979-04-05	0	0	0	0
1979-04-06	0	0	0	0
1979-04-07	0	0	0	0
1979-04-08	0	0	0	0
1979-04-09	0	0	0	0
1979-04-10	0	0	0	0
1979-04-11	0	0	0	0
1979-04-12	0	0	0	0
1979-04-13	4.87	4.98	4.9	4.66
1979-04-14	0.338	0.0783	0.0191	0
1979-04-15	0	0	0	0
1979-04-16	0	0	0	0
1979-04-17	0	0	0	0
1979-04-18	0	0	0	0
1979-04-19	0	0	0	0
1979-04-20	0	0	0	0
1979-04-21	3.01	2.83	2.87	2.65
1979-04-22	2.53	2.17	2.33	2.1
1979-04-23	6.03	5.11	5.77	5.22
1979-04-24	3.81	3.66	3.85	3.62
1979-04-25	11.6	11.6	12.1	11.8
1979-04-26	0.271	0.581	0.657	0.247
1979-04-27	0	0.0676	0	0
1979-04-28	0.626	0.519	0.71	0.719
1979-04-29	2.55	3.11	2.87	3.17
1979-04-30	8.91	7.9	8.61	7.46
1979-05-01	0.41	0.493	0.992	0.353
1979-05-02	0	0	0	0
1979-05-03	9.53	8.99	8.88	8.73
1979-05-04	0	0	0	0
1979-05-05	0	0	0	0
1979-05-06	0	0	0	0
1979-05-07	0	0	0	0
1979-05-08	0.616	0.292	0.0349	0.789
1979-05-09	0	0	0	0
1979-05-10	5.5	4.79	5.18	5.09
1979-05-11	0	0	0	0
1979-05-12	0	0	0	0
1979-05-13	0	0	0	0
1979-05-14	0	0.168	0	0.0092
1979-05-15	0	0	0	0
1979-05-16	0	0.696	0	0.719
1979-05-17	0	0	0	0
1979-05-18	0	0	0	0
1979-05-19	0	0	0	0
1979-05-20	0	0	0	0
1979-05-21	0	0	0	0
1979-05-22	2.69	2.49	2.3	2.48
1979-05-23	0	0	0	0
1979-05-24	3.78	3.45	3.51	3.37
1979-05-25	3.05	2.78	2.78	2.81
1979-05-26	0	0	0	0
1979-05-27	0.943	1.01	1.02	1.08
1979-05-28	4.25	5.43	4.83	5.84
1979-05-29	1.45	1.62	1.69	1.75
1979-05-30	0.529	0.123	0.03	0
1979-05-31	0	0	0	0
1979-06-01	0	0	0	0
1979-06-02	0	0	0	0
1979-06-03	0	0	0	0
1979-06-04	0	0	0	0
1979-06-05	0	0	0	0
1979-06-06	0	0	0	0
1979-06-07	0.701	0.388	0.0397	0.0138
1979-06-08	0	0	0	0
1979-06-09	4.48	3.97	4.05	3.94
1979-06-10	0	0	0	0
1979-06-11	0	0	0	0
1979-06-12	0	0	0	0
1979-06-13	0	0	0	0
1979-06-14	4.97	5.88	5.09	5.5
1979-06-15	0	0	0	0
1979-06-16	0.21	0.811	0.508	0.317
1979-06-17	1.94	2.28	2.09	2.85
1979-06-18	0	0	0	0
1979-06-19	0	0.0942	0	0.427
1979-06-20	0	0	0	0
1979-06-21	0	0	0	0
1979-06-22	0	0	0	0
1979-06-23	2.51	3.02	2.61	2.98
1979-06-24	0	0	0	0
1979-06-25	2.46	2.75	2.53	3.01
1979-06-26	0	0	0	0
1979-06-27	2.54	2.98	2.57	2.72
1979-06-28	1.99	2.32	1.93	2.03
1979-06-29	1.64	2.55	2.14	2.49
1979-06-30	5.39	4.97	4.84	4.31
1979-07-01	0	0	0	0
1979-07-02	0	0	0	0
1979-07-03	10.5	9.86	10.9	10.3
1979-07-04	0	0	0	0
1979-07-05	0	0	0	0
1979-07-06	0	0	0	0
1979-07-07	6.21	6	6.24	5.39
1979-07-08	12.2	12.3	13.2	12.9
1979-07-09	0	1.58	0	0.0689
1979-07-10	13.4	11	12.3	12.2
1979-07-11	0	0	0	0
1979-07-12	3.03	0.704	0.172	0
1979-07-13	8.68	7.33	7.72	7.48
1979-07-14	0	0	0	0
1979-07-15	7.78	7.94	7.93	6.4
1979-07-16	7.78	8.33	8.28	7.84
1979-07-17	0	0	0	0
1979-07-18	1.68	3.91	4.06	4.74
1979-07-19	7.38	7.08	7.28	6.84
1979-07-20	9.26	8.73	9.37	9.24
1979-07-21	1.85	0.43	0.105	0
1979-07-22	0	0	0	0
1979-07-23	0	0	0	0
1979-07-24	8.8	7.74	7.81	6.6
1979-07-25	4.45	5.21	5.23	6
1979-07-26	0	0	0	0
1979-07-27	3.43	3.19	3.57	4.57
1979-07-28	6.45	6.77	7.38	6.1
1979-07-29	0	0	0	0
1979-07-30	5.88	5.37	5.36	5.07
1979-07-31	0	0	0	0
1979-08-01	1.66	1.7	1.46	1.54
1979-08-02	0	0	0	0
1979-08-03	0	0	0	0
1979-08-04	0	0	0	0
1979-08-05	0	0	0	0
1979-08-06	0	0	0	0
1979-08-07	0	0	0	0
1979-08-08	0	0	0	0
1979-08-09	12.3	12.1	11.3	10.7
1979-08-10	0	0	0	0
1979-08-11	14.4	13.4	13.6	13
1979-08-12	0.529	0.836	0.57	0.766
1979-08-13	1.24	0.89	0.801	0.586
1979-08-14	0	0	0	0
1979-08-15	0	0	0	0
1979-08-16	1.67	1.56	1.47	1.28
1979-08-17	0.276	0.932	0.667	0.927
1979-08-18	0	0	0	0
1979-08-19	0	0	0	0
1979-08-20	0.992	1.17	1.1	1.19
1979-08-21	0.271	0.16	0.259	0.0883
1979-08-22	0	0.132	0	0.297
1979-08-23	0.555	0.58	0.543	0.579
1979-08-24	0	0	0	0
1979-08-25	0.108	0.0251	0.00613	0
1979-08-26	11	9.56	10.4	9.56
1979-08-27	22.9	21.5	21	20.1
1979-08-28	6.77	6.3	6.4	5.85
1979-08-29	0	0	0	0
1979-08-30	0	0.0535	0	0
1979-08-31	0	0	0	0
1979-09-01	0	0	0	0
1979-09-02	0	0	0	0
1979-09-03	10.7	9.78	10.6	10.2
1979-09-04	0.184	0.43	0.445	0.456
1979-09-05	0.213	0.0494	0.0121	0
1979-09-06	0	0	0	0
1979-09-07	0	0	0	0
1979-09-08	0.674	1.12	0.863	1.44
1979-09-09	5.44	5.22	5.2	4.78
1979-09-10	0	0	0	0
1979-09-11	4.86	6.09	4.87	5.31
1979-09-12	0	0	0	0
1979-09-13	12.8	13.3	12.4	13.2
1979-09-14	2.43	2.43	2.44	2.4
1979-09-15	0	0	0	0
1979-09-16	0	0	0	0
1979-09-17	0.803	0.902	0.839	1.26
1979-09-18	0	0	0	0
1979-09-19	0	0	0	0
1979-09-20	2.99	3.07	3.13	3.26
1979-09-21	3.98	3.5	3.29	3.29
1979-09-22	0	0	0	0
1979-09-23	0	0	0	0
1979-09-24	0	0	0	0
1979-09-25	0	0	0	0
1979-09-26	1.89	2.35	2.13	2.38
1979-09-27	0.242	0.767	0.585	0.711
1979-09-28	0	0	0	0
1979-09-29	1.32	1.1	1.1	0.942
1979-09-30	0	0	0	0
1979-10-01	0	0	0	0
1979-10-02	0	0	0	0
1979-10-03	0	0	0	0
1979-10-04	0.235	0.392	0.568	0.208
1979-10-05	0	0	0	0
1979-10-06	0	0	0	0
1979-10-07	0	0	0	0
1979-10-08	0	0.245	0	0.382
1979-10-09	0	0	0	0
1979-10-10	5.23	5.05	5.07	4.8
1979-10-11	10.1	9.5	9.45	8.96
1979-10-12	0	0	0	0
1979-10-13	4.93	4.61	4.71	4.66
1979-10-14	3.25	3.26	3.24	3.28
1979-10-15	4.49	4.86	4.62	4.71
1979-10-16	18.8	17.9	17.8	17
1979-10-17	0.764	0.402	0.608	0.205
1979-10-18	2.15	1.94	1.99	1.87
1979-10-19	3.52	3.19	3.29	3.07
1979-10-20	0	0	0	0
1979-10-21	0	0	0	0
1979-10-22	0	0	0	0
1979-10-23	0	0	0	0
1979-10-24	0	0	0	0
1979-10-25	0	0	0	0
1979-10-26	0	0	0	0
1979-10-27	0	0.157	0	0.286
1979-10-28	0.865	0.866	0.866	0.876
1979-10-29	1.94	1.71	1.8	1.54
1979-10-30	1.09	0.692	0.839	0.578
1979-10-31	0.441	0.159	0.025	0
1979-11-01	0	0.0466	0	0
1979-11-02	0	0	0	0
1979-11-03	2.78	3.44	3.39	3.71
1979-11-04	11	11.2	11	10.9
1979-11-05	0	0	0	0
1979-11-06	1.85	1.93	1.97	2.15
1979-11-07	10.7	9.31	9.17	7.42
1979-11-08	3.82	3.97	4.09	4.18
1979-11-09	0	0	0	0
1979-11-10	0	0	0	0
1979-11-11	1.19	1.18	1.21	1.28
1979-11-12	5.66	6.26	5.96	6.74
1979-11-13	2.39	2.58	2.46	2.82
1979-11-14	1.21	1.15	1.15	1.06
1979-11-15	0	0	0	0
1979-11-16	11.9	10.3	11.1	10.1
1979-11-17	7.84	7.46	7.35	7.14
1979-11-18	0	0	0	0
1979-11-19	10.5	10.1	10.3	10.1
1979-11-20	0	0	0	0
1979-11-21	0	0	0	0
1979-11-22	0	0	0	0
1979-11-23	1.7	1.7	1.71	1.76
1979-11-24	0	0	0	0
1979-11-25	0	0	0	0
1979-11-26	7.53	6.59	7.09	6.6
1979-11-27	0	0	0	0
1979-11-28	0.909	0.928	1.01	0.974
1979-11-29	9.6	8.71	8.75	8.14
1979-11-30	0	0	0	0
1979-12-01	0	0	0	0
1979-12-02	0.739	0.907	0.879	1.04
1979-12-03	0	0	0	0
1979-12-04	0	0	0	0
1979-12-05	0.693	0.773	0.726	0.781
1979-12-06	0	0	0	0
1979-12-07	2.34	3.08	2.71	3.1
1979-12-08	0.289	0.0671	0.0164	0
1979-12-09	0	0	0	0
1979-12-10	0	0	0	0
1979-12-11	0	0	0	0
1979-12-12	0	0	0	0
1979-12-13	0	0	0	0
1979-12-14	0	0	0	0
1979-12-15	2.67	2.5	2.53	2.27
1979-12-16	1.9	1.89	1.93	1.89
1979-12-17	1.02	1.09	1.08	1.13
1979-12-18	0	0	0	0
1979-12-19	0	0	0	0
1979-12-20	0	0	0	0
1979-12-21	0	0	0	0
1979-12-22	0	0	0	0
1979-12-23	6.27	6.63	6.46	6.88
1979-12-24	0.256	0.726	0.619	0.877
1979-12-25	0	0.158	0	0.0816
1979-12-26	1.63	2.19	1.81	2.09
1979-12-27	0	0	0	0
1979-12-28	4.19	4.2	4.35	4.37
1979-12-29	9.12	9.4	9.32	9.67
1979-12-30	0.684	0.933	0.803	0.974
1979-12-31	2.87	2.9	2.94	2.88
1980-01-01	0.946	0.875	0.845	0.869
1980-01-02	0	0	0	0
1980-01-03	0	0	0	0
1980-01-04	0	0	0	0
1980-01-05	0	0	0	0
1980-01-06	0.873	0.701	0.732	0.707
1980-01-07	0.499	0.38	0.454	0.44
1980-01-08	0	0.00609	0	0.0493
1980-01-09	0.776	0.49	0.581	0.475
1980-01-10	0	0	0	0
1980-01-11	0	0	0	0
1980-01-12	0	0	0	0
1980-01-13	0.63	0.754	0.603	0.734
1980-01-14	0.251	0.121	0.0142	0.285
1980-01-15	0.545	0.44	0.453	0.216
1980-01-16	0.173	0.501	0.418	0.676
1980-01-17	0	0	0	0
1980-01-18	0	0	0	0
1980-01-19	0	0	0	0
1980-01-20	0	0	0	0
1980-01-21	0.172	0.478	0.416	0.699
1980-01-22	1.5	1.41	1.34	1.53
1980-01-23	5.87	5.38	5.22	5.82
1980-01-24	2.67	2.14	2.2	2.07
1980-01-25	0.715	0.38	0.577	0.194
1980-01-26	0.242	0.23	0.0137	0.34
1980-01-27	0	0	0	0
1980-01-28	0	0	0	0
1980-01-29	0	0	0	0
1980-01-30	0	0	0	0
1980-01-31	0	0.17	0	0.0542
1980-02-01	0	0	0	0
1980-02-02	0	0	0	0
1980-02-03	0	0	0	0
1980-02-04	0	0	0	0
1980-02-05	0	0	0	0
1980-02-06	0.266	0.199	0.205	0.21
1980-02-07	0.31	0.168	0.236	0.0793
1980-02-08	0	0	0	0
1980-02-09	0	0	0	0
1980-02-10	0.134	0.056	0.00757	0.125
1980-02-11	0.417	0.412	0.396	0.526
1980-02-12	0	0	0	0
1980-02-13	0	0	0	0.0154
1980-02-14	0.102	0.258	0.248	0.289
1980-02-15	1.35	1.42	1.22	1.4
1980-02-16	0	0.0323	0	0.00198
1980-02-17	0	0	0	0
1980-02-18	0	0	0	0
1980-02-19	0	0	0	0
1980-02-20	0	0	0	0
1980-02-21	0	0	0	0
1980-02-22	0	0	0	0
1980-02-23	0	0	0	0
1980-02-24	0	0	0	0
1980-02-25	0	0	0	0
1980-02-26	0	0	0	0
1980-02-27	0	0	0	0
1980-02-28	0.284	0.327	0.228	0.25
1980-02-29	0	0.0459	0	0.00167
1980-03-01	1.16	1.45	1.3	1.42
1980-03-02	3.9	4.22	4.02	4.18
1980-03-03	0	0	0	0
1980-03-04	0	0	0	0
1980-03-05	1.81	1.99	1.8	1.82
1980-03-06	0	0	0	0
1980-03-07	0	0	0	0
1980-03-08	2.63	2.22	2.46	2.13
1980-03-09	4.15	3.96	4.14	4.18
1980-03-10	0	0.00646	0	0.0531
1980-03-11	0	0	0	0
1980-03-12	0.629	0.572	0.604	0.548
1980-03-13	1.14	0.945	1.03	0.929
1980-03-14	0	0	0	0
1980-03-15	0	0	0	0
1980-03-16	0	0	0	0
1980-03-17	0.655	0.61	0.637	0.604
1980-03-18	0.281	0.605	0.68	0.747
1980-03-19	0	0	0	0
1980-03-20	0	0	0	0
1980-03-21	0	0	0	0
1980-03-22	0	0	0	0
1980-03-23	0	0	0	0
1980-03-24	0	0	0	0
1980-03-25	0	0	0	0
1980-03-26	0	0	0	0
1980-03-27	0	0	0	0
1980-03-28	6.37	6.81	6.72	7.19
1980-03-29	6.09	6.57	6.54	7.18
1980-03-30	5.14	5.56	5.38	5.72
1980-03-31	3.66	3.97	3.81	3.92
1980-04-01	0	0	0	0
1980-04-02	0	0	0	0
1980-04-03	0	0	0	0
1980-04-04	0	0	0	0
1980-04-05	2.38	2.67	2.3	2.44
1980-04-06	0	0	0	0
1980-04-07	2.33	2.3	1.95	1.77
1980-04-08	2.8	4.32	3.45	4.41
1980-04-09	0	0.0499	0	0
1980-04-10	0	0	0	0
1980-04-11	1.32	1.67	1.48	1.61
1980-04-12	0	0	0	0
1980-04-13	0	0	0	0
1980-04-14	0	0	0	0
1980-04-15	0	0	0	0
1980-04-16	0	0	0	0
1980-04-17	1.89	2.13	1.78	1.81
1980-04-18	0	0.143	0	0.00873
1980-04-19	12.8	14	12.9	14.3
1980-04-20	2.62	2.6	2.55	2.57
1980-04-21	0	0	0	0
1980-04-22	0	0	0	0
1980-04-23	0	0	0	0
1980-04-24	0	0	0	0
1980-04-25	0	0	0	0
1980-04-26	0.831	0.98	0.873	1.21
1980-04-27	4.55	3.47	3.81	3.08
1980-04-28	0	0	0	0
1980-04-29	2.89	3.08	2.8	3.01
1980-04-30	0	0	0	0
1980-05-01	0	0	0	0
1980-05-02	0	0	0	0
1980-05-03	0	0	0	0
1980-05-04	0	0	0	0
1980-05-05	0	0	0	0
1980-05-06	0	0	0	0
1980-05-07	0	0	0	0
1980-05-08	4.32	3.75	4.06	3.4
1980-05-09	0.813	0.916	0.88	0.923
1980-05-10	0	0	0	0
1980-05-11	0	0	0	0
1980-05-12	0	0	0	0
1980-05-13	0	0	0	0
1980-05-14	0	0	0	0
1980-05-15	0	0	0	0
1980-05-16	0	0	0	0
1980-05-17	0	0	0	0
1980-05-18	0	0	0	0
1980-05-19	0	0.00678	0	0.052
1980-05-20	0	0	0	0
1980-05-21	0	0	0	0
1980-05-22	0	0	0	0
1980-05-23	0	0	0	0
1980-05-24	0.696	0.349	0.51	0.171
1980-05-25	0	0.224	0	0.285
1980-05-26	0.636	0.244	0.036	0
1980-05-27	1.18	1.51	1.47	1.63
1980-05-28	0.204	0.407	0.493	0.551
1980-05-29	0	0	0	0
1980-05-30	2.21	2.13	2.31	2.25
1980-05-31	2.23	2.07	2.02	1.87
1980-06-01	10.1	11.5	10.2	12.2
1980-06-02	12.2	13.1	11.7	12.3
1980-06-03	4.39	4.89	4.45	5.33
1980-06-04	0	0	0	0
1980-06-05	0	0	0	0
1980-06-06	0	0	0	0
1980-06-07	0	0	0	0
1980-06-08	0	0	0	0
1980-06-09	0	0	0	0
1980-06-10	2.63	2.73	2.62	2.46
1980-06-11	4.8	3.87	4.2	3.57
1980-06-12	0	0	0	0
1980-06-13	0	0	0	0
1980-06-14	0	0	0	0
1980-06-15	0	0	0	0
1980-06-16	0	0	0	0
1980-06-17	0	0	0	0
1980-06-18	0	0	0	0
1980-06-19	0.884	0.205	0.0501	0
1980-06-20	0.699	0.207	0.0396	0.337
1980-06-21	3.62	3.8	3.48	4.42
1980-06-22	0.824	2.09	2	1.95
1980-06-23	11.5	9.64	9.19	8.66
1980-06-24	3.78	3.82	3.18	3.35
1980-06-25	2.1	2.57	2.25	2.51
1980-06-26	0	0	0	0
1980-06-27	1.85	3.51	2.77	3.27
1980-06-28	12.2	11.4	10.2	11
1980-06-29	6.78	5.33	4.82	4.88
1980-06-30	0	0	0	0
1980-07-01	0.274	0.793	0.664	0.845
1980-07-02	0	0	0	0
1980-07-03	0	0	0	0
1980-07-04	0	0	0	0.101
1980-07-05	0.241	0.0559	0.0136	0
1980-07-06	0	0	0	0
1980-07-07	0	0	0	0
1980-07-08	1.18	3.4	2.84	3.48
1980-07-09	0	0.163	0	0.0103
1980-07-10	0	0	0	0
1980-07-11	0.523	0.681	0.589	0.663
1980-07-12	6.67	6.78	6.62	6.48
1980-07-13	0	0	0	0
1980-07-14	0	0	0	0
1980-07-15	0	0	0	0
1980-07-16	0	0	0	0
1980-07-17	8.29	8.3	7.77	7.74
1980-07-18	0.284	0.251	0.0161	0.00722
1980-07-19	5.77	4.59	3.92	3.78
1980-07-20	1.44	1.29	1.39	1.1
1980-07-21	0.817	0.847	0.813	0.788
1980-07-22	0.553	0.475	0.6	0.506
1980-07-23	0	0	0	0
1980-07-24	0	0	0	0
1980-07-25	0	0	0	0
1980-07-26	0	0	0	0
1980-07-27	0	0	0	0
1980-07-28	0	0	0	0
1980-07-29	0	0	0	0
1980-07-30	0	0	0	0
1980-07-31	1.24	1.72	1.4	1.99
1980-08-01	0	0	0	0
1980-08-02	2.44	4.29	3.93	5.46
1980-08-03	1.71	2.04	1.66	0.604
1980-08-04	0	0	0	0
1980-08-05	0.64	0.503	0.0362	1.61
1980-08-06	17.3	14.4	14.3	13.9
1980-08-07	13.6	14.7	14.9	15.3
1980-08-08	0	0	0	0
1980-08-09	0	0	0	0
1980-08-10	0	0	0	0
1980-08-11	0	0	0	0
1980-08-12	2.94	2.84	2.73	2.53
1980-08-13	0	0	0	0
1980-08-14	0	0	0	0
1980-08-15	0	0	0	0
1980-08-16	0.64	1.72	1.55	1.92
1980-08-17	0	0	0	0
1980-08-18	0	0	0	0
1980-08-19	0	0	0	0
1980-08-20	11.3	10.1	10.4	8.8
1980-08-21	17.3	19.8	18.7	18.7
1980-08-22	11.7	11.5	13.2	11.2
1980-08-23	13.2	11.4	13	9.51
1980-08-24	5.1	7.96	7.16	8.64
1980-08-25	7.47	9.82	9.03	9.72
1980-08-26	2.45	2.65	2.98	2.87
1980-08-27	3.88	3.57	3.17	2.93
1980-08-28	13.2	12.1	11.5	10.1
1980-08-29	0	0.088	0	0
1980-08-30	0	0	0	0
1980-08-31	0	0	0	0
1980-09-01	0	0	0	0
1980-09-02	2.06	2.15	1.93	2.2
1980-09-03	0	0	0	0
1980-09-04	2.96	3.39	2.83	3.13
1980-09-05	0	0	0	0
1980-09-06	0	0	0	0
1980-09-07	0	0	0	0
1980-09-08	0	0	0	0
1980-09-09	4.34	4.03	3.78	3.97
1980-09-10	0	0	0	0
1980-09-11	0	0	0	0
1980-09-12	2.85	2.63	2.62	2.61
1980-09-13	6.18	6.95	6.08	6.96
1980-09-14	7.36	6.77	6.44	6.35
1980-09-15	0.643	1.74	1.56	2.08
1980-09-16	0	0	0	0
1980-09-17	0	0	0	0
1980-09-18	5.7	6.38	5.69	6.93
1980-09-19	0	0	0	0
1980-09-20	2.38	2.42	2.34	2.67
1980-09-21	0	0	0	0
1980-09-22	0	0	0	0
1980-09-23	0	0	0	0
1980-09-24	0	0	0	0
1980-09-25	3.21	3.13	3.22	3.47
1980-09-26	2.73	1.95	2.17	1.72
1980-09-27	0	0	0	0
1980-09-28	0	0.222	0	0.112
1980-09-29	0.904	0.301	0.0512	0
1980-09-30	2.58	2.57	2.39	2.56
1980-10-01	2.2	2.1	2.15	2.02
1980-10-02	1.56	1.51	1.68	1.57
1980-10-03	0	0	0	0
1980-10-04	0	0.586	0	0.624
1980-10-05	0	0	0	0
1980-10-06	7.5	6.59	6.77	6.23
1980-10-07	17.1	15.9	15.9	15.2
1980-10-08	1.03	1.21	0.999	1.1
1980-10-09	0	0	0	0
1980-10-10	0	0.0106	0	0.0922
1980-10-11	0	0	0	0
1980-10-12	10.1	9.17	9.51	8.78
1980-10-13	0.759	0.732	0.72	0.335
1980-10-14	0	0	0	0
1980-10-15	2.88	1.79	2.38	1.53
1980-10-16	0	0	0	0
1980-10-17	19.8	18.7	19.6	19.7
1980-10-18	26.7	26.2	25.8	26.4
1980-10-19	1.95	2.75	2.49	3.11
1980-10-20	0	0	0	0
1980-10-21	0	0	0	0
1980-10-22	0	0	0	0
1980-10-23	0	0	0	0
1980-10-24	2.57	2.09	2.54	2.45
1980-10-25	1.16	0.81	1.12	0.942
1980-10-26	0	0	0	0
1980-10-27	2.73	2.43	2.37	2.32
1980-10-28	1.99	1.87	1.77	1.6
1980-10-29	11.5	10.9	11.3	11.1
1980-10-30	0	0	0	0
1980-10-31	0	0	0	0
1980-11-01	0	0	0	0
1980-11-02	0	0	0	0
1980-11-03	0	0	0	0
1980-11-04	0	0	0	0
1980-11-05	0	0	0	0
1980-11-06	0	0	0	0
1980-11-07	0	0	0	0
1980-11-08	0.378	0.492	0.47	0.591
1980-11-09	0.503	0.646	0.592	0.736
1980-11-10	0	0	0	0
1980-11-11	0	0.0619	0	0.301
1980-11-12	0	0	0	0
1980-11-13	1.42	1.57	1.56	1.91
1980-11-14	5.69	5.55	5.26	5.26
1980-11-15	3.58	3.51	3.61	3.98
1980-11-16	2.78	3.52	3.15	3.62
1980-11-17	5.04	4.77	5.12	5.57
1980-11-18	2.99	2.69	3.04	3.27
1980-11-19	0	0	0	0
1980-11-20	6.92	7.04	7.14	7.9
1980-11-21	0.733	1.01	0.78	0.916
1980-11-22	4.26	4.36	4.13	4.25
1980-11-23	0.422	0.26	0.38	0.195
1980-11-24	0	0	0	0
1980-11-25	0	0	0	0
1980-11-26	0	0	0	0
1980-11-27	0	0	0	0
1980-11-28	0	0	0	0
1980-11-29	0	0	0	0
1980-11-30	0.15	0.37	0.362	0.401
1980-12-01	2.3	2.65	2.47	2.61
1980-12-02	2.05	2.4	2.26	2.27
1980-12-03	0	0	0	0
1980-12-04	0	0	0	0
1980-12-05	0	0	0	0
1980-12-06	0	0	0	0
1980-12-07	0	0	0	0
1980-12-08	0	0.33	0	0.585
1980-12-09	0.921	0.697	0.961	0.953
1980-12-10	0	0	0	0
1980-12-11	5	4.36	4.81	4.66
1980-12-12	0.907	0.877	0.868	0.31
1980-12-13	1.88	2.11	2.14	2.26
1980-12-14	3.43	3.66	3.7	3.84
1980-12-15	3.92	3.77	3.98	3.92
1980-12-16	0	0	0	0
1980-12-17	1.18	1.44	1.25	1.4
1980-12-18	0	0	0	0
1980-12-19	0	0	0	0
1980-12-20	0	0	0	0
1980-12-21	10.1	9	9.69	8.92
1980-12-22	2.36	2.03	2.12	1.8
1980-12-23	0	0	0	0
1980-12-24	0	0	0	0
1980-12-25	0	0	0	0
1980-12-26	1.43	1.67	1.65	1.97
1980-12-27	0	0	0	0
1980-12-28	2.36	2.18	2.26	1.97
1980-12-29	0	0	0	0
1980-12-30	0	0	0	0
1980-12-31	3	3.03	3.12	3.24
1981-01-01	4.6	4.9	4.5	5.06
1981-01-02	0	0.109	0	0.00464
1981-01-03	0.212	0.0491	0.012	0
1981-01-04	0	0	0	0
1981-01-05	0	0	0	0
1981-01-06	0	0	0	0
1981-01-07	0	0	0	0
1981-01-08	2.88	3.15	2.78	3.11
1981-01-09	0.605	0.716	0.614	0.685
1981-01-10	0	0	0	0
1981-01-11	0	0	0	0
1981-01-12	2.76	2.77	2.71	3.08
1981-01-13	0	0	0	0
1981-01-14	2.44	2.2	2.21	2.26
1981-01-15	6.75	7.32	6.34	6.71
1981-01-16	3.76	3.9	3.55	3.89
1981-01-17	0.74	0.823	0.736	0.823
1981-01-18	0	0	0	0
1981-01-19	0.565	0.466	0.433	0.353
1981-01-20	0.615	0.538	0.529	0.461
1981-01-21	0.135	0.202	0.326	0.344
1981-01-22	2.15	2.18	2.08	2.31
1981-01-23	0	0	0	0
1981-01-24	0	0	0	0
1981-01-25	0.435	0.514	0.449	0.445
1981-01-26	0	0	0	0
1981-01-27	0	0	0	0
1981-01-28	0	0	0	0
1981-01-29	0	0.0767	0	0.00457
1981-01-30	1.38	1.75	1.56	1.59
1981-01-31	1.07	1.17	1.09	1.26
1981-02-01	0	0	0	0
1981-02-02	6.94	6.68	6.98	7.32
1981-02-03	1.56	1.42	1.4	1.25
1981-02-04	2.62	2.5	2.34	2.08
1981-02-05	0.275	0.624	0.666	0.761
1981-02-06	4.79	5.2	4.78	4.96
1981-02-07	0	0	0	0
1981-02-08	7.45	7.57	7.58	7.72
1981-02-09	0	0	0	0
1981-02-10	0	0	0	0
1981-02-11	1.18	1.47	1.31	1.48
1981-02-12	0	0	0	0
1981-02-13	0	0	0	0
1981-02-14	3.28	3.02	3.01	2.69
1981-02-15	0	0	0	0
1981-02-16	0.918	0.981	1.02	1.08
1981-02-17	0	0	0	0
1981-02-18	0	0	0	0
1981-02-19	0	0	0	0
1981-02-20	0.797	0.622	0.74	0.259
1981-02-21	3.04	2.87	2.86	2.7
1981-02-22	0	0	0	0
1981-02-23	0	0	0	0
1981-02-24	5.23	4.82	4.93	4.54
1981-02-25	4.42	4.31	4.21	3.97
1981-02-26	0.416	0.0966	0.0236	0
1981-02-27	1.74	1.57	1.62	1.48
1981-02-28	0	0	0	0
1981-03-01	0	0	0	0
1981-03-02	0	0	0	0
1981-03-03	0	0	0	0
1981-03-04	1.06	1.08	1.05	1.07
1981-03-05	0.466	0.474	0.504	0.6
1981-03-06	0	0	0	0
1981-03-07	11.3	11.3	11.2	11.9
1981-03-08	8.95	8.66	8.45	8.53
1981-03-09	9.19	9.81	9.35	10.5
1981-03-10	0	0	0	0
1981-03-11	0	0	0	0
1981-03-12	3.41	3.66	3.49	3.78
1981-03-13	3.04	3.31	3.27	3.82
1981-03-14	0	0	0	0
1981-03-15	0	0	0	0
1981-03-16	0	0	0	0
1981-03-17	0	0	0	0
1981-03-18	0.494	0.618	0.564	0.64
1981-03-19	3.71	3.47	3.68	3.7
1981-03-20	0.298	0.338	0.326	0.369
1981-03-21	1.52	1.55	1.53	1.69
1981-03-22	7.16	6.82	6.76	6.99
1981-03-23	3.62	4.36	3.86	4.48
1981-03-24	0.43	0.304	0.423	0.382
1981-03-25	0	0	0	0
1981-03-26	0	0.0813	0	0.00395
1981-03-27	0	0	0	0
1981-03-28	0	0	0	0
1981-03-29	0	0	0	0
1981-03-30	0	0	0	0
1981-03-31	0	0	0	0
1981-04-01	0	0	0	0
1981-04-02	0.287	0.684	0.695	0.764
1981-04-03	0.334	0.0774	0.0189	0
1981-04-04	0	0	0	0
1981-04-05	0	0	0	0
1981-04-06	0	0	0	0
1981-04-07	0	0	0	0
1981-04-08	0	0	0	0
1981-04-09	0	0	0	0
1981-04-10	0	0	0	0
1981-04-11	0	0	0	0
1981-04-12	1.3	1.53	1.29	1.54
1981-04-13	0	0	0	0
1981-04-14	0	0	0	0
1981-04-15	0	0.15	0	0.0056
1981-04-16	0	0	0	0
1981-04-17	0	0	0	0
1981-04-18	0	0	0	0
1981-04-19	0	0	0	0
1981-04-20	0	0	0	0
1981-04-21	1.37	1.68	1.61	1.77
1981-04-22	0.58	0.568	0.553	0.557
1981-04-23	0	0	0	0
1981-04-24	0.965	0.959	1	0.961
1981-04-25	0.232	0.513	0.561	0.561
1981-04-26	0	0	0	0
1981-04-27	0.175	0.265	0.424	0.457
1981-04-28	1.12	0.975	0.918	0.987
1981-04-29	0.365	0.0847	0.0207	0
1981-04-30	11.6	12	12.2	12.5
1981-05-01	3.12	2.44	2.85	2.33
1981-05-02	5.29	4.67	4.91	4.41
1981-05-03	0	0	0	0
1981-05-04	0	0	0	0
1981-05-05	1.02	1.05	0.874	1.01
1981-05-06	0	0.195	0	0.0802
1981-05-07	0	0	0	0
1981-05-08	0	0	0	0
1981-05-09	0	0	0	0
1981-05-10	5.06	4.28	4.56	4.59
1981-05-11	4.95	6.09	5.68	5.87
1981-05-12	0	0	0	0
1981-05-13	0	0	0	0
1981-05-14	0	0	0	0
1981-05-15	0	0	0	0
1981-05-16	0	0	0	0
1981-05-17	0	0	0	0
1981-05-18	0	0	0	0
1981-05-19	0	0	0	0
1981-05-20	0.899	1.4	1.18	1.74
1981-05-21	0	0	0	0
1981-05-22	0	0	0	0
1981-05-23	0	0	0	0
1981-05-24	0	0	0	0
1981-05-25	3.54	4.22	4.2	4.38
1981-05-26	0.505	0.465	0.558	0.613
1981-05-27	0	0	0	0
1981-05-28	3.11	3.04	3.1	3.14
1981-05-29	0	0	0	0
1981-05-30	0	0	0	0
1981-05-31	0	0	0	0
1981-06-01	0	0	0	0
1981-06-02	0	0	0	0
1981-06-03	0	0	0	0
1981-06-04	5.41	6.71	7.12	8.68
1981-06-05	8.3	9.87	8.16	8.59
1981-06-06	0.499	1.36	1.21	1.41
1981-06-07	8.68	8.35	8.7	8.35
1981-06-08	0	0	0	0
1981-06-09	0	0	0	0
1981-06-10	0	0	0	0
1981-06-11	0.987	0.744	0.0559	0.0189
1981-06-12	6.49	6.53	7.17	7.52
1981-06-13	0	0	0	0
1981-06-14	0	0	0	0
1981-06-15	5.16	7.51	7.05	9.09
1981-06-16	0	0.258	0	1.23
1981-06-17	7.22	6.27	6.07	6.33
1981-06-18	0	0	0	0
1981-06-19	2.19	1.13	1.69	0.566
1981-06-20	3.62	3.68	3.59	3.48
1981-06-21	0	0	0	0
1981-06-22	0	0	0	0
1981-06-23	0	0	0	0
1981-06-24	3.15	2.84	2.78	2.97
1981-06-25	7.17	7.02	7.52	7.67
1981-06-26	27.8	30.9	29.6	30.7
1981-06-27	3.07	3.03	2.97	2.72
1981-06-28	12.4	15.5	14.6	16.7
1981-06-29	11.4	11.5	12.4	12.9
1981-06-30	21.5	22.5	23	23.9
1981-07-01	9.21	10.6	10.1	11.6
1981-07-02	0.919	1.21	1.09	1.54
1981-07-03	2	1.98	2.09	2.18
1981-07-04	17.5	15.4	16.8	14.9
1981-07-05	0	0	0	0
1981-07-06	0	0	0	0
1981-07-07	0	0	0	0
1981-07-08	0	0	0	0
1981-07-09	0	0	0	0
1981-07-10	0	0	0	0
1981-07-11	0	0	0	0
1981-07-12	0.953	1.56	1.15	1.84
1981-07-13	0.724	0.256	0.041	0
1981-07-14	10.4	11.4	10.1	10.6
1981-07-15	1.88	2.19	2.15	2.27
1981-07-16	0	0	0	0
1981-07-17	0	0	0	0
1981-07-18	3.59	3.15	3.82	3.29
1981-07-19	0	0	0	0
1981-07-20	0	0	0	0
1981-07-21	0	0	0	0
1981-07-22	6.37	6.87	6.75	6.79
1981-07-23	0	0	0	0
1981-07-24	0	0	0	0
1981-07-25	0	0	0	0
1981-07-26	3.64	2.97	3.69	2.87
1981-07-27	0	0.259	0	0.0142
1981-07-28	1.08	2.04	1.56	2.33
1981-07-29	0.376	0.677	0.91	1.61
1981-07-30	3.47	3.24	3.62	3.16
1981-07-31	0	0	0	0
1981-08-01	0	0.206	0	0.0075
1981-08-02	7.5	8.16	7.51	7.51
1981-08-03	0	0	0	0
1981-08-04	0	0	0	0
1981-08-05	0	0.173	0	0.92
1981-08-06	0	0	0	0
1981-08-07	0	0	0	0
1981-08-08	0	0	0	0
1981-08-09	0	0	0	0
1981-08-10	0	0	0	0
1981-08-11	0	0	0	0
1981-08-12	0	0	0	0
1981-08-13	5.48	6.15	5.81	7.06
1981-08-14	5.61	5.96	4.79	4.45
1981-08-15	2.52	3.27	2.95	3.45
1981-08-16	2.76	4.17	3.53	4.82
1981-08-17	1.7	1.45	1.68	1.29
1981-08-18	0	0	0	0
1981-08-19	6.2	6.86	6.81	7.54
1981-08-20	0.698	1.92	1.69	2.35
1981-08-21	0	0.0166	0	0.00198
1981-08-22	3.5	2.7	3.1	2.45
1981-08-23	0	0	0	0
1981-08-24	0	0	0	0
1981-08-25	1.57	2.2	1.78	2.09
1981-08-26	0.627	0.146	0.0355	0.0853
1981-08-27	0	0.137	0	0.00814
1981-08-28	0	0	0	0
1981-08-29	1.28	0.77	1.09	0.37
1981-08-30	0	0	0	0
1981-08-31	0	0	0	0
1981-09-01	0	0	0	0
1981-09-02	0	0.0275	0	0.125
1981-09-03	0	0	0	0
1981-09-04	0	0	0	0
1981-09-05	0	0	0	0
1981-09-06	0	0	0	0
1981-09-07	0	0	0	0
1981-09-08	0	0	0	0
1981-09-09	0	0	0	0
1981-09-10	0	0	0	0
1981-09-11	0	0	0	0
1981-09-12	0	0	0	0
1981-09-13	0	0	0	0.0226
1981-09-14	0	0	0	0
1981-09-15	0	0	0	0
1981-09-16	0	0	0	0
1981-09-17	0.245	0.346	0.291	0.395
1981-09-18	0	0.0504	0	0.0318
1981-09-19	0	0	0	0
1981-09-20	0.525	0.5	0.501	0.521
1981-09-21	4.69	5.14	4.91	6.01
1981-09-22	0.0679	0.128	0.164	0.183
1981-09-23	0	0	0	0
1981-09-24	0.371	0.413	0.375	0.401
1981-09-25	0	0	0	0
1981-09-26	0.635	0.648	0.601	0.681
1981-09-27	0	0	0	0
1981-09-28	1.89	1.9	1.89	1.97
1981-09-29	4.13	6.05	5.07	7.13
1981-09-30	0.293	0.542	0.435	0.663
1981-10-01	2.23	1.15	1.72	0.578
1981-10-02	0	0	0	0
1981-10-03	1.82	1.56	1.94	2.13
1981-10-04	10.5	9.21	10	9.17
1981-10-05	0	0.861	0	1.38
1981-10-06	2.29	2.21	2.36	2.15
1981-10-07	9.86	9.59	9.53	9.28
1981-10-08	0	0.0238	0	0.18
1981-10-09	0	0.0205	0	0.00246
1981-10-10	12.1	12.6	12.5	13.3
1981-10-11	5.88	5.96	5.89	6.04
1981-10-12	0	0	0	0
1981-10-13	0	0	0	0
1981-10-14	3.68	3.9	3.94	3.98
1981-10-15	0	0	0	0
1981-10-16	0	0	0	0
1981-10-17	0	0	0	0
1981-10-18	0	0	0	0
1981-10-19	6.03	6.43	6.3	6.65
1981-10-20	11.5	11	11.1	10.5
1981-10-21	4.51	3.31	3.77	2.47
1981-10-22	0	0	0	0
1981-10-23	0	0	0	0
1981-10-24	0	0	0	0
1981-10-25	0	0	0	0
1981-10-26	2.72	2.02	2.31	0.8
1981-10-27	0	0	0	0
1981-10-28	5.63	5.26	5.83	5.83
1981-10-29	11.9	11.1	11.1	10.2
1981-10-30	7.16	7.14	7.23	7.55
1981-10-31	12.9	10.5	11.5	9.3
1981-11-01	3.78	2.95	3.39	2.68
1981-11-02	0	0	0	0
1981-11-03	0	0.0358	0	0
1981-11-04	3.54	3.37	3.31	3.16
1981-11-05	3.27	3.21	3.13	2.94
1981-11-06	0	0	0	0
1981-11-07	0	0	0	0
1981-11-08	0	0	0	0
1981-11-09	0	0	0	0
1981-11-10	1.4	1.6	1.48	1.67
1981-11-11	0	0	0	0
1981-11-12	0	0	0	0
1981-11-13	0.68	0.692	0.647	0.72
1981-11-14	0.5	0.303	0.497	0.17
1981-11-15	0	0	0	0
1981-11-16	1.8	1.96	1.87	2.06
1981-11-17	1.99	1.97	1.99	2.03
1981-11-18	3.26	3.22	3.22	3.31
1981-11-19	0	0	0	0
1981-11-20	8.99	8.54	8.54	8.44
1981-11-21	4.19	4.98	4.51	5
1981-11-22	0	0	0	0
1981-11-23	8.83	8.31	8.55	9.09
1981-11-24	30.4	29.1	29.4	28.8
1981-11-25	1.27	1.24	1.23	1.17
1981-11-26	0	0	0	0
1981-11-27	1.02	1.05	1.09	1.28
1981-11-28	22.4	20	21.2	20.2
1981-11-29	1.17	1.15	1.1	1.12
1981-11-30	0	0	0	0
1981-12-01	1.44	1.02	1.3	1.04
1981-12-02	0	0	0	0
1981-12-03	10.3	10.1	10.5	10.2
1981-12-04	0	0	0	0
1981-12-05	0	0	0	0
1981-12-06	0	0	0	0
1981-12-07	0	0	0	0
1981-12-08	8.75	6.95	8.08	6.59
1981-12-09	4.71	4.14	4.54	3.98
1981-12-10	0	0	0	0
1981-12-11	2.09	1.71	2.03	1.83
1981-12-12	1.12	0.622	0.975	0.33
1981-12-13	0	0	0	0
1981-12-14	0	0.265	0	0.0116
1981-12-15	0	0	0	0
1981-12-16	0	0	0	0
1981-12-17	0	0	0	0
1981-12-18	0	0	0	0
1981-12-19	0	0	0	0
1981-12-20	0	0	0	0
1981-12-21	6.19	5.16	5.81	4.97
1981-12-22	11.8	10.4	11.2	9.85
1981-12-23	2.13	2.07	2.04	1.79
1981-12-24	3.71	3.43	3.66	3.37
1981-12-25	3.96	3.13	3.66	2.91
1981-12-26	4.09	4.19	4.14	3.95
1981-12-27	12.8	12.4	12.7	11.9
1981-12-28	3.02	3	2.98	2.79
1981-12-29	1.27	1.2	1.26	1.19
1981-12-30	5.5	5.11	5.43	4.95
1981-12-31	6.78	5.56	6.18	5.11
1982-01-01	4.51	3.66	3.71	3.33
1982-01-02	3.84	3.65	3.43	3.52
1982-01-03	5.55	4.78	4.86	4.85
1982-01-04	1.51	1.37	1.25	1.12
1982-01-05	1.18	0.951	1	0.862
1982-01-06	0	0	0	0
1982-01-07	0	0	0	0
1982-01-08	0	0	0	0
1982-01-09	0.371	0.271	0.325	0.247
1982-01-10	0	0.00441	0	0
1982-01-11	1.34	1.61	1.45	1.65
1982-01-12	0.23	0.0534	0.013	0
1982-01-13	0.38	0.55	0.392	0.474
1982-01-14	0	0.099	0	0.00386
1982-01-15	0	0	0	0
1982-01-16	0	0	0	0
1982-01-17	0	0	0	0
1982-01-18	0	0	0	0
1982-01-19	0	0	0	0
1982-01-20	0	0	0	0
1982-01-21	0.182	0.473	0.44	0.555
1982-01-22	0.325	0.184	0.29	0.0985
1982-01-23	0	0	0	0
1982-01-24	0	0	0	0
1982-01-25	1.48	1.49	1.41	1.65
1982-01-26	2.79	2.56	2.49	2.55
1982-01-27	0	0	0	0
1982-01-28	0	0	0	0.0221
1982-01-29	2.14	1.85	1.8	1.78
1982-01-30	0.877	0.884	0.806	0.92
1982-01-31	0	0	0	0
1982-02-01	0	0	0	0
1982-02-02	0.579	0.713	0.381	0.326
1982-02-03	0	0	0	0
1982-02-04	0	0	0	0
1982-02-05	0.151	0.175	0.172	0.199
1982-02-06	12.5	13.1	13.3	14.2
1982-02-07	7.4	7.67	7.86	8.17
1982-02-08	0.503	0.466	0.492	0.476
1982-02-09	1.88	2.13	2.09	2.33
1982-02-10	0	0	0	0
1982-02-11	0	0.0128	0	0
1982-02-12	0.592	0.802	0.687	0.801
1982-02-13	0.16	0.157	0.181	0.201
1982-02-14	0	0	0	0
1982-02-15	0	0	0	0
1982-02-16	0	0	0	0
1982-02-17	0	0	0	0
1982-02-18	0	0	0	0
1982-02-19	0	0	0	0
1982-02-20	0	0	0	0
1982-02-21	0	0	0	0
1982-02-22	0	0	0	0
1982-02-23	0	0	0	0
1982-02-24	0	0.0735	0	0.0175
1982-02-25	0.549	0.708	0.622	0.685
1982-02-26	0.231	0.297	0.286	0.37
1982-02-27	0.148	0.114	0.156	0.15
1982-02-28	2.08	2.69	2.61	3.13
1982-03-01	1.24	1.44	1.29	1.41
1982-03-02	0.255	0.679	0.618	0.792
1982-03-03	3.82	3.31	3.48	3.24
1982-03-04	3.12	2.71	2.76	2.52
1982-03-05	0	0	0	0
1982-03-06	0	0	0	0
1982-03-07	0	0	0	0
1982-03-08	0	0	0	0
1982-03-09	0	0	0	0
1982-03-10	4.39	3.73	3.81	3.38
1982-03-11	15.4	14.6	14.3	14.4
1982-03-12	11.1	10	10.1	9.47
1982-03-13	3.38	2.84	3.02	2.78
1982-03-14	0.326	0.0755	0.0184	0
1982-03-15	2	1.91	1.9	1.92
1982-03-16	0	0	0	0
1982-03-17	0.86	0.48	0.754	0.256
1982-03-18	6.44	6.1	6.04	6.04
1982-03-19	0	0	0	0
1982-03-20	1.36	1.34	1.3	1.35
1982-03-21	1.09	1.26	1.18	1.42
1982-03-22	0	0	0	0
1982-03-23	0	0	0	0
1982-03-24	0.844	1.02	0.913	1.09
1982-03-25	0	0	0	0
1982-03-26	0	0	0	0
1982-03-27	0	0	0	0
1982-03-28	0	0	0	0
1982-03-29	0	0	0	0
1982-03-30	0	0	0	0
1982-03-31	0	0	0	0
1982-04-01	0	0	0	0
1982-04-02	0	0	0	0
1982-04-03	0	0	0	0
1982-04-04	0	0	0	0
1982-04-05	0	0	0	0
1982-04-06	0	0	0	0
1982-04-07	9.6	9.54	9.54	9.91
1982-04-08	10.1	9.71	9.82	9.8
1982-04-09	0	0	0	0
1982-04-10	2.07	2.54	2.31	2.65
1982-04-11	0.341	0.256	0.0193	0.00637
1982-04-12	3.58	4.14	3.86	4.31
1982-04-13	0.673	0.404	0.661	0.226
1982-04-14	0	0	0	0
1982-04-15	0	0	0	0
1982-04-16	0	0	0	0
1982-04-17	0	0	0	0
1982-04-18	0	0	0	0
1982-04-19	1.12	1.26	1.2	1.26
1982-04-20	0.272	0.791	0.659	0.943
1982-04-21	0	0	0	0
1982-04-22	0	0	0	0
1982-04-23	0	0	0	0
1982-04-24	0.735	0.996	0.793	0.936
1982-04-25	0	0	0	0
1982-04-26	0	0	0	0
1982-04-27	0	0.0447	0	0
1982-04-28	0.945	0.691	0.945	0.89
1982-04-29	1.57	1.14	0.986	0.87
1982-04-30	0	0.224	0	0.435
1982-05-01	5.92	5.94	6.04	6.05
1982-05-02	2.45	3.67	3.29	4.09
1982-05-03	2.23	2.16	2.38	2.25
1982-05-04	1.81	1.93	1.83	1.73
1982-05-05	0	0	0	0
1982-05-06	4.45	4.96	5.04	5.22
1982-05-07	0	0	0	0
1982-05-08	5.56	5.12	5.57	4.91
1982-05-09	3.24	3.93	3.96	4.5
1982-05-10	6.22	5.4	5.51	4.83
1982-05-11	3.26	2.69	2.63	2.31
1982-05-12	0	0	0	0
1982-05-13	0	0	0	0
1982-05-14	0	0	0	0
1982-05-15	0	0	0	0
1982-05-16	0	0	0	0
1982-05-17	0	0	0	0
1982-05-18	0	0	0	0
1982-05-19	0	0	0	0
1982-05-20	0	0	0	0
1982-05-21	0	0	0	0
1982-05-22	0	0	0	0
1982-05-23	0	0	0	0
1982-05-24	3.25	3.15	3.21	2.88
1982-05-25	0	0	0	0
1982-05-26	0	0	0	0
1982-05-27	0	0	0	0
1982-05-28	16.5	18.4	18	18.1
1982-05-29	0	0	0	0
1982-05-30	0	0	0	0
1982-05-31	0	0	0	0
1982-06-01	0	0	0	0
1982-06-02	0	0	0	0
1982-06-03	0	0	0	0
1982-06-04	0	0	0	0
1982-06-05	2.8	2.01	2.11	1.69
1982-06-06	0	0	0	0
1982-06-07	0	0	0	0
1982-06-08	2.04	2.02	1.9	1.69
1982-06-09	3.11	1.78	2.18	1.55
1982-06-10	0	0	0	0
1982-06-11	0	0	0	0
1982-06-12	1.71	1.37	1.4	0.583
1982-06-13	0	0.00917	0	0.0011
1982-06-14	0	0.00905	0	0.00108
1982-06-15	0	0	0	0
1982-06-16	0	0	0	0
1982-06-17	0	0	0	0
1982-06-18	0	0	0	0
1982-06-19	0	0	0	0
1982-06-20	2.01	1.36	1.77	1.28
1982-06-21	0	0	0	0
1982-06-22	0	0	0	0
1982-06-23	4.45	5.4	4.91	5.11
1982-06-24	2.51	1.54	2.13	1.55
1982-06-25	1.98	1.7	1.55	1.29
1982-06-26	0	0.283	0	0.0166
1982-06-27	0.599	0.451	0.034	0.0122
1982-06-28	0	0	0	0
1982-06-29	0	0	0	0
1982-06-30	3.03	2.12	2.53	1.98
1982-07-01	6.62	5.71	6.14	6.16
1982-07-02	5.63	3.63	3.43	2.52
1982-07-03	9.15	10.9	11.2	12.4
1982-07-04	7.75	9.23	8.77	8.87
1982-07-05	0	0.252	0	0.338
1982-07-06	0	0	0	0
1982-07-07	0.492	1.36	1.19	1.95
1982-07-08	0.223	0.057	0.0126	0
1982-07-09	0	0	0	0
1982-07-10	0	0	0	0
1982-07-11	0	0	0	0
1982-07-12	0	0	0	0
1982-07-13	0	0	0	0
1982-07-14	0	0	0	0
1982-07-15	0	0	0	0
1982-07-16	0	0	0	0.078
1982-07-17	3.1	1.87	1.78	0.84
1982-07-18	0	0	0	0
1982-07-19	0.406	0.655	0.584	0.687
1982-07-20	0.596	0.667	0.649	0.536
1982-07-21	0	0	0	0
1982-07-22	1.1	0.986	1.35	0.983
1982-07-23	0	0.0426	0	0
1982-07-24	0	0	0	0
1982-07-25	2.78	4.53	3.83	4.38
1982-07-26	3.54	2.88	3.56	3.03
1982-07-27	0	0	0	0
1982-07-28	0	0	0	0
1982-07-29	0	0	0	0
1982-07-30	0	0	0	0
1982-07-31	0	0	0	0
1982-08-01	0	0	0	0
1982-08-02	0	0	0	0
1982-08-03	0	0	0	0
1982-08-04	0	0.341	0	1.63
1982-08-05	3.63	2.94	3.23	1.13
1982-08-06	10.8	9.35	10.9	9.74
1982-08-07	0	0	0	0
1982-08-08	0	0.926	0	1.81
1982-08-09	5.41	5.91	5.54	6.18
1982-08-10	1.06	2.51	2.55	3.13
1982-08-11	0	0	0	0
1982-08-12	0	0	0	0
1982-08-13	0	0	0	0
1982-08-14	22.6	20.7	22.9	20.7
1982-08-15	9.9	8.75	9.49	8.18
1982-08-16	0	0	0	0
1982-08-17	0	0	0	0
1982-08-18	11.2	11.1	11.1	13.7
1982-08-19	13.3	14.6	14.8	14.8
1982-08-20	0	0	0	0
1982-08-21	0	0	0	0
1982-08-22	1.03	0.662	0.0584	0.0253
1982-08-23	3.29	2.97	3.23	3.32
1982-08-24	10.3	10.5	10.7	9.52
1982-08-25	3.33	2.86	3.16	2.67
1982-08-26	0	0	0	0
1982-08-27	3.87	2.06	3.13	1.05
1982-08-28	0	0	0	0
1982-08-29	3.47	2.68	3.51	3.32
1982-08-30	2.5	1.76	2.72	0.936
1982-08-31	6.67	8.03	7.89	8.77
1982-09-01	8.1	7.43	7.55	7.33
1982-09-02	0	0.444	0	0.902
1982-09-03	1.48	1.21	1.24	0.53
1982-09-04	0	0	0	0
1982-09-05	0	0	0	0
1982-09-06	0	0	0	0
1982-09-07	2.3	2.63	2.62	3.39
1982-09-08	8.43	8.29	8.12	8.35
1982-09-09	0	0	0	0
1982-09-10	0	0	0	0
1982-09-11	3.37	4.51	3.57	4.44
1982-09-12	0	0	0	0
1982-09-13	0	0	0	0.0958
1982-09-14	1.93	2.14	2	2.39
1982-09-15	0.501	1.42	1.21	1.4
1982-09-16	0	0	0	0
1982-09-17	0	0	0	0
1982-09-18	0	0	0	0
1982-09-19	2.29	1.68	2.28	2.24
1982-09-20	3.88	3.82	3.76	3.99
1982-09-21	7.72	7.83	7.6	8.64
1982-09-22	7.29	9.59	8.29	10.4
1982-09-23	0	0	0	0
1982-09-24	0	0.281	0	0.0126
1982-09-25	1.55	1.03	1.42	1.11
1982-09-26	0	0	0	0
1982-09-27	2.15	2.53	2.4	3.1
1982-09-28	0	0	0	0
1982-09-29	0	0	0	0
1982-09-30	0	0	0	0
1982-10-01	1.63	1.43	1.59	1.47
1982-10-02	0	0	0	0
1982-10-03	0	0	0	0
1982-10-04	0	0	0	0
1982-10-05	0	0	0	0
1982-10-06	0	0	0	0
1982-10-07	0.98	0.935	0.974	0.874
1982-10-08	1.2	1.03	1.09	0.966
1982-10-09	2.13	1.82	2.09	1.8
1982-10-10	0	0	0	0
1982-10-11	0	0	0	0
1982-10-12	0	0	0	0
1982-10-13	2.13	1.95	2.11	1.91
1982-10-14	2.93	2.63	2.82	2.52
1982-10-15	0.66	0.669	0.672	0.635
1982-10-16	0	0	0	0
1982-10-17	0.125	0.146	0.302	0.107
1982-10-18	0	0	0	0
1982-10-19	0	0	0	0
1982-10-20	12.3	12.1	12.3	12.3
1982-10-21	0	0	0	0
1982-10-22	3.76	3.58	3.73	3.95
1982-10-23	3.63	3.13	3.17	2.65
1982-10-24	0	0	0	0
1982-10-25	0	0	0	0
1982-10-26	0	0	0	0
1982-10-27	4.21	4.81	4.72	4.8
1982-10-28	0	0	0	0
1982-10-29	0	0	0	0
1982-10-30	0	0	0	0
1982-10-31	0	0	0	0
1982-11-01	2.1	2.38	2.15	2.45
1982-11-02	0	0.219	0	0.00854
1982-11-03	0	0	0	0
1982-11-04	0.395	0.993	0.956	1.17
1982-11-05	0	0	0	0
1982-11-06	0	0	0	0
1982-11-07	0	0	0	0
1982-11-08	0	0	0	0
1982-11-09	0.731	0.17	0.0414	0
1982-11-10	0	0	0	0
1982-11-11	2.56	3.12	2.9	3.02
1982-11-12	0	0	0	0
1982-11-13	10.1	11.4	10.9	11.8
1982-11-14	0	0	0	0
1982-11-15	0	0	0	0
1982-11-16	4.32	4.48	4.41	4.55
1982-11-17	0	0	0	0
1982-11-18	0	0	0	0
1982-11-19	2.7	2.5	2.64	2.63
1982-11-20	0	0	0	0
1982-11-21	0.946	0.899	0.996	1.07
1982-11-22	3.71	3.95	3.86	4.08
1982-11-23	0.681	0.596	0.711	0.762
1982-11-24	4.92	4.98	5.15	5.3
1982-11-25	8.33	7.8	8.38	8.11
1982-11-26	3.21	3.44	3.38	3.33
1982-11-27	0.875	1.08	0.888	1.11
1982-11-28	18.1	16.7	17.5	16.3
1982-11-29	1.02	1.06	1	0.95
1982-11-30	0	0	0	0
1982-12-01	0	0	0	0
1982-12-02	0	0	0	0
1982-12-03	0	0	0	0
1982-12-04	0	0	0	0
1982-12-05	3.29	3.77	3.53	3.79
1982-12-06	2.42	2.75	2.61	2.71
1982-12-07	0	0	0	0
1982-12-08	0	0	0	0
1982-12-09	3.86	3.71	3.78	3.68
1982-12-10	9.21	8.18	8.77	7.94
1982-12-11	8.84	7.25	8.31	7.12
1982-12-12	0.643	0.647	0.645	0.591
1982-12-13	0	0	0	0
1982-12-14	0	0	0	0
1982-12-15	10.5	10.5	10.3	9.92
1982-12-16	0.885	1.28	1.06	1.19
1982-12-17	0	0	0	0
1982-12-18	0	0	0	0
1982-12-19	0.194	0.137	0.23	0.0798
1982-12-20	5.34	5.43	5.34	5.35
1982-12-21	2.55	2.29	2.43	2.13
1982-12-22	2.06	2.31	2.2	2.38
1982-12-23	1.92	1.89	1.84	1.89
1982-12-24	1.36	1.56	1.51	1.66
1982-12-25	0.592	0.701	0.646	0.671
1982-12-26	0	0	0	0
1982-12-27	0	0	0	0
1982-12-28	0	0	0	0
1982-12-29	0	0	0	0
1982-12-30	0	0.11	0	0.00431
1982-12-31	0	0	0	0
1983-01-01	0.858	0.906	0.824	0.889
1983-01-02	1.61	2.05	1.7	1.92
1983-01-03	1.12	1.08	1.03	1.13
1983-01-04	2.5	2.53	2.45	2.7
1983-01-05	5.42	5.16	4.96	5.01
1983-01-06	1.41	2.18	1.54	1.86
1983-01-07	0	0	0	0
1983-01-08	0	0	0	0
1983-01-09	2.03	1.91	1.89	1.7
1983-01-10	0	0.0144	0	0.132
1983-01-11	0	0.422	0	0.0982
1983-01-12	0	0	0	0
1983-01-13	8.67	7.75	7.78	7.45
1983-01-14	0	0	0	0
1983-01-15	0	0	0	0
1983-01-16	0	0	0	0
1983-01-17	0	0	0	0
1983-01-18	2.83	2.46	2.77	2.49
1983-01-19	0	0	0	0
1983-01-20	2.69	2.92	2.71	2.98
1983-01-21	0	0	0	0
1983-01-22	1.46	1.77	1.53	1.8
1983-01-23	2.2	1.88	1.66	1.19
1983-01-24	0	0	0	0
1983-01-25	2.71	2.35	2.55	2.31
1983-01-26	0	0	0	0
1983-01-27	0.874	0.73	0.897	0.893
1983-01-28	0	0	0	0
1983-01-29	0	0	0	0
1983-01-30	6.56	6.62	6.37	6.69
1983-01-31	1.22	1.08	1.08	0.89
1983-02-01	4	4.01	4.13	4.02
1983-02-02	0.294	0.182	0.303	0.104
1983-02-03	0	0	0	0
1983-02-04	0	0	0	0
1983-02-05	1.71	1.55	1.58	1.38
1983-02-06	2.98	2.64	2.8	2.4
1983-02-07	0.123	0.0285	0.00695	0
1983-02-08	0	0	0	0
1983-02-09	0	0	0	0
1983-02-10	0	0.18	0	0.227
1983-02-11	1.22	0.978	1.13	0.939
1983-02-12	0.587	0.6	0.599	0.553
1983-02-13	0.186	0.506	0.45	0.652
1983-02-14	0	0	0	0
1983-02-15	0	0	0	0
1983-02-16	0	0	0	0
1983-02-17	0	0	0	0
1983-02-18	0	0	0	0
1983-02-19	0	0	0	0
1983-02-20	0.093	0.113	0.225	0.0801
1983-02-21	0.658	0.852	0.784	0.877
1983-02-22	0	0	0	0
1983-02-23	0	0	0	0
1983-02-24	0	0	0	0
1983-02-25	0	0	0	0
1983-02-26	0	0	0	0
1983-02-27	0	0	0	0
1983-02-28	0.433	0.416	0.411	0.416
1983-03-01	0	0	0	0
1983-03-02	0	0	0	0
1983-03-03	0	0	0	0
1983-03-04	0	0	0	0
1983-03-05	0	0	0	0
1983-03-06	2.13	2.4	2.27	2.7
1983-03-07	2.84	2.7	2.8	2.84
1983-03-08	3.09	3.29	3.18	3.53
1983-03-09	3.58	3.85	3.82	4.36
1983-03-10	2.52	2.34	2.4	2.39
1983-03-11	0	0	0	0
1983-03-12	0	0	0	0
1983-03-13	0	0	0	0
1983-03-14	0	0	0	0
1983-03-15	0	0	0	0
1983-03-16	0	0	0	0
1983-03-17	0	0.124	0	0.666
1983-03-18	0.358	0.789	0.867	0.322
1983-03-19	0	0	0	0
1983-03-20	0	0	0	0
1983-03-21	11.9	11.8	11.8	12.3
1983-03-22	7.67	6.99	6.95	6.47
1983-03-23	2.54	2.08	2.25	1.82
1983-03-24	0	0	0	0
1983-03-25	6.37	6.34	6.34	6.72
1983-03-26	4.26	4.49	4.3	4.92
1983-03-27	0	0	0	0
1983-03-28	1.18	1.11	1.08	1.06
1983-03-29	0	0	0	0
1983-03-30	2.05	2.01	1.96	2.09
1983-03-31	1.41	1.59	1.52	1.8
1983-04-01	0	0	0	0
1983-04-02	0	0	0	0
1983-04-03	8.22	7.02	7.35	6.5
1983-04-04	4.08	4.44	4.08	4.11
1983-04-05	6.18	5.85	5.97	5.58
1983-04-06	2.97	2.98	3.05	3.03
1983-04-07	13.6	13.2	13.6	13.1
1983-04-08	1.89	1.74	1.66	1.77
1983-04-09	1.01	1.08	1.08	1.19
1983-04-10	0	0	0	0
1983-04-11	0	0	0	0
1983-04-12	1.38	1.33	1.33	1.27
1983-04-13	0	0	0	0
1983-04-14	0	0	0	0
1983-04-15	0	0	0	0
1983-04-16	0	0	0	0
1983-04-17	0.474	0.11	0.0269	0
1983-04-18	7.56	7.31	7.09	6.74
1983-04-19	0	0	0	0
1983-04-20	0	0	0	0
1983-04-21	0	0	0	0
1983-04-22	0	0	0	0
1983-04-23	23.6	24.3	24.4	24.7
1983-04-24	2.36	3.84	3.18	3.76
1983-04-25	0	0	0	0
1983-04-26	0.432	1.19	1.04	1.41
1983-04-27	0	0	0	0
1983-04-28	0	0	0	0
1983-04-29	0	0	0	0
1983-04-30	1.77	1.51	1.62	1.54
1983-05-01	0	0	0	0
1983-05-02	0	0.365	0	1.95
1983-05-03	0	0	0	0
1983-05-04	0	0.0279	0	0.00334
1983-05-05	1.47	0.34	0.0831	0
1983-05-06	0	0	0	0
1983-05-07	0	0	0	0
1983-05-08	0	0	0	0
1983-05-09	0	0	0	0
1983-05-10	0	0	0	0
1983-05-11	2.93	2.87	3.24	1.16
1983-05-12	0	0	0	0
1983-05-13	7.76	7.43	7.89	7.7
1983-05-14	0	0	0	0
1983-05-15	0	0	0	0
1983-05-16	6.02	7.19	6.96	8.26
1983-05-17	16.5	14.7	15.6	13.8
1983-05-18	3.46	3.79	3.98	4.19
1983-05-19	4.52	4.89	5.14	5.01
1983-05-20	5.86	7.98	7.59	9.07
1983-05-21	0	0	0	0
1983-05-22	9.84	8.73	9.4	8.01
1983-05-23	0	0	0	0
1983-05-24	0	0	0	0
1983-05-25	0	0	0	0
1983-05-26	0	0	0	0
1983-05-27	1.28	2.69	3.1	3.48
1983-05-28	7.99	9.56	9.55	9.92
1983-05-29	5.16	5.34	4.51	4.62
1983-05-30	3.39	3.25	3.41	3.89
1983-05-31	15.5	14.5	14.3	12.8
1983-06-01	0.513	1.51	1.24	1.8
1983-06-02	1.16	1.37	1.21	1.65
1983-06-03	2.3	2.53	2.3	2.73
1983-06-04	0	0.185	0	1.02
1983-06-05	0	0	0	0
1983-06-06	0	0	0	0
1983-06-07	0	0	0	0
1983-06-08	0	0	0	0
1983-06-09	1.19	1.72	1.49	1.82
1983-06-10	0	0	0	0
1983-06-11	0	0	0	0
1983-06-12	0	0	0	0
1983-06-13	0	0	0	0
1983-06-14	1.53	1.13	1.51	1.59
1983-06-15	2.08	1.37	1.23	0.418
1983-06-16	0	0	0	0
1983-06-17	0	0	0	0
1983-06-18	0	0	0	0
1983-06-19	0	0	0	0
1983-06-20	0	0	0	0
1983-06-21	0	0	0	0
1983-06-22	0	0	0	0
1983-06-23	0	0	0	0
1983-06-24	6.58	6.4	6.57	7.1
1983-06-25	0.872	0.202	0.0494	0
1983-06-26	0	0.683	0	0.213
1983-06-27	1.73	2.28	1.96	2.77
1983-06-28	7.83	8.58	7.54	9.69
1983-06-29	5.7	8.14	6.68	9.14
1983-06-30	2.51	2.64	2.31	2.51
1983-07-01	5.43	4.62	5.1	3.97
1983-07-02	3.69	4.33	4.3	4.61
1983-07-03	7.48	6.34	6.02	5.44
1983-07-04	7.61	6.76	7.09	6.12
1983-07-05	0	0	0	0
1983-07-06	0	0	0	0
1983-07-07	0	0	0	0
1983-07-08	0	0	0	0
1983-07-09	0	0	0	0
1983-07-10	0	0	0	0
1983-07-11	3.17	3.29	3.37	3.54
1983-07-12	2.79	1.92	2.5	2.6
1983-07-13	0	0	0	0
1983-07-14	0	0	0	0
1983-07-15	0	0.533	0	0.0243
1983-07-16	3.95	3.59	3.84	3.4
1983-07-17	0	0	0	0
1983-07-18	3.58	3.1	3.25	2.62
1983-07-19	2.8	2.85	2.74	2.67
1983-07-20	0	0	0	0
1983-07-21	0	0	0	0
1983-07-22	0	0	0	0
1983-07-23	0	0	0	0
1983-07-24	0	0	0	0
1983-07-25	0	0	0	0
1983-07-26	0	0	0	0
1983-07-27	2.84	2.56	2.69	2.11
1983-07-28	5.96	5.19	5.53	4.67
1983-07-29	3.93	3.01	3.88	3.37
1983-07-30	0	0	0	0
1983-07-31	0	0	0	0
1983-08-01	2.46	2.7	2.45	2.57
1983-08-02	2.63	2.38	2.37	1.97
1983-08-03	0	0	0	0
1983-08-04	0	0	0	0
1983-08-05	0	0	0	0
1983-08-06	0	0	0	0
1983-08-07	0	0	0	0
1983-08-08	0	0	0	0
1983-08-09	0	0	0	0
1983-08-10	0	0	0	0
1983-08-11	1.18	1.46	1.19	1.4
1983-08-12	0	0	0	0
1983-08-13	0	0	0	0
1983-08-14	0	0.00611	0	0
1983-08-15	1.36	1.82	1.3	1.41
1983-08-16	4.57	5.32	4.19	4.39
1983-08-17	0.402	0.637	0.455	0.554
1983-08-18	0	0	0	0
1983-08-19	0	0	0	0
1983-08-20	0	0	0	0
1983-08-21	0	0	0	0
1983-08-22	0	0.146	0	0.00725
1983-08-23	0.572	0.602	0.583	0.623
1983-08-24	0	0	0	0
1983-08-25	3.33	3.2	3.53	3.34
1983-08-26	0	0	0	0
1983-08-27	0	0	0	0
1983-08-28	0	0	0	0
1983-08-29	0.179	0.0416	0.0101	0.0401
1983-08-30	0	0	0	0
1983-08-31	0	0	0	0
1983-09-01	0	0	0	0
1983-09-02	2.37	1.49	1.91	1.46
1983-09-03	3.21	3.61	3.38	3.7
1983-09-04	0	0	0	0
1983-09-05	5.72	7.41	6.43	7.33
1983-09-06	7.81	7.82	7.17	6.97
1983-09-07	9.29	6.09	5.85	5.17
1983-09-08	8.71	8.08	7.6	6.37
1983-09-09	7.05	6.72	6.6	5.98
1983-09-10	1.35	1.79	1.7	2.11
1983-09-11	22.1	22.5	23.4	23.5
1983-09-12	8.17	7.34	7.19	6.56
1983-09-13	12.6	14.3	12.9	14.6
1983-09-14	0.954	1.48	1.4	1.66
1983-09-15	1.61	2.01	2.05	2.74
1983-09-16	17.5	15.9	16.5	15
1983-09-17	36.3	36.1	35.9	34.2
1983-09-18	3.59	4.92	4.63	6.26
1983-09-19	0	0	0	0
1983-09-20	0	0	0	0
1983-09-21	0	0	0	0
1983-09-22	0	0	0	0
1983-09-23	0	0	0	0
1983-09-24	16.3	16.6	16.7	17.6
1983-09-25	0.622	0.726	0.704	0.573
1983-09-26	0	0	0	0
1983-09-27	0	0	0	0
1983-09-28	0	0.186	0	0.0102
1983-09-29	0	0	0	0
1983-09-30	0	0	0	0
1983-10-01	0	0	0	0
1983-10-02	0	0	0	0
1983-10-03	1.3	1.47	1.27	1.38
1983-10-04	0	0.288	0	0.103
1983-10-05	5.13	5.95	5.4	5.76
1983-10-06	0	0	0	0
1983-10-07	0	0	0	0
1983-10-08	3.05	2.88	2.84	2.51
1983-10-09	0	0	0	0
1983-10-10	0	0	0	0
1983-10-11	1.62	2.13	1.86	2.1
1983-10-12	0	0	0	0
1983-10-13	2.62	2.86	2.63	2.82
1983-10-14	0	0.333	0	0.0128
1983-10-15	0	0	0	0
1983-10-16	2.39	2.46	2.32	2.36
1983-10-17	1.58	2.36	1.92	2.48
1983-10-18	0	0	0	0
1983-10-19	8.31	9.41	8.15	8.8
1983-10-20	0	0	0	0
1983-10-21	0	0	0	0
1983-10-22	0	0	0	0
1983-10-23	0	0	0	0
1983-10-24	0	0	0	0
1983-10-25	2.48	2.8	2.66	2.99
1983-10-26	0	0	0	0
1983-10-27	1.16	1.4	1.08	1.12
1983-10-28	0	0	0	0
1983-10-29	0	0.0137	0	0.00163
1983-10-30	1.83	1.76	1.75	1.63
1983-10-31	0	0	0	0
1983-11-01	0.81	0.93	0.92	1.08
1983-11-02	0	0	0	0
1983-11-03	0.286	0.233	0.0162	0.00732
1983-11-04	0	0	0	0
1983-11-05	0.708	0.701	0.682	0.794
1983-11-06	0	0	0	0
1983-11-07	0	0	0	0
1983-11-08	0	0	0	0
1983-11-09	0.828	0.608	0.81	0.894
1983-11-10	0	0	0	0
1983-11-11	0	0	0	0
1983-11-12	0	0	0	0
1983-11-13	0	0	0	0
1983-11-14	0.953	1.03	1.02	1.29
1983-11-15	0	0.272	0	0.449
1983-11-16	0	0	0	0
1983-11-17	0	0	0	0
1983-11-18	0	0	0	0
1983-11-19	2.12	1.94	2.01	2.03
1983-11-20	2.07	2.22	1.86	1.94
1983-11-21	0.18	0.284	0.436	0.481
1983-11-22	0	0	0	0
1983-11-23	0	0	0	0
1983-11-24	0	0.00928	0	0.0741
1983-11-25	0.55	0.589	0.527	0.191
1983-11-26	1.87	1.65	1.59	1.63
1983-11-27	0	0	0	0
1983-11-28	0	0	0	0
1983-11-29	0	0	0	0
1983-11-30	0	0	0	0
1983-12-01	0	0	0	0
1983-12-02	2.03	1.85	1.84	1.66
1983-12-03	0	0	0	0
1983-12-04	3.09	3.14	3.36	3.28
1983-12-05	2.76	2.77	2.68	2.72
1983-12-06	0	0	0	0
1983-12-07	0	0	0	0
1983-12-08	4.62	5.47	5.19	5.77
1983-12-09	2.23	2.27	2.38	2.46
1983-12-10	0	0	0	0
1983-12-11	0	0	0	0
1983-12-12	0	0	0	0
1983-12-13	0	0	0	0
1983-12-14	0	0	0	0
1983-12-15	0	0	0	0
1983-12-16	0	0	0	0
1983-12-17	2.24	2.14	2.23	2.18
1983-12-18	0	0	0	0
1983-12-19	1.86	1.66	1.92	1.82
1983-12-20	4.59	4.28	4.66	4.4
1983-12-21	2.04	2.24	2.24	2.52
1983-12-22	2.86	2.95	2.94	3.1
1983-12-23	3.66	3.54	3.72	3.71
1983-12-24	4.26	5.36	4.68	5.14
1983-12-25	0	0	0	0
1983-12-26	5.38	5.4	5.67	5.82
1983-12-27	2.18	2.34	2.47	2.56
1983-12-28	0	0	0	0
1983-12-29	0	0	0	0
1983-12-30	14.6	15.3	15.5	16.3
1983-12-31	0	0.656	0	1.19
1984-01-01	2.28	2.35	2.12	2.26
1984-01-02	0	0	0	0
1984-01-03	5.52	5.68	5.42	5.42
1984-01-04	0	0	0	0
1984-01-05	0	0	0	0
1984-01-06	1.01	0.924	0.948	0.838
1984-01-07	0.628	0.589	0.585	0.568
1984-01-08	0.76	0.574	0.758	0.649
1984-01-09	0	0	0	0
1984-01-10	1.18	1.16	1.16	1.21
1984-01-11	0	0	0	0
1984-01-12	3.93	3.91	3.9	3.85
1984-01-13	6.23	6.6	6.28	6.4
1984-01-14	1.86	1.94	1.74	1.74
1984-01-15	0	0	0	0
1984-01-16	0	0	0	0
1984-01-17	6.33	5.89	6.17	6.05
1984-01-18	3.91	3.59	3.74	3.49
1984-01-19	0	0	0	0
1984-01-20	0	0	0	0
1984-01-21	0	0	0	0
1984-01-22	0	0	0	0
1984-01-23	0.535	0.471	0.532	0.231
1984-01-24	0	0	0	0
1984-01-25	0	0	0	0
1984-01-26	0.839	0.683	0.722	0.556
1984-01-27	0	0	0	0
1984-01-28	2.35	1.91	2.14	1.82
1984-01-29	2.42	2.1	2.23	1.99
1984-01-30	1.56	1.43	1.51	1.48
1984-01-31	11.4	10	10.6	9.8
1984-02-01	1.27	1.14	1.18	1.07
1984-02-02	1.89	1.74	1.79	1.7
1984-02-03	5.29	4.55	4.87	4.22
1984-02-04	3.81	3.8	3.69	3.61
1984-02-05	5.52	6.25	5.83	6.4
1984-02-06	1.41	1.54	1.49	1.65
1984-02-07	8.78	9.25	8.69	8.53
1984-02-08	0	0	0	0
1984-02-09	0	0	0	0
1984-02-10	0	0	0	0
1984-02-11	0.643	0.78	0.696	0.782
1984-02-12	0	0	0	0
1984-02-13	0	0	0	0
1984-02-14	0	0	0	0
1984-02-15	0	0	0	0
1984-02-16	0	0	0	0
1984-02-17	0	0	0	0
1984-02-18	0	0	0	0
1984-02-19	0	0	0	0
1984-02-20	1.42	1.43	1.42	1.49
1984-02-21	1.85	1.84	1.84	1.86
1984-02-22	1.42	1.26	1.35	1.17
1984-02-23	1.19	1	1.09	0.88
1984-02-24	0	0	0	0
1984-02-25	0.827	1.05	0.895	0.987
1984-02-26	0	0	0	0
1984-02-27	0	0	0	0
1984-02-28	0	0	0	0
1984-02-29	0	0	0	0
1984-03-01	0	0	0	0
1984-03-02	0	0	0	0
1984-03-03	0.809	0.695	0.73	0.645
1984-03-04	0	0	0	0
1984-03-05	0	0	0	0
1984-03-06	1.77	2.03	1.95	1.94
1984-03-07	0.543	0.962	0.819	1.14
1984-03-08	0	0	0	0
1984-03-09	0.719	1.21	0.971	1.28
1984-03-10	2.69	2.42	2.56	2.29
1984-03-11	1.63	1.56	1.66	1.65
1984-03-12	0	0	0	0
1984-03-13	0	0	0	0
1984-03-14	0	0	0	0
1984-03-15	0	0	0	0
1984-03-16	0	0	0	0
1984-03-17	0	0.0813	0	0.00482
1984-03-18	0	0	0	0
1984-03-19	0	0	0	0
1984-03-20	0	0	0	0
1984-03-21	0	0	0	0
1984-03-22	1.02	1.26	1.13	1.26
1984-03-23	0	0	0	0
1984-03-24	0	0	0	0
1984-03-25	0.937	0.893	0.896	0.875
1984-03-26	0	0	0	0
1984-03-27	0.978	0.867	0.904	0.794
1984-03-28	0	0	0	0
1984-03-29	11.9	12	11.9	12.1
1984-03-30	2.12	2.35	2.1	2.2
1984-03-31	0	0	0	0
1984-04-01	0	0	0	0
1984-04-02	0	0	0	0
1984-04-03	0	0	0	0
1984-04-04	1.01	0.862	0.88	0.82
1984-04-05	1.8	2.02	1.74	2.07
1984-04-06	0	0	0	0
1984-04-07	0	0	0	0
1984-04-08	0	0	0	0
1984-04-09	0	0	0	0
1984-04-10	0	0	0	0
1984-04-11	0	0	0	0
1984-04-12	1.89	1.87	1.74	1.83
1984-04-13	0	0	0	0
1984-04-14	0	0	0	0
1984-04-15	0	0.0103	0	0.00123
1984-04-16	0	0	0	0
1984-04-17	0	0	0	0
1984-04-18	0	0	0	0
1984-04-19	1.48	1.68	1.5	1.77
1984-04-20	0.987	1.02	0.942	1.03
1984-04-21	0	0	0	0
1984-04-22	0.599	0.69	0.527	0.596
1984-04-23	0	0	0	0
1984-04-24	0	0.141	0	0.0083
1984-04-25	1.48	1.85	1.56	1.83
1984-04-26	0	0	0	0
1984-04-27	0	0	0	0
1984-04-28	0	0	0	0
1984-04-29	0	0	0	0
1984-04-30	0	0	0	0
1984-05-01	0	0	0	0
1984-05-02	0	0	0	0
1984-05-03	2.09	2.51	2.39	2.94
1984-05-04	0	0	0	0
1984-05-05	1.55	2.37	2.08	2.52
1984-05-06	0	0	0	0
1984-05-07	0.607	1.38	1.47	1.57
1984-05-08	0	0	0	0
1984-05-09	1.79	1.49	1.77	1.38
1984-05-10	0	0	0	0
1984-05-11	0	0	0	0
1984-05-12	0	0	0	0
1984-05-13	0	0	0	0
1984-05-14	0	0	0	0
1984-05-15	0	0.0206	0	0.104
1984-05-16	4.69	4.6	4.8	4.83
1984-05-17	1.89	1.43	1.93	0.673
1984-05-18	0	0.84	0	1.54
1984-05-19	0	0	0	0
1984-05-20	1.65	0.554	0.0937	0
1984-05-21	0	0	0	0
1984-05-22	0	0	0	0
1984-05-23	0	0	0	0
1984-05-24	0	0	0	0
1984-05-25	3.05	3.45	3.52	3.98
1984-05-26	10.7	11.6	11.2	11.9
1984-05-27	8.34	7.35	9.16	7.91
1984-05-28	3.81	2.88	3.71	3.97
1984-05-29	0	0	0	0
1984-05-30	0	0	0	0
1984-05-31	0	0	0	0
1984-06-01	0	0	0	0
1984-06-02	0	0	0	0
1984-06-03	4.43	5.29	5.43	7.36
1984-06-04	0	0	0	0
1984-06-05	0.985	3.38	2.38	3.19
1984-06-06	0	0	0	0
1984-06-07	0	0	0	0
1984-06-08	0	1.41	0	2.23
1984-06-09	0	0	0	0
1984-06-10	2.84	1.82	3.08	1.06
1984-06-11	0	0	0	0
1984-06-12	0	0	0	0
1984-06-13	5.76	6.74	6.37	6.85
1984-06-14	7.09	7.84	7.83	7.88
1984-06-15	4.37	5.65	5.09	6.32
1984-06-16	0	0	0	0
1984-06-17	0	0	0	0
1984-06-18	0	0	0	0
1984-06-19	1.03	2.55	2.49	2.67
1984-06-20	4.41	2.54	3.2	2.63
1984-06-21	5.65	6.23	6	6.08
1984-06-22	1.24	1.13	0.07	0.0351
1984-06-23	0	0	0	0
1984-06-24	16.1	19	17.8	19.1
1984-06-25	4.11	4.38	3.54	3.87
1984-06-26	0	0	0	0
1984-06-27	4.93	4.65	4.35	4.32
1984-06-28	6.15	9.65	7.57	11.3
1984-06-29	0	0	0	0
1984-06-30	6.76	7.02	7.08	6.08
1984-07-01	1.55	1.94	2.01	1.84
1984-07-02	0	0	0	0
1984-07-03	0	0	0	0
1984-07-04	0	0	0	0
1984-07-05	0.382	0.299	0.0216	0.009
1984-07-06	0	0	0	0
1984-07-07	0	0.277	0	0.0128
1984-07-08	0	0	0	0
1984-07-09	0	0	0	0
1984-07-10	0	0	0	0
1984-07-11	0	0	0	0
1984-07-12	6.12	5.96	6.09	5.7
1984-07-13	9.8	10.8	10.6	10.6
1984-07-14	0.678	0.157	0.0384	0
1984-07-15	3.46	2.28	3.45	1.99
1984-07-16	0	0	0	0
1984-07-17	4.37	4.87	4.23	4.91
1984-07-18	13	11.7	12.7	11.2
1984-07-19	3.84	2.87	3.27	2.24
1984-07-20	0	0	0	0
1984-07-21	0	0	0	0
1984-07-22	0	0	0	0
1984-07-23	0	0	0	0
1984-07-24	0	0	0	0
1984-07-25	0.311	0.525	0.752	0.785
1984-07-26	1.7	2.51	2.42	2.86
1984-07-27	3.79	3.87	3.7	3.68
1984-07-28	0.3	0.601	0.727	0.811
1984-07-29	3.34	2.71	2.63	2.18
1984-07-30	0	0	0	0
1984-07-31	0	0	0	0
1984-08-01	0	0	0	0
1984-08-02	0	0	0	0
1984-08-03	4.55	7.02	5.87	9.13
1984-08-04	4.4	5.26	4.57	5.61
1984-08-05	1.91	2.61	2.02	2.15
1984-08-06	7.21	10.6	8.82	12.5
1984-08-07	0	0	0	0
1984-08-08	0	0	0	0
1984-08-09	0.434	1.44	1.05	1.42
1984-08-10	0.491	0.426	0.0278	0.803
1984-08-11	1.58	2.39	1.89	2.42
1984-08-12	0	0	0	0
1984-08-13	0	0	0	0
1984-08-14	2.94	3.56	3.13	3.93
1984-08-15	4.26	5.61	4.77	5.76
1984-08-16	2.54	2.67	2.89	3.06
1984-08-17	0	0	0	0
1984-08-18	0	0.0122	0	0.00146
1984-08-19	0	0	0	0
1984-08-20	0	0	0	0
1984-08-21	0	0	0	0
1984-08-22	0	0.269	0	0.073
1984-08-23	0	0	0	0
1984-08-24	0	0	0	0
1984-08-25	0	0	0	0
1984-08-26	0	0	0	0
1984-08-27	0	0	0	0
1984-08-28	0	0	0	0
1984-08-29	1.19	1.34	1.39	1.55
1984-08-30	0	0.0153	0	0.00183
1984-08-31	7.67	9.08	8.47	10.5
1984-09-01	1.59	1.61	1.55	1.35
1984-09-02	0	0	0	0
1984-09-03	8.48	8.15	8.27	7.56
1984-09-04	31.2	28	28.5	27
1984-09-05	0	0	0	0
1984-09-06	0	0	0	0
1984-09-07	0	0	0	0
1984-09-08	0	0	0	0
1984-09-09	2.05	1.83	1.64	1.62
1984-09-10	4.39	2.92	2.8	2.11
1984-09-11	3.13	2.39	2.21	0.765
1984-09-12	2.75	3.52	3.33	4.07
1984-09-13	13.6	13.4	13	12.3
1984-09-14	0	0	0	0
1984-09-15	0.531	0.623	1.29	0.455
1984-09-16	0	0	0	0
1984-09-17	0	0	0	0
1984-09-18	2.33	2.25	2.29	2.24
1984-09-19	6.68	5.63	6.09	5.19
1984-09-20	10.1	8.06	9.18	8.31
1984-09-21	0	0.206	0	1.07
1984-09-22	11.9	10.5	11.4	11
1984-09-23	21.7	17.2	18.5	16.3
1984-09-24	8.08	7.84	7.72	7.55
1984-09-25	12.4	11.2	11.9	10.6
1984-09-26	1.94	2.27	2.16	2.47
1984-09-27	0	0	0	0
1984-09-28	0.944	0.219	0.0535	0
1984-09-29	0	0	0	0
1984-09-30	0	0	0	0
1984-10-01	0	0	0	0
1984-10-02	10.6	9.47	9.8	9.6
1984-10-03	6.94	7.4	7.52	8.78
1984-10-04	6.26	6.16	6.5	7.05
1984-10-05	6.29	5.8	5.84	5.72
1984-10-06	19.2	16.8	17	15.5
1984-10-07	3.61	3.64	3.46	3.47
1984-10-08	0	0	0	0
1984-10-09	5.47	5.08	5.05	4.85
1984-10-10	0	0	0	0
1984-10-11	0	0	0	0
1984-10-12	1.13	0.845	0.0639	0.282
1984-10-13	0	0	0	0
1984-10-14	5.35	4.79	4.84	4.7
1984-10-15	0	0	0	0
1984-10-16	0	0	0	0
1984-10-17	0	0	0	0
1984-10-18	0	0	0	0
1984-10-19	6.27	6.2	6.25	6.21
1984-10-20	9.24	9.37	9.22	9.73
1984-10-21	4.41	5.26	4.8	5.54
1984-10-22	0	0	0	0
1984-10-23	0	0	0	0
1984-10-24	3.64	3.92	3.61	3.78
1984-10-25	8.9	7.75	8.08	7.74
1984-10-26	18.3	17.1	17.3	16.6
1984-10-27	2.99	2.23	2.67	2.47
1984-10-28	0	0	0	0
1984-10-29	0	0	0	0
1984-10-30	7.32	7.01	6.79	6.64
1984-10-31	0	0	0	0
1984-11-01	0	0	0	0
1984-11-02	0	0	0	0
1984-11-03	0	0	0	0
1984-11-04	1.73	2.06	1.86	1.83
1984-11-05	2.41	2.31	2.55	2.17
1984-11-06	0	0	0	0
1984-11-07	0	0	0	0
1984-11-08	2.37	2.66	2.5	2.55
1984-11-09	1.34	1.25	1.39	1.32
1984-11-10	0	0	0	0
1984-11-11	0	0	0	0
1984-11-12	0	0	0	0
1984-11-13	0	0	0	0
1984-11-14	0	0	0	0
1984-11-15	0	0	0	0
1984-11-16	0	0	0	0
1984-11-17	0	0	0	0
1984-11-18	0	0	0	0
1984-11-19	0.406	0.228	0.36	0.122
1984-11-20	1.64	1.19	1.4	1.02
1984-11-21	0.628	0.485	0.55	0.399
1984-11-22	5.37	4.36	4.61	3.92
1984-11-23	15.4	13.9	14.7	13.3
1984-11-24	6.29	5.81	5.83	5.14
1984-11-25	1.18	1.13	1.17	1.14
1984-11-26	4.03	3.72	3.85	3.46
1984-11-27	2.19	2.39	2.35	2.43
1984-11-28	10.8	9.98	9.98	8.77
1984-11-29	0	0.0605	0	0.00244
1984-11-30	0	0	0	0
1984-12-01	0.477	0.587	0.553	0.673
1984-12-02	0.46	0.602	0.565	0.662
1984-12-03	0	0	0	0
1984-12-04	0	0	0	0
1984-12-05	0.332	0.204	0.339	0.116
1984-12-06	11.4	12	12.2	12.6
1984-12-07	1.83	1.86	1.83	1.74
1984-12-08	0	0	0	0
1984-12-09	0	0	0	0
1984-12-10	0	0.0053	0	0
1984-12-11	0	0	0	0
1984-12-12	0	0	0	0
1984-12-13	0	0.152	0	0.281
1984-12-14	0	0	0	0
1984-12-15	0	0	0	0
1984-12-16	2.3	2.25	2.4	2.31
1984-12-17	7.78	7.31	8.03	7.36
1984-12-18	4.84	4.39	4.69	4.2
1984-12-19	6.02	6.28	6.25	6.18
1984-12-20	5.61	5.5	5.78	5.56
1984-12-21	0.867	0.635	0.854	0.65
1984-12-22	0	0	0	0
1984-12-23	5.56	5.71	6.12	6.3
1984-12-24	0	0	0	0
1984-12-25	0	0.0274	0	0
1984-12-26	0.163	0.388	0.394	0.573
1984-12-27	0	0	0	0
1984-12-28	0.423	0.249	0.402	0.137
1984-12-29	0	0	0	0
1984-12-30	0	0.091	0	0.0442
1984-12-31	0.397	0.477	0.477	0.553
1985-01-01	0.396	0.367	0.358	0.326
1985-01-02	0.504	0.335	0.38	0.313
1985-01-03	0.313	0.163	0.245	0.0822
1985-01-04	0.184	0.0428	0.0104	0
1985-01-05	0.634	0.657	0.615	0.626
1985-01-06	0.308	0.162	0.245	0.0823
1985-01-07	0	0	0	0
1985-01-08	0	0	0	0
1985-01-09	0.423	0.38	0.38	0.339
1985-01-10	0	0	0	0
1985-01-11	0	0.0632	0	0.0882
1985-01-12	0	0.00198	0	0
1985-01-13	0	0	0	0
1985-01-14	0	0.0496	0	0.0821
1985-01-15	0	0	0	0
1985-01-16	0	0	0	0
1985-01-17	0	0	0	0
1985-01-18	3.19	2.8	2.81	2.53
1985-01-19	0.666	0.658	0.686	0.748
1985-01-20	3.44	3	3.12	3
1985-01-21	9.88	8.7	8.96	8.67
1985-01-22	12.2	10.9	10.6	9.7
1985-01-23	12.5	11.2	11.3	10.7
1985-01-24	1.45	1.14	1.23	1.04
1985-01-25	0.27	0.171	0.221	0.155
1985-01-26	0	0	0	0
1985-01-27	0	0	0	0
1985-01-28	0.794	0.781	0.79	0.811
1985-01-29	1.5	1.42	1.34	1.27
1985-01-30	0	0	0	0
1985-01-31	10.4	9.01	9.21	8.86
1985-02-01	11.5	10.8	10.9	10.7
1985-02-02	0	0	0	0
1985-02-03	0	0	0	0
1985-02-04	0.679	0.931	0.835	1.14
1985-02-05	6.96	6.85	6.92	7.2
1985-02-06	2.26	2.17	2.21	2.13
1985-02-07	0	0	0	0
1985-02-08	0.401	0.383	0.4	0.427
1985-02-09	0	0	0	0
1985-02-10	0.685	0.717	0.674	0.7
1985-02-11	0	0.0385	0	0
1985-02-12	1.35	1.61	1.5	1.75
1985-02-13	2.42	2.4	2.37	2.33
1985-02-14	0	0	0	0
1985-02-15	0	0	0	0
1985-02-16	2.22	2.58	2.43	2.89
1985-02-17	0	0	0	0
1985-02-18	0	0	0	0
1985-02-19	0	0	0	0
1985-02-20	2.85	3.13	2.99	3.37
1985-02-21	0	0	0	0.0378
1985-02-22	0	0	0	0
1985-02-23	1.54	2	1.78	2.29
1985-02-24	3.62	3.47	3.4	3.3
1985-02-25	0	0	0	0
1985-02-26	0	0	0	0
1985-02-27	0	0	0	0
1985-02-28	3.26	3.3	3.23	3.31
1985-03-01	4.07	3.71	3.97	3.62
1985-03-02	5.18	4.37	4.73	3.97
1985-03-03	2.33	2.29	2.34	2.29
1985-03-04	0	0.0111	0	0.00133
1985-03-05	1.73	1.62	1.72	1.7
1985-03-06	0	0	0	0
1985-03-07	0	0	0	0
1985-03-08	0	0	0	0
1985-03-09	0	0	0	0
1985-03-10	3.48	3.58	3.56	3.58
1985-03-11	0	0	0	0
1985-03-12	0	0	0	0
1985-03-13	0	0	0	0
1985-03-14	1.19	1.14	1.24	1.21
1985-03-15	5.13	4.83	5.11	5.13
1985-03-16	1.25	1.05	1.21	1.13
1985-03-17	0	0	0	0
1985-03-18	0	0	0	0
1985-03-19	0	0	0	0
1985-03-20	0	0	0	0
1985-03-21	1.77	1.57	1.74	1.59
1985-03-22	8.66	7.74	8.21	7.55
1985-03-23	0.49	1.15	1.19	1.37
1985-03-24	0.458	0.168	0.026	0
1985-03-25	0	0	0	0
1985-03-26	0	0	0	0
1985-03-27	1.12	1.64	1.46	1.82
1985-03-28	10.7	11.5	11.4	12.1
1985-03-29	0	0	0	0
1985-03-30	0	0	0	0
1985-03-31	0	0	0	0
1985-04-01	0	0	0	0
1985-04-02	12.4	11.7	11.9	11.9
1985-04-03	0	0	0	0
1985-04-04	0	0	0	0
1985-04-05	0	0	0	0
1985-04-06	0	0	0	0
1985-04-07	4.37	4.63	4.36	4.72
1985-04-08	2.07	2.07	1.88	1.79
1985-04-09	0	0	0	0
1985-04-10	0	0	0	0
1985-04-11	0	0	0	0
1985-04-12	0	0	0	0
1985-04-13	0	0	0	0
1985-04-14	0	0	0	0.0666
1985-04-15	0	0	0	0
1985-04-16	0	0.0975	0	0.00534
1985-04-17	1.55	1.68	1.55	1.69
1985-04-18	0	0	0	0
1985-04-19	0	0	0	0
1985-04-20	10.8	9.08	10.3	10
1985-04-21	1.26	0.845	1.08	0.869
1985-04-22	0	0	0	0
1985-04-23	0	0	0	0
1985-04-24	0	0.105	0	0.0063
1985-04-25	0.727	0.72	0.638	0.623
1985-04-26	0.634	0.484	0.59	0.505
1985-04-27	3.69	3.57	3.71	4.02
1985-04-28	2.09	2.14	2.06	2.22
1985-04-29	0	0	0	0
1985-04-30	0.626	0.424	0.578	0.479
1985-05-01	6.71	6.99	7.03	6.97
1985-05-02	11.7	12.3	12.1	12.1
1985-05-03	3.39	3.37	3.45	3.26
1985-05-04	9.44	9.36	9.39	8.95
1985-05-05	2.04	2.91	2.44	2.85
1985-05-06	0	0	0	0
1985-05-07	0	0	0	0
1985-05-08	0	0	0	0
1985-05-09	0	0	0	0
1985-05-10	0	0	0	0
1985-05-11	0	0	0	0
1985-05-12	0	0	0	0
1985-05-13	0	0	0	0
1985-05-14	0	0	0	0
1985-05-15	0	0	0	0
1985-05-16	0	0	0	0
1985-05-17	0	0	0	0
1985-05-18	0	0	0	0
1985-05-19	0	0	0	0
1985-05-20	0	0	0	0
1985-05-21	2.39	2.58	2.43	2.45
1985-05-22	4.21	4.27	3.8	4.29
1985-05-23	2.94	3.79	3.41	4.03
1985-05-24	0	0.367	0	0.0164
1985-05-25	2.19	2.27	2.22	2.35
1985-05-26	0	0	0	0
1985-05-27	0	0	0	0
1985-05-28	0	0	0	0
1985-05-29	9.01	9.02	8.92	8.9
1985-05-30	4.96	5.2	4.95	4.89
1985-05-31	0	0	0	0
1985-06-01	0	0	0	0
1985-06-02	1.7	2.01	1.69	2.24
1985-06-03	0	0	0	0
1985-06-04	2.11	2.42	2.16	2.73
1985-06-05	2.18	2.83	2.55	3.28
1985-06-06	0	0	0	0
1985-06-07	0	0	0	0
1985-06-08	5.71	6.02	5.67	6.68
1985-06-09	11	12.5	11.7	14.3
1985-06-10	1.69	1.83	1.66	2.23
1985-06-11	0	0	0	0
1985-06-12	1.35	0.951	1.34	0.458
1985-06-13	0	0	0	0
1985-06-14	0.761	2.33	1.84	2.82
1985-06-15	0	0.0334	0	0.004
1985-06-16	4.99	5.19	4.33	5.02
1985-06-17	0	0	0	0
1985-06-18	0	0	0	0
1985-06-19	0	0	0	0
1985-06-20	0	0.685	0	0.312
1985-06-21	0	0	0	0
1985-06-22	0	0	0	0
1985-06-23	0	0	0	0
1985-06-24	0.447	0.104	0.0253	0
1985-06-25	0	0.817	0	1.39
1985-06-26	0	0	0	0
1985-06-27	0	0	0	0
1985-06-28	0	0	0	0
1985-06-29	1.79	2.08	1.92	2.39
1985-06-30	0.968	0.961	1.32	1.72
1985-07-01	0	0.8	0	1.26
1985-07-02	0	0	0	0
1985-07-03	0	0	0	0
1985-07-04	2.26	2.02	2.12	1.76
1985-07-05	0	0	0	0
1985-07-06	0.357	0.0829	0.0202	0
1985-07-07	0.617	1.67	1.49	2.35
1985-07-08	0	0	0	0
1985-07-09	0	0	0	0
1985-07-10	0	0	0	0
1985-07-11	0	0	0	0
1985-07-12	0	0	0	0
1985-07-13	2.03	2.5	2.17	2.28
1985-07-14	0	0	0	0
1985-07-15	25.4	25.7	25.4	24.4
1985-07-16	0	0	0	0
1985-07-17	3.74	3.66	3.7	3.42
1985-07-18	0	0	0	0
1985-07-19	6.17	5.78	5.98	5.6
1985-07-20	2.94	2.66	2.5	2.28
1985-07-21	25.7	24.6	25.2	23.8
1985-07-22	3.44	3.13	3.14	3.02
1985-07-23	0.574	0.697	1.39	0.711
1985-07-24	5.06	4.9	4.89	4.55
1985-07-25	0.823	0.314	0.0466	0
1985-07-26	0.448	0.104	0.0254	0
1985-07-27	0	0	0	0
1985-07-28	2.07	3.47	3.14	4.79
1985-07-29	8.65	8.22	9.14	9.57
1985-07-30	15.9	13.6	13.8	12.6
1985-07-31	14.7	10.8	10.7	8.89
1985-08-01	6.55	6.79	7.34	6.53
1985-08-02	0	0	0	0
1985-08-03	1.58	3.68	3.82	4.7
1985-08-04	1.96	1.37	0.111	0.255
1985-08-05	1.64	0.381	0.0929	0
1985-08-06	16.6	16.2	15.8	15.2
1985-08-07	0	0	0	0
1985-08-08	1.19	3.36	2.88	4.45
1985-08-09	0	0	0	0
1985-08-10	7.05	6.28	7.17	5.97
1985-08-11	19.4	18.6	17.3	17.3
1985-08-12	0	0	0	0
1985-08-13	0	0	0	0
1985-08-14	0	0	0	0
1985-08-15	6.43	5.28	5.93	5.31
1985-08-16	0	0	0	0
1985-08-17	0	0	0	0
1985-08-18	0	0	0	0
1985-08-19	0	0	0	0
1985-08-20	3.93	4.4	4.49	4.58
1985-08-21	11.3	11.6	11.6	10.4
1985-08-22	4.11	4.92	4.44	4.1
1985-08-23	3.41	4.65	3.91	4.44
1985-08-24	0	0	0	0
1985-08-25	3.96	4.62	4.41	4.37
1985-08-26	0	0	0	0
1985-08-27	3.93	3.73	4.13	3.2
1985-08-28	0	0	0	0
1985-08-29	0	0	0	0
1985-08-30	0	0	0	0
1985-08-31	7.3	7.47	7.72	7.23
1985-09-01	3.23	3.84	3.67	3.99
1985-09-02	3.58	4.23	3.94	4.98
1985-09-03	3.01	3.4	3.26	3.72
1985-09-04	20.8	22.9	22.6	25.5
1985-09-05	0	0	0	0
1985-09-06	16.6	14	15.1	15.6
1985-09-07	13.3	13.3	13.5	13.5
1985-09-08	2.42	2.68	2.6	2.66
1985-09-09	8.07	8.35	8.49	8.36
1985-09-10	0	0	0	0
1985-09-11	0.147	0.362	0.356	0.444
1985-09-12	0	0	0	0
1985-09-13	0.903	1.07	0.985	1.15
1985-09-14	2.76	2.88	2.87	2.83
1985-09-15	0.459	0.545	0.52	0.599
1985-09-16	1.92	2.28	2.14	2.4
1985-09-17	0	0	0	0
1985-09-18	0	0	0	0
1985-09-19	7.96	8.13	8.19	8.5
1985-09-20	0	0.00806	0	0
1985-09-21	0	0	0	0
1985-09-22	0	0	0	0
1985-09-23	0	0	0	0
1985-09-24	0	0	0	0
1985-09-25	0	0	0	0
1985-09-26	0	0	0	0
1985-09-27	0	0	0	0
1985-09-28	0	0	0	0
1985-09-29	0	0	0	0
1985-09-30	1.98	1.98	1.98	1.76
1985-10-01	2.4	2.85	2.32	2.36
1985-10-02	0	0	0	0
1985-10-03	0	0	0	0
1985-10-04	0	0.798	0	0.991
1985-10-05	0	0	0	0
1985-10-06	0	0	0	0
1985-10-07	1.48	1.66	1.41	1.57
1985-10-08	5.36	4.02	4.46	3.66
1985-10-09	2.01	1.06	1.6	0.537
1985-10-10	3.71	3.81	3.45	3.9
1985-10-11	6.98	6.73	6.16	6.17
1985-10-12	1.82	1.98	1.69	1.71
1985-10-13	2.28	2.66	2.28	2.56
1985-10-14	0	0	0	0
1985-10-15	0	0	0	0
1985-10-16	0	0	0	0
1985-10-17	1.52	1.72	1.61	1.94
1985-10-18	0	0	0	0
1985-10-19	0	0	0	0
1985-10-20	0	0	0	0
1985-10-21	0	0	0	0
1985-10-22	0	0	0	0
1985-10-23	0	0	0	0
1985-10-24	0	0	0	0
1985-10-25	0	0	0	0
1985-10-26	0	0	0	0
1985-10-27	0	0.194	0	0.0115
1985-10-28	0	0	0	0
1985-10-29	1.56	1.55	1.45	1.5
1985-10-30	0	0	0	0
1985-10-31	1.85	1.5	1.55	1.25
1985-11-01	3.22	3.13	3.21	3.25
1985-11-02	15.7	15.2	15.6	15.4
1985-11-03	9.54	10.1	9.85	9.98
1985-11-04	0	0	0	0
1985-11-05	4.17	3.7	3.98	3.59
1985-11-06	9.43	8.58	9.03	8.39
1985-11-07	0	0	0	0
1985-11-08	0	0	0	0
1985-11-09	10.4	9.75	10.1	9.36
1985-11-10	2.96	3.68	3.43	3.79
1985-11-11	2.37	2.47	2.46	2.35
1985-11-12	0.86	0.829	0.868	0.819
1985-11-13	0	0	0	0
1985-11-14	0	0	0	0
1985-11-15	0.838	0.754	0.821	0.668
1985-11-16	1.71	1.38	1.58	1.32
1985-11-17	0	0	0	0
1985-11-18	0	0	0	0
1985-11-19	0	0	0	0
1985-11-20	0	0	0	0
1985-11-21	0	0	0	0
1985-11-22	0	0	0	0
1985-11-23	0	0	0	0
1985-11-24	0	0	0	0
1985-11-25	0.28	0.637	0.678	0.778
1985-11-26	0.327	0.0758	0.0185	0
1985-11-27	0	0	0	0
1985-11-28	2.38	2.08	2.28	2.1
1985-11-29	5.84	4.72	5.33	4.23
1985-11-30	1.59	1.41	1.45	1.2
1985-12-01	0.813	0.929	0.924	1.06
1985-12-02	6.62	7.27	7.3	8.17
1985-12-03	22.3	21.4	21.9	21.2
1985-12-04	4.61	4.87	4.62	4.55
1985-12-05	2.4	2.31	2.39	2.26
1985-12-06	1.38	1.36	1.43	1.46
1985-12-07	0	0	0	0
1985-12-08	0	0	0	0
1985-12-09	0	0	0	0
1985-12-10	0	0	0	0
1985-12-11	0	0	0	0
1985-12-12	0	0	0	0
1985-12-13	4.16	4.41	4.3	4.39
1985-12-14	0	0	0	0
1985-12-15	0	0	0	0
1985-12-16	0.256	0.209	0.251	0.121
1985-12-17	0	0	0	0
1985-12-18	0	0	0	0
1985-12-19	0.836	0.718	0.847	0.797
1985-12-20	0.877	1.1	1.04	1.25
1985-12-21	4.96	4.76	4.52	4.42
1985-12-22	0	0	0	0
1985-12-23	0.604	0.633	0.582	0.579
1985-12-24	2.98	2.63	2.97	3
1985-12-25	9.52	9.7	9.62	9.68
1985-12-26	0	0	0	0
1985-12-27	0	0	0	0
1985-12-28	0	0	0	0
1985-12-29	0	0	0	0
1985-12-30	0.354	0.442	0.392	0.443
1985-12-31	0.365	0.383	0.375	0.385
1986-01-01	0	0	0	0
1986-01-02	0.452	0.927	1.09	1.23
1986-01-03	3.19	3.02	3.12	3.21
1986-01-04	0	0	0	0
1986-01-05	4.11	3.49	3.88	3.9
1986-01-06	0	0	0	0
1986-01-07	0	0	0	0
1986-01-08	0.727	0.169	0.0412	0
1986-01-09	0	0	0	0
1986-01-10	0	0	0	0
1986-01-11	5.48	5.11	5.16	5.25
1986-01-12	5.76	5.29	5.37	5.3
1986-01-13	2.37	2.6	2.38	2.75
1986-01-14	4.84	4.04	4.36	3.98
1986-01-15	0	0	0	0
1986-01-16	0	0	0	0
1986-01-17	0	0	0	0
1986-01-18	1.52	1.44	1.46	1.54
1986-01-19	3.06	2.79	2.76	2.45
1986-01-20	2.63	2.56	2.28	2.09
1986-01-21	3.59	3.6	3.53	3.72
1986-01-22	2.32	2.4	2.37	2.62
1986-01-23	3.94	3.94	3.74	3.87
1986-01-24	2.21	2.48	2.28	2.56
1986-01-25	0	0	0	0
1986-01-26	0	0	0	0
1986-01-27	4.26	3.99	3.94	3.82
1986-01-28	0	0	0	0
1986-01-29	3.21	2.82	2.93	2.88
1986-01-30	0	0	0	0
1986-01-31	2.24	1.86	2	1.75
1986-02-01	1.77	1.44	1.48	1.57
1986-02-02	0.742	0.639	0.649	0.708
1986-02-03	0	0	0	0
1986-02-04	0.306	0.203	0.265	0.266
1986-02-05	0	0	0	0
1986-02-06	0	0	0	0
1986-02-07	0	0	0	0
1986-02-08	0	0.00327	0	0
1986-02-09	0.142	0.0999	0.00803	0.0334
1986-02-10	0	0	0	0
1986-02-11	0	0	0	0
1986-02-12	0	0	0	0
1986-02-13	0	0	0	0
1986-02-14	0	0	0	0
1986-02-15	0	0	0	0
1986-02-16	0	0	0	0
1986-02-17	0	0	0	0
1986-02-18	0.363	0.327	0.317	0.338
1986-02-19	0	0	0	0
1986-02-20	0	0	0	0
1986-02-21	0.553	0.326	0.427	0.324
1986-02-22	0	0	0	0
1986-02-23	1.66	1.46	1.47	1.51
1986-02-24	0	0	0	0
1986-02-25	0	0	0	0
1986-02-26	0	0.0395	0	0.0295
1986-02-27	0.282	0.308	0.294	0.346
1986-02-28	0	0	0	0
1986-03-01	0	0	0	0
1986-03-02	0	0	0	0
1986-03-03	0	0	0	0
1986-03-04	1.27	1.23	1.26	1.24
1986-03-05	5.75	5.56	5.72	5.5
1986-03-06	0.618	0.646	0.614	0.589
1986-03-07	0	0	0	0
1986-03-08	0	0	0	0
1986-03-09	0	0	0	0
1986-03-10	0	0	0	0
1986-03-11	0	0	0	0
1986-03-12	0	0	0	0
1986-03-13	1.31	1.21	1.29	1.23
1986-03-14	0.159	0.209	0.384	0.136
1986-03-15	0	0	0	0
1986-03-16	0	0	0	0
1986-03-17	0	0	0	0
1986-03-18	0.641	0.704	0.676	0.691
1986-03-19	0	0	0	0
1986-03-20	0	0	0	0
1986-03-21	0	0	0	0
1986-03-22	1.68	1.93	1.87	2.09
1986-03-23	8.29	7.53	7.88	7.37
1986-03-24	0	0	0	0
1986-03-25	11.3	10.6	11	10.5
1986-03-26	1.14	1.05	1.02	0.887
1986-03-27	0	0	0	0
1986-03-28	1.21	1.05	1.08	0.967
1986-03-29	0	0	0	0
1986-03-30	2.57	2.7	2.67	2.76
1986-03-31	3.83	3.72	3.72	3.64
1986-04-01	5.71	5.92	5.67	5.67
1986-04-02	2.59	3.08	2.98	3.41
1986-04-03	0	0	0	0
1986-04-04	0	0	0	0
1986-04-05	0	0.399	0	0.0152
1986-04-06	0	0	0	0
1986-04-07	0	0	0	0
1986-04-08	0	0	0	0
1986-04-09	0	0	0	0
1986-04-10	0	0	0	0
1986-04-11	0	0	0	0
1986-04-12	0	0	0	0
1986-04-13	3.49	2.47	3.34	3.24
1986-04-14	0	0	0	0
1986-04-15	0	0	0	0
1986-04-16	0	0	0	0
1986-04-17	10.3	9.36	9.83	9.28
1986-04-18	0	0	0	0
1986-04-19	0	0	0	0
1986-04-20	4.15	3.37	3.86	3.36
1986-04-21	7.31	5.97	6.55	5.47
1986-04-22	0	0	0	0
1986-04-23	0	0	0	0
1986-04-24	2.88	2.55	2.43	2.47
1986-04-25	5.56	5.55	5.62	5.28
1986-04-26	9.27	9.98	9.96	10.3
1986-04-27	0	0	0	0
1986-04-28	3.56	3.42	3.62	3.5
1986-04-29	4.53	3.4	3.6	2.37
1986-04-30	2.58	2.76	2.65	2.74
1986-05-01	0	0	0	0
1986-05-02	0	0	0	0
1986-05-03	0	0	0	0
1986-05-04	0	0	0	0
1986-05-05	0	0	0	0
1986-05-06	0	0	0	0
1986-05-07	0	0	0	0
1986-05-08	0	0	0	0
1986-05-09	1.73	1.67	1.77	1.72
1986-05-10	0	0	0	0
1986-05-11	1.18	1.1	1.34	1.56
1986-05-12	5.77	5.95	6.08	6.17
1986-05-13	0	0	0	0
1986-05-14	0	0	0	0
1986-05-15	0	0	0	0
1986-05-16	5.58	5.22	5.29	5.25
1986-05-17	0	0	0	0
1986-05-18	0	0	0	0
1986-05-19	4.05	3.32	3.75	3.25
1986-05-20	0	0	0	0
1986-05-21	0	0.451	0	0.919
1986-05-22	7.93	7.8	7.77	7.56
1986-05-23	0	0	0	0
1986-05-24	0	0	0	0
1986-05-25	1.72	1.56	1.39	0.497
1986-05-26	1.69	1.78	1.52	1.72
1986-05-27	0	0	0	0
1986-05-28	4.2	4.29	4.44	4.48
1986-05-29	2.9	2.99	2.94	3.08
1986-05-30	0	0	0	0
1986-05-31	0	0	0	0
1986-06-01	0	0	0	0
1986-06-02	0	0	0	0
1986-06-03	0	0	0	0
1986-06-04	0.365	0.403	0.303	0.477
1986-06-05	0	0	0	0.0421
1986-06-06	0	0.00436	0	0
1986-06-07	7.64	7.46	7.17	8.91
1986-06-08	5.08	6.56	5.03	6.84
1986-06-09	1.07	0.983	0.859	0.797
1986-06-10	0	0	0	0
1986-06-11	0.543	0.279	0.344	0.263
1986-06-12	0.341	0.155	0.0193	0.00265
1986-06-13	0	0	0	0
1986-06-14	0	0	0	0
1986-06-15	0	0	0	0
1986-06-16	0	0	0	0
1986-06-17	0	0	0	0
1986-06-18	0	0	0	0
1986-06-19	1.92	2.87	2.15	3.11
1986-06-20	3.6	3.4	2.69	2.61
1986-06-21	0	0	0	0
1986-06-22	0.707	0.675	0.618	0.634
1986-06-23	0	0	0	0
1986-06-24	0	0	0	0
1986-06-25	0	0	0	0
1986-06-26	0	0	0	0
1986-06-27	0	0.0778	0	0.00293
1986-06-28	0.136	0.482	0.328	0.515
1986-06-29	0	0	0	0
1986-06-30	0	0	0	0
1986-07-01	0	0	0	0
1986-07-02	0	0	0	0
1986-07-03	5.77	6.54	6.27	6.12
1986-07-04	3.61	2.62	2.37	1.92
1986-07-05	9.16	9	9.14	8.94
1986-07-06	1.7	1.23	1.61	1.6
1986-07-07	1.31	2.91	3.16	4.19
1986-07-08	4.02	5.82	4.35	5.31
1986-07-09	1.28	0.842	1.44	0.497
1986-07-10	0	0	0	0
1986-07-11	0	0	0	0
1986-07-12	8.09	7.51	7.65	6.91
1986-07-13	3.39	3.23	3.49	3.18
1986-07-14	0	0	0	0
1986-07-15	0	0	0	0
1986-07-16	0	0	0	0
1986-07-17	0	0.762	0	1.22
1986-07-18	8.88	7.12	7.9	5.96
1986-07-19	0	0	0	0
1986-07-20	0	0	0	0
1986-07-21	0	0	0	0
1986-07-22	0.843	1.03	0.0478	0.0473
1986-07-23	6.18	8.5	8.25	10.1
1986-07-24	9.7	9.27	9.9	8.95
1986-07-25	3.41	3.6	3.93	3.77
1986-07-26	0	0.0649	0	0
1986-07-27	0	0	0	0
1986-07-28	0	0	0	0
1986-07-29	0	0	0	0
1986-07-30	6.74	5.16	5.5	4.74
1986-07-31	0	0	0	0
1986-08-01	5.66	4.44	4.57	3.51
1986-08-02	0	0	0	0
1986-08-03	0	0	0	0
1986-08-04	14	15.7	14.5	15.2
1986-08-05	10.5	8.36	9.07	6.7
1986-08-06	2.09	0.485	0.118	0
1986-08-07	0	0	0	0
1986-08-08	6.31	5.64	5.98	5.63
1986-08-09	16.1	12.4	12.2	9.89
1986-08-10	13.9	13	13.6	12.9
1986-08-11	5.27	4.6	4.83	4.07
1986-08-12	0	0	0	0
1986-08-13	0	0	0	0
1986-08-14	0	0	0	0
1986-08-15	0	0	0	0
1986-08-16	6.27	6.86	6.86	7.88
1986-08-17	23.5	21.9	23	21
1986-08-18	7.96	6.33	6.72	6.22
1986-08-19	0	0	0	0
1986-08-20	12.4	13.1	12.7	13.2
1986-08-21	7.95	11.3	10.5	13.2
1986-08-22	49.5	45	47.9	42.8
1986-08-23	12.5	10.6	11.7	9.74
1986-08-24	1.16	1.91	2.8	2.47
1986-08-25	0	0	0	0
1986-08-26	0	0	0	0
1986-08-27	0	0	0	0
1986-08-28	10.1	8.96	9.67	8.56
1986-08-29	9.47	8.31	8.87	7.7
1986-08-30	17.8	22.1	20	21.9
1986-08-31	0	0	0	0
1986-09-01	0	0	0	0
1986-09-02	2.3	2.65	2.54	3.26
1986-09-03	9.82	9.05	8.68	8.81
1986-09-04	3.49	1.92	2.67	0.896
1986-09-05	4.62	4.82	4.5	4.53
1986-09-06	0	0	0	0
1986-09-07	0	0	0	0
1986-09-08	0	0	0	0
1986-09-09	0	0	0	0
1986-09-10	13.7	13	13.3	12.8
1986-09-11	4.91	5.39	5.16	5.33
1986-09-12	5.97	6.34	6.32	6.56
1986-09-13	0	0	0	0
1986-09-14	1.33	0.309	0.0755	0
1986-09-15	18.7	16.9	17.8	16.1
1986-09-16	0	0	0	0
1986-09-17	0	0	0	0
1986-09-18	0	0	0	0
1986-09-19	2.21	2.5	2.36	2.55
1986-09-20	0	0	0	0
1986-09-21	2.37	2.53	2.66	2.62
1986-09-22	3.1	3.28	3.15	3.31
1986-09-23	0.79	1.8	1.91	1.85
1986-09-24	0	0	0	0
1986-09-25	3.86	3.48	3.69	2.75
1986-09-26	0	0	0	0
1986-09-27	0	0	0	0
1986-09-28	6.14	6.09	6.28	5.82
1986-09-29	0	0	0	0
1986-09-30	2.02	2.3	2.15	2.22
1986-10-01	0.429	0.0996	0.0243	0
1986-10-02	1.21	1.3	0.83	0.306
1986-10-03	0	0.265	0	0.0125
1986-10-04	0	0	0	0
1986-10-05	0	0	0	0
1986-10-06	5.17	4.58	4.41	3.78
1986-10-07	0	0	0	0
1986-10-08	0	0	0	0
1986-10-09	0	0	0	0
1986-10-10	0	0.0881	0	0.495
1986-10-11	0	0	0	0
1986-10-12	0	0	0	0
1986-10-13	0	0	0	0
1986-10-14	0	0	0	0
1986-10-15	0	0	0	0
1986-10-16	0	0	0	0
1986-10-17	0	0	0	0
1986-10-18	0	0	0	0
1986-10-19	2.3	2.57	2.53	2.76
1986-10-20	1.41	1.6	1.53	1.71
1986-10-21	0	0	0	0
1986-10-22	2.64	2.2	2.3	1.82
1986-10-23	1.46	1.44	1.48	1.54
1986-10-24	0	0	0	0
1986-10-25	0	0	0	0
1986-10-26	2.76	2.96	2.95	3.02
1986-10-27	0	0	0	0
1986-10-28	2.45	2.38	2.45	2.36
1986-10-29	5.5	4.93	5.1	4.48
1986-10-30	0	0	0	0
1986-10-31	0.98	1.04	1.04	1.07
1986-11-01	0	0.36	0	0.0168
1986-11-02	0	0	0	0
1986-11-03	0	0	0	0
1986-11-04	0	0	0	0
1986-11-05	6.06	6.53	6.48	7.1
1986-11-06	3.86	3.55	3.73	3.46
1986-11-07	0	0	0	0
1986-11-08	9.08	9.19	9.18	9.08
1986-11-09	4.09	4.78	4.34	4.76
1986-11-10	1.25	1.58	1.32	1.58
1986-11-11	0.492	0.736	1.19	1.27
1986-11-12	0.751	0.665	0.0425	0.0214
1986-11-13	0	0	0	0
1986-11-14	0	0	0	0
1986-11-15	0	0	0	0.123
1986-11-16	3.83	3.77	3.78	3.62
1986-11-17	2.81	3.06	3.05	3.41
1986-11-18	4.86	5.29	5.09	5.61
1986-11-19	3.93	3.87	3.89	3.9
1986-11-20	0	0	0	0
1986-11-21	0	0	0	0
1986-11-22	2.19	2.59	2.49	2.94
1986-11-23	2.25	2.67	2.57	3.1
1986-11-24	8.4	8.31	8.35	8.41
1986-11-25	1.77	1.76	1.75	1.77
1986-11-26	0	0	0	0
1986-11-27	0	0	0	0
1986-11-28	0	0	0	0
1986-11-29	0	0	0	0
1986-11-30	0	0	0	0
1986-12-01	9.31	9.93	9.69	9.67
1986-12-02	3.67	3.45	3.66	3.43
1986-12-03	5.13	5.33	5.19	5.03
1986-12-04	0.372	0.678	0.901	0.328
1986-12-05	24.4	24.6	25.3	24.9
1986-12-06	4.92	4.89	4.76	4.33
1986-12-07	0	0	0	0
1986-12-08	0	0	0	0
1986-12-09	0	0	0	0
1986-12-10	2.05	1.81	2.09	2.02
1986-12-11	0	0	0	0
1986-12-12	0	0	0	0
1986-12-13	0	0	0	0
1986-12-14	2.67	2.63	2.74	2.68
1986-12-15	1.58	1.54	1.59	1.5
1986-12-16	2.37	2.3	2.43	2.28
1986-12-17	0	0	0	0.0706
1986-12-18	3.5	3.74	3.65	3.71
1986-12-19	3.32	3.31	3.37	3.34
1986-12-20	1.24	1.17	1.23	1.11
1986-12-21	0	0	0	0
1986-12-22	1.79	1.7	1.79	1.62
1986-12-23	0.949	0.633	0.937	0.32
1986-12-24	0	0.338	0	0.52
1986-12-25	1.23	1.73	1.57	2.01
1986-12-26	0	0.11	0	0.526
1986-12-27	0	0	0	0
1986-12-28	0.573	0.133	0.0325	0
1986-12-29	19	19	19.9	19.7
1986-12-30	0	0	0	0
1986-12-31	0	0	0	0
1987-01-01	0	0.0621	0	0.00211
1987-01-02	2.28	1.87	1.78	1.48
1987-01-03	0	0	0	0.0155
1987-01-04	0.414	0.213	0.316	0.106
1987-01-05	4.73	3.58	3.77	3.43
1987-01-06	0.591	0.35	0.448	0.296
1987-01-07	0.449	0.538	0.491	0.626
1987-01-08	5.08	4.62	4.49	4.4
1987-01-09	0	0	0	0
1987-01-10	0	0	0	0
1987-01-11	0.363	0.273	0.285	0.232
1987-01-12	0	0	0	0
1987-01-13	0	0	0	0
1987-01-14	0	0	0	0
1987-01-15	0	0	0	0
1987-01-16	0	0	0	0
1987-01-17	0	0	0	0
1987-01-18	0	0	0	0
1987-01-19	0	0	0	0
1987-01-20	1.4	1.25	1.22	1.15
1987-01-21	0	0	0	0
1987-01-22	0	0	0	0
1987-01-23	0	0	0	0
1987-01-24	3.91	4.42	4.06	4.26
1987-01-25	3.2	3.05	2.72	2.52
1987-01-26	0	0.0704	0	0.124
1987-01-27	2.85	2.8	2.61	2.64
1987-01-28	0.458	0.428	0.406	0.395
1987-01-29	0	0.00213	0	0
1987-01-30	1.85	2.03	1.81	2
1987-01-31	1.3	1.47	1.46	1.78
1987-02-01	0	0	0	0
1987-02-02	0	0	0	0
1987-02-03	0	0	0	0
1987-02-04	0	0	0	0
1987-02-05	2.02	1.79	2.1	1.98
1987-02-06	1.25	1.43	1.31	1.49
1987-02-07	1.96	2.11	2.03	2.06
1987-02-08	1.64	1.71	1.81	1.94
1987-02-09	0	0	0	0
1987-02-10	0.693	0.712	0.709	0.765
1987-02-11	7.7	6.94	7.34	6.91
1987-02-12	0.924	1	0.953	1.03
1987-02-13	14.8	15.4	15.2	15.8
1987-02-14	7.01	8.35	7.56	8.44
1987-02-15	0	0	0	0
1987-02-16	0	0	0	0
1987-02-17	0	0	0	0
1987-02-18	0	0	0	0
1987-02-19	0.5	0.5	0.505	0.469
1987-02-20	0.679	0.749	0.75	0.852
1987-02-21	0.102	0.274	0.246	0.235
1987-02-22	0.709	0.811	0.76	0.845
1987-02-23	0.676	0.532	0.527	0.375
1987-02-24	0	0	0	0
1987-02-25	0	0	0	0
1987-02-26	0	0	0	0
1987-02-27	0	0	0	0
1987-02-28	0	0	0	0
1987-03-01	0	0	0	0
1987-03-02	0	0	0	0
1987-03-03	0	0	0	0
1987-03-04	0	0	0	0
1987-03-05	0	0	0	0
1987-03-06	0	0	0	0
1987-03-07	0	0	0	0
1987-03-08	0	0	0	0
1987-03-09	0	0	0	0
1987-03-10	0	0	0	0
1987-03-11	0	0	0	0
1987-03-12	0	0	0	0
1987-03-13	0	0	0	0
1987-03-14	0	0	0	0
1987-03-15	0	0	0	0
1987-03-16	0.226	0.279	0.267	0.319
1987-03-17	0.416	0.513	0.478	0.542
1987-03-18	2.38	2.48	2.63	2.88
1987-03-19	8.35	8.38	9.17	9.6
1987-03-20	3.04	2.71	3.11	2.84
1987-03-21	1.58	1.6	1.64	1.69
1987-03-22	1.03	1.11	1.06	1.08
1987-03-23	1.39	1.21	1.33	1.17
1987-03-24	0	0	0	0
1987-03-25	0	0	0	0
1987-03-26	4.57	4.51	4.81	4.8
1987-03-27	2.51	2.63	2.76	2.97
1987-03-28	5.43	5.88	6.22	6.57
1987-03-29	2.05	2.25	2.24	2.39
1987-03-30	0	0	0	0
1987-03-31	0	0	0	0
1987-04-01	0	0	0	0
1987-04-02	0	0	0	0
1987-04-03	0	0	0	0
1987-04-04	0	0	0	0
1987-04-05	0	0	0	0
1987-04-06	0	0	0	0
1987-04-07	0	0	0	0
1987-04-08	0	0	0	0
1987-04-09	0	0	0	0
1987-04-10	0	0	0	0
1987-04-11	0	0.252	0	0.526
1987-04-12	0	0	0	0
1987-04-13	0	0	0	0
1987-04-14	0	0	0	0
1987-04-15	0	0.146	0	0.259
1987-04-16	0	0.00711	0	0
1987-04-17	0	0	0	0
1987-04-18	0	0	0	0
1987-04-19	0	0	0	0
1987-04-20	0	0	0	0
1987-04-21	0.282	0.621	0.317	0.899
1987-04-22	0.327	0.782	0.357	0.971
1987-04-23	0	0	0	0
1987-04-24	0	0	0	0
1987-04-25	0.265	0.491	0.234	0.627
1987-04-26	0	0	0	0
1987-04-27	0	0.211	0	0.293
1987-04-28	0	0	0	0
1987-04-29	0	0	0	0
1987-04-30	0	0	0	0
1987-05-01	0	0	0	0
1987-05-02	6.93	7.48	7.12	7.52
1987-05-03	4.57	5.76	5.24	5.92
1987-05-04	0	0	0	0
1987-05-05	0	0	0	0
1987-05-06	1.58	1.7	1.98	0.858
1987-05-07	0	0	0	0
1987-05-08	0	0	0	0
1987-05-09	3.94	4.37	4.48	5.12
1987-05-10	1.73	1.52	2.09	2.33
1987-05-11	0	0.241	0	1.09
1987-05-12	0	0	0	0
1987-05-13	12.6	11.2	11.5	10.6
1987-05-14	1.93	2.07	1.8	1.93
1987-05-15	0	0	0	0
1987-05-16	0	0	0	0
1987-05-17	18	15.5	16.1	14.2
1987-05-18	3.01	2.85	3	2.83
1987-05-19	1.9	2.16	2.02	2.26
1987-05-20	0	0	0	0
1987-05-21	0	0	0	0
1987-05-22	0	0	0	0
1987-05-23	0	0	0	0
1987-05-24	0	0	0	0
1987-05-25	0	0	0	0
1987-05-26	0.724	0.816	0.041	0.0252
1987-05-27	3.27	2.75	2.88	2.73
1987-05-28	0	0	0	0
1987-05-29	0	0	0	0
1987-05-30	0	0	0	0
1987-05-31	0	0	0	0
1987-06-01	0	0	0	0
1987-06-02	0	0	0	0
1987-06-03	4.5	5.02	4.59	4.9
1987-06-04	0	0	0	0
1987-06-05	0	0	0	0
1987-06-06	0	0	0	0
1987-06-07	4.04	5.54	4.91	6.83
1987-06-08	6.46	5.36	5.24	5.04
1987-06-09	8.99	8.43	8.33	8.46
1987-06-10	4.04	5.68	4.93	5.6
1987-06-11	5.55	5.45	4.71	4.34
1987-06-12	0	0	0	0
1987-06-13	0	0	0	0
1987-06-14	0	0	0	0
1987-06-15	6.83	6.66	6.41	6.11
1987-06-16	7.7	7.61	7.51	7.84
1987-06-17	17.2	16.1	16.2	16.8
1987-06-18	4.51	4.94	4.68	5.75
1987-06-19	3.1	0.719	0.175	0
1987-06-20	0	0	0	0
1987-06-21	0	0	0	0
1987-06-22	0	0.0701	0	0.53
1987-06-23	0	0	0	0
1987-06-24	3.62	5.16	4.63	5.96
1987-06-25	4.1	5.75	4.52	6.53
1987-06-26	5.03	5.86	5.8	7.05
1987-06-27	9.85	8.4	8.48	8.48
1987-06-28	0	0	0	0
1987-06-29	0	0	0	0
1987-06-30	0	0	0	0
1987-07-01	2.86	4.48	4.47	5.12
1987-07-02	1.44	1.59	1.75	1.74
1987-07-03	0	0	0	0
1987-07-04	1.61	1.78	1.74	2.17
1987-07-05	0.595	1.28	1.44	1.95
1987-07-06	8	7.74	8.65	7.91
1987-07-07	0.731	0.761	0.0414	0.0269
1987-07-08	11.4	10.7	10.7	9.74
1987-07-09	0	0	0	0
1987-07-10	0	0	0	0
1987-07-11	2.57	2.71	2.77	2.65
1987-07-12	0	0	0	0
1987-07-13	0	0	0	0
1987-07-14	0	0	0	0
1987-07-15	0	0	0	0
1987-07-16	0	0	0	0
1987-07-17	0	0	0	0
1987-07-18	0	0	0	0
1987-07-19	0.331	0.541	0.802	1.01
1987-07-20	0	0	0	0
1987-07-21	0	0	0	0
1987-07-22	0	0	0	0
1987-07-23	0	0	0	0
1987-07-24	6.23	10.3	9.31	11.3
1987-07-25	1.38	2	1.47	1.37
1987-07-26	11.9	11.7	11.4	12.5
1987-07-27	3.19	2.64	2.58	3.08
1987-07-28	3.43	3.59	3.58	3.63
1987-07-29	0	0	0	0
1987-07-30	0	0	0	0
1987-07-31	0	0.0409	0	0.00489
1987-08-01	3.03	3.44	3.35	3.59
1987-08-02	21.4	20.1	19.9	19.4
1987-08-03	11.9	14.8	13.2	13.1
1987-08-04	14.5	11.6	11.5	11.1
1987-08-05	0	0	0	0
1987-08-06	9.09	10.3	10.6	11.7
1987-08-07	4.24	3.99	3.87	3.28
1987-08-08	0	0	0	0
1987-08-09	5.07	5.32	5.58	5.28
1987-08-10	3.56	3.54	3.7	3.42
1987-08-11	0	0	0	0
1987-08-12	0	0	0	0
1987-08-13	0	0	0	0
1987-08-14	4.4	5.19	5.85	6.11
1987-08-15	0	0	0	0
1987-08-16	0	0	0	0
1987-08-17	1.87	0.434	0.106	0
1987-08-18	0	0	0	0
1987-08-19	0.691	1.74	1.67	2.03
1987-08-20	0	0	0	0
1987-08-21	1.91	2.18	2.04	1.95
1987-08-22	0	0	0	0
1987-08-23	16.7	15.9	18.2	18
1987-08-24	0	0	0	0
1987-08-25	0	0	0	0
1987-08-26	6	7.76	7.11	7.54
1987-08-27	3.94	5.08	4.7	5.29
1987-08-28	2.47	2.23	2.58	2.35
1987-08-29	0	0	0	0
1987-08-30	0	0	0	0
1987-08-31	0	0	0	0
1987-09-01	0	0	0	0
1987-09-02	1.48	1.64	1.3	1.34
1987-09-03	0	0	0	0
1987-09-04	0	0	0	0
1987-09-05	1.86	1.65	1.68	1.48
1987-09-06	1.84	2.16	2.05	2.44
1987-09-07	8.34	8.04	8.34	8.1
1987-09-08	6.42	6.66	6.39	6.89
1987-09-09	0	0	0	0
1987-09-10	2.78	2.47	2.55	2.4
1987-09-11	17.9	15.5	14.7	13.4
1987-09-12	0	0.139	0	0.00762
1987-09-13	10.5	9.89	10	9.76
1987-09-14	0	0	0	0
1987-09-15	0.603	1.54	1.46	1.94
1987-09-16	0	0	0	0
1987-09-17	0	0	0	0
1987-09-18	12.2	10.9	10.8	9.63
1987-09-19	8.04	8.69	8.01	8.18
1987-09-20	0	0	0	0
1987-09-21	0	0	0	0
1987-09-22	8.76	8.51	7.97	7.63
1987-09-23	0	0	0	0
1987-09-24	0	0	0	0
1987-09-25	0.894	0.207	0.0507	0
1987-09-26	2.11	2.9	2.7	2.88
1987-09-27	1.26	1.43	1.3	1.3
1987-09-28	1.39	0.853	1.21	0.409
1987-09-29	0	0	0	0
1987-09-30	0	0	0	0
1987-10-01	0	0	0	0
1987-10-02	0	0	0	0
1987-10-03	0	0	0	0
1987-10-04	0	0	0	0
1987-10-05	0	0	0	0
1987-10-06	1.57	1.2	1.54	0.539
1987-10-07	0	0	0	0
1987-10-08	1.81	1.32	1.6	1.61
1987-10-09	1.91	2.56	2.52	3.05
1987-10-10	1.58	1.67	1.61	1.75
1987-10-11	0	0	0	0
1987-10-12	0.8	2.07	1.94	2.73
1987-10-13	7.29	7.29	7.76	8.12
1987-10-14	5.88	5.46	5.74	5.17
1987-10-15	6.95	7.09	7.39	7.67
1987-10-16	14.1	12.6	13.2	12.5
1987-10-17	0	0	0	0
1987-10-18	0	0	0	0
1987-10-19	0	0	0	0
1987-10-20	0	0	0	0
1987-10-21	0	0	0	0
1987-10-22	0	0	0	0
1987-10-23	0.641	0.4	0.0363	1.26
1987-10-24	8.52	8.09	8.38	8.01
1987-10-25	2.52	2.53	2.49	2.34
1987-10-26	0	0	0	0
1987-10-27	0	0	0	0
1987-10-28	3.99	3.71	4.22	3.51
1987-10-29	8.07	6.92	7.86	7.27
1987-10-30	0	0	0	0
1987-10-31	1.55	1.69	1.62	1.69
1987-11-01	0	0	0	0
1987-11-02	0	0	0	0
1987-11-03	0	0	0	0
1987-11-04	0	0	0	0
1987-11-05	0	0	0	0
1987-11-06	1.34	1.57	1.42	1.51
1987-11-07	0.319	0.75	0.773	0.951
1987-11-08	0	0	0	0
1987-11-09	0	0	0	0
1987-11-10	0	0	0	0
1987-11-11	0	0	0	0
1987-11-12	10.3	9.8	10.2	10.3
1987-11-13	17.7	17.1	16.7	16.1
1987-11-14	1.39	1.9	1.7	2.16
1987-11-15	0	0	0	0
1987-11-16	2.46	2.61	2.57	2.84
1987-11-17	1.83	1.46	1.56	1.32
1987-11-18	0.396	0.0919	0.0224	0
1987-11-19	11.4	11.4	11.3	11.4
1987-11-20	3.35	3.08	2.88	2.46
1987-11-21	5.69	4.42	4.68	3.66
1987-11-22	6.59	5.75	5.95	5.45
1987-11-23	3.72	2.73	3.07	2.33
1987-11-24	1.36	0.972	1.11	0.385
1987-11-25	0	0	0	0
1987-11-26	1.6	1.39	1.5	1.34
1987-11-27	0	0	0	0
1987-11-28	0	0	0	0
1987-11-29	1.63	1.41	1.47	1.31
1987-11-30	0	0	0	0
1987-12-01	0	0	0	0
1987-12-02	0	0	0	0
1987-12-03	0	0	0	0
1987-12-04	0	0	0	0
1987-12-05	0.142	0.354	0.343	0.161
1987-12-06	0.409	0.45	0.422	0.431
1987-12-07	0	0	0	0
1987-12-08	2.76	3.49	3.33	3.81
1987-12-09	2.43	3.58	3.29	4.38
1987-12-10	2.83	2.98	2.94	3.03
1987-12-11	0	0	0	0
1987-12-12	2.18	3.03	2.81	3.47
1987-12-13	0.632	1.03	0.843	1.02
1987-12-14	0	0.00433	0	0
1987-12-15	0.241	0.109	0.0137	0.238
1987-12-16	0	0	0	0
1987-12-17	0	0	0	0
1987-12-18	0	0	0	0
1987-12-19	2.03	2.39	2.31	2.67
1987-12-20	0.139	0.279	0.336	0.159
1987-12-21	3.49	3.93	3.8	4.12
1987-12-22	6.88	7.19	7.31	7.86
1987-12-23	0	0	0	0
1987-12-24	0	0	0	0
1987-12-25	0	0	0	0
1987-12-26	0	0	0	0
1987-12-27	0	0.0518	0	0.277
1987-12-28	0	0	0	0
1987-12-29	4.23	4.26	4.16	4.12
1987-12-30	2.34	2.66	2.7	2.99
1987-12-31	6.11	6.29	6.26	6.4
1988-01-01	3.53	3.39	3.18	3.15
1988-01-02	1.03	0.909	1	1.07
1988-01-03	9.43	9.13	8.8	8.84
1988-01-04	0	0.112	0	0.603
1988-01-05	1.84	1.83	1.88	2.03
1988-01-06	2.79	2.53	2.52	2.31
1988-01-07	1.52	1.23	1.36	1.18
1988-01-08	0	0	0	0
1988-01-09	0	0	0	0
1988-01-10	0	0	0	0
1988-01-11	1.36	0.928	1.19	0.968
1988-01-12	0.767	0.439	0.698	0.237
1988-01-13	0	0	0	0
1988-01-14	0	0	0	0
1988-01-15	0	0.274	0	0.0847
1988-01-16	0.869	0.702	0.754	0.264
1988-01-17	0	0	0	0
1988-01-18	0	0	0	0
1988-01-19	2.81	3	2.82	3.11
1988-01-20	0	0	0	0
1988-01-21	0.925	0.859	0.842	0.831
1988-01-22	0	0	0	0
1988-01-23	3.13	2.84	2.88	2.84
1988-01-24	0	0	0	0
1988-01-25	1.79	1.91	1.81	2.1
1988-01-26	7.34	6.57	6.67	6.49
1988-01-27	5.46	5.29	5.25	5.48
1988-01-28	5.74	5.55	5.44	5.52
1988-01-29	7.96	7.16	7.25	7.04
1988-01-30	8.93	8.05	8.12	7.41
1988-01-31	4.01	4.09	3.97	4.23
1988-02-01	6.88	6.86	7.01	6.9
1988-02-02	7.28	6.92	7.08	6.67
1988-02-03	0	0.467	0	0.0177
1988-02-04	0	0	0	0
1988-02-05	4.14	4.19	4.24	4.21
1988-02-06	1.19	0.752	1.26	0.548
1988-02-07	9.84	8.69	9.46	8.3
1988-02-08	0	0	0	0
1988-02-09	3.2	3.11	3.25	3.24
1988-02-10	6.57	6.34	6.48	6.06
1988-02-11	6.69	6.79	6.75	6.59
1988-02-12	0	0	0	0
1988-02-13	0	0	0	0
1988-02-14	0	0	0	0
1988-02-15	0	0	0	0
1988-02-16	0	0	0	0
1988-02-17	5.64	5.63	5.71	5.42
1988-02-18	3.13	3.26	3.28	3.25
1988-02-19	1.42	1.28	1.6	1.74
1988-02-20	0	0	0	0
1988-02-21	3.85	4.11	4.02	4
1988-02-22	1.46	1.5	1.48	1.32
1988-02-23	1.68	1.64	1.61	1.47
1988-02-24	0	0	0	0
1988-02-25	0	0	0	0
1988-02-26	0	0	0	0
1988-02-27	1.24	1.43	1.37	1.53
1988-02-28	15.2	15.2	15.4	15.2
1988-02-29	7.73	7.1	7.7	7.22
1988-03-01	4.86	4.88	4.93	4.8
1988-03-02	0	0	0	0
1988-03-03	0.666	1.66	1.61	2.02
1988-03-04	8.44	8.07	8.27	8.1
1988-03-05	6.52	6.01	6.18	5.65
1988-03-06	5.03	5.3	5.08	5.43
1988-03-07	1.28	0.768	1.25	0.428
1988-03-08	0	0	0	0
1988-03-09	0	0	0	0
1988-03-10	0.735	0.171	0.0417	0
1988-03-11	2.64	3.09	3.02	3.24
1988-03-12	1.64	1.8	1.75	1.77
1988-03-13	0	0	0	0
1988-03-14	0	0	0	0
1988-03-15	0	0	0	0
1988-03-16	0	0	0	0
1988-03-17	0	0	0	0
1988-03-18	0	0	0	0
1988-03-19	0	0	0	0
1988-03-20	0	0	0	0
1988-03-21	0	0.536	0	0.909
1988-03-22	0	0	0	0
1988-03-23	0	0	0	0
1988-03-24	0	0	0	0
1988-03-25	2.65	2.27	2.5	2.15
1988-03-26	5.18	4.47	4.79	4.2
1988-03-27	3.24	2.94	3.2	3.01
1988-03-28	1.34	1.58	1.38	1.66
1988-03-29	0	0	0	0
1988-03-30	0	0	0	0
1988-03-31	2.9	3.46	3.25	3.81
1988-04-01	4.14	4.32	4.03	4.77
1988-04-02	1.02	1.22	1.08	1.48
1988-04-03	0	0	0	0
1988-04-04	0	0	0	0
1988-04-05	0	0	0	0
1988-04-06	0	0	0	0
1988-04-07	0	0	0	0
1988-04-08	0.515	0.375	0.49	0.551
1988-04-09	0.117	0.292	0.283	0.34
1988-04-10	0	0	0	0
1988-04-11	1.19	1.39	1.27	1.64
1988-04-12	0	0	0	0
1988-04-13	0	0	0	0
1988-04-14	0	0	0	0
1988-04-15	0.577	0.47	0.525	0.432
1988-04-16	0	0.0798	0	0.0492
1988-04-17	3.7	3.97	3.64	4.36
1988-04-18	0	0	0	0
1988-04-19	0	0	0	0
1988-04-20	0	0	0	0
1988-04-21	1.07	0.83	0.981	0.963
1988-04-22	0	0	0	0
1988-04-23	0	0	0	0
1988-04-24	0	0	0	0
1988-04-25	0	0	0	0
1988-04-26	0	0	0	0
1988-04-27	0	0	0	0
1988-04-28	0	0	0	0
1988-04-29	0	0	0	0
1988-04-30	0	0	0	0.0374
1988-05-01	0	0	0	0
1988-05-02	1.82	2.38	2	2.12
1988-05-03	0	0	0	0
1988-05-04	0.449	0.104	0.0254	0
1988-05-05	0.936	0.845	0.895	0.76
1988-05-06	0	0	0	0
1988-05-07	0	0	0	0
1988-05-08	0	0	0	0
1988-05-09	0	0	0	0
1988-05-10	0	0	0	0
1988-05-11	0	0	0	0
1988-05-12	0	0	0	0
1988-05-13	0	0	0	0
1988-05-14	0	0	0	0
1988-05-15	0	0	0	0
1988-05-16	0	0	0	0
1988-05-17	0.414	1.05	1	1.1
1988-05-18	6.44	5.8	5.97	5.02
1988-05-19	0	0	0	0
1988-05-20	0	0.302	0	0.561
1988-05-21	0	0	0	0
1988-05-22	0.789	0.502	0.731	0.249
1988-05-23	2.57	3.04	2.55	2.56
1988-05-24	0	0.164	0	0.00955
1988-05-25	0	0	0	0
1988-05-26	0	0	0	0
1988-05-27	0	0	0	0
1988-05-28	0	0	0	0
1988-05-29	0	0	0	0
1988-05-30	2.65	3.52	3.28	3.81
1988-05-31	3.74	3.63	3.32	3.14
1988-06-01	2.14	3.74	2.37	6.09
1988-06-02	0	0.0236	0	0.133
1988-06-03	0.115	0.698	0.278	0.945
1988-06-04	1.25	2.89	1.58	4.49
1988-06-05	0.332	0.981	0.512	1.42
1988-06-06	0.0591	0.204	0.143	0.421
1988-06-07	0	0.002	0	0
1988-06-08	0	0	0	0
1988-06-09	0	0	0	0
1988-06-10	0	0.0209	0	0.00115
1988-06-11	0	0	0	0
1988-06-12	0	0	0	0
1988-06-13	0.141	0.0327	0.00797	0
1988-06-14	0	0	0	0
1988-06-15	0	0	0	0
1988-06-16	0	0	0	0
1988-06-17	0.422	0.521	0.374	0.702
1988-06-18	0	0	0	0
1988-06-19	0	0.00198	0	0
1988-06-20	0	0.0247	0	0.0243
1988-06-21	0	0	0	0
1988-06-22	1.03	4.15	1.73	6.61
1988-06-23	0	0	0	0
1988-06-24	0	0	0	0
1988-06-25	0	0	0	0
1988-06-26	0	0	0	0
1988-06-27	0	0	0	0
1988-06-28	0	0	0	0
1988-06-29	0	0.71	0	0.294
1988-06-30	0	0	0	0.0239
1988-07-01	0	0	0	0
1988-07-02	0	0	0	0
1988-07-03	6.34	5.32	5.9	4.98
1988-07-04	0	0	0	0
1988-07-05	0	0	0	0
1988-07-06	0	0	0	0.0879
1988-07-07	6.89	6.09	6.12	5.4
1988-07-08	6.33	6.83	6.97	6.34
1988-07-09	0	0	0	0
1988-07-10	0	0	0	0
1988-07-11	2.41	3.07	2.96	3.16
1988-07-12	2.52	1.63	1.9	0.649
1988-07-13	0	0	0	0
1988-07-14	0	0	0	0
1988-07-15	2.21	2.63	2.21	2.08
1988-07-16	4.2	4.39	3.84	3.58
1988-07-17	3.16	3.14	3.32	3.27
1988-07-18	15.1	15.8	16.4	15.7
1988-07-19	2.25	3.29	3.05	3.89
1988-07-20	0	0	0	0
1988-07-21	0	0.423	0	0.588
1988-07-22	0	0	0	0
1988-07-23	0	0	0	0
1988-07-24	4.19	4.7	4.73	4.62
1988-07-25	1.14	0.679	1.1	0.377
1988-07-26	0	0	0	0
1988-07-27	0	0	0	0
1988-07-28	0	0	0	0
1988-07-29	0	0	0	0
1988-07-30	0.487	1.06	1.18	1.18
1988-07-31	0	0.0153	0	0.00183
1988-08-01	0	0	0	0
1988-08-02	0	0	0	0
1988-08-03	0	0	0	0
1988-08-04	5.35	5.24	5.57	5.14
1988-08-05	8.68	7.47	7.87	6.91
1988-08-06	0.602	0.248	0.0341	0
1988-08-07	0	0	0	0
1988-08-08	0	0	0	0
1988-08-09	0	0	0	0
1988-08-10	0	0	0	0
1988-08-11	2.65	2.19	2.59	2.34
1988-08-12	10	10.3	10.7	10.7
1988-08-13	7.27	6.64	7.05	7.2
1988-08-14	0	0.441	0	0.847
1988-08-15	15.8	15.6	16.7	16.6
1988-08-16	9.17	7.64	8.07	8.01
1988-08-17	5.85	6.55	6.81	6.69
1988-08-18	1.38	0.856	1.42	0.488
1988-08-19	4.78	4.7	4.89	5.07
1988-08-20	4.5	4.17	4.45	4.34
1988-08-21	0	0	0	0
1988-08-22	0	0	0	0
1988-08-23	0	0	0	0
1988-08-24	14	15.3	12.9	14.5
1988-08-25	1.5	1.55	1.55	1.54
1988-08-26	0	0	0	0
1988-08-27	0	0	0	0
1988-08-28	0	0	0	0
1988-08-29	13.3	12.9	13.2	12.7
1988-08-30	0	0	0	0
1988-08-31	0	0	0	0
1988-09-01	0	0	0	0
1988-09-02	1.75	0.919	1.39	0.468
1988-09-03	1.31	0.898	1.21	1.15
1988-09-04	2.35	2.3	2.37	2.32
1988-09-05	0	0	0	0
1988-09-06	0	0	0	0
1988-09-07	0	0	0	0
1988-09-08	0	0	0	0
1988-09-09	0	0	0	0
1988-09-10	2.69	2.4	2.69	2.43
1988-09-11	13.4	14.7	14.8	15.5
1988-09-12	17.7	20.3	16.8	17.7
1988-09-13	10.3	8.97	10.1	10.1
1988-09-14	0.459	1.12	1.11	1.31
1988-09-15	1.6	1.67	1.76	1.85
1988-09-16	0	0	0	0
1988-09-17	0	0	0	0
1988-09-18	0	0.0131	0	0.00157
1988-09-19	0	0	0	0
1988-09-20	0	0.508	0	0.743
1988-09-21	0	0	0	0
1988-09-22	0	0	0	0
1988-09-23	0	0	0	0
1988-09-24	8.54	7.74	8.18	8.17
1988-09-25	1.06	1.2	1.17	1.37
1988-09-26	4.93	4.53	4.86	4.5
1988-09-27	0.653	0.419	0.037	0.0101
1988-09-28	2.24	2.01	2.21	2.05
1988-09-29	1.94	2.91	3.03	3.68
1988-09-30	0	0	0	0
1988-10-01	0	0.0771	0	0.378
1988-10-02	0	0.145	0	0.00549
1988-10-03	0	0	0	0
1988-10-04	0	0	0	0
1988-10-05	0	0	0	0
1988-10-06	0.85	1.21	1.15	1.73
1988-10-07	7.75	8.19	8.04	8.75
1988-10-08	1.8	1.57	1.68	1.68
1988-10-09	5.12	5.43	5.26	5.95
1988-10-10	0.216	0.546	0.523	0.634
1988-10-11	0	0	0	0
1988-10-12	0	0	0	0
1988-10-13	2.6	2.72	2.8	3
1988-10-14	1.54	1.62	1.49	1.51
1988-10-15	0	0	0	0
1988-10-16	0	0	0	0
1988-10-17	0	0	0	0
1988-10-18	0	0	0	0
1988-10-19	0	0	0	0
1988-10-20	0	0	0	0
1988-10-21	0	0	0	0
1988-10-22	0	0	0	0
1988-10-23	2.57	2.54	2.64	2.57
1988-10-24	0	0	0	0
1988-10-25	0	0	0	0
1988-10-26	1.25	1.4	1.37	1.58
1988-10-27	0.723	0.379	0.571	0.192
1988-10-28	0.597	0.585	0.622	0.739
1988-10-29	0	0	0	0
1988-10-30	0	0	0	0
1988-10-31	0	0	0	0
1988-11-01	15.5	14.1	15.4	14.9
1988-11-02	0	0.00239	0	0
1988-11-03	0.268	0.26	0.287	0.23
1988-11-04	0	0	0	0
1988-11-05	0.466	0.461	0.465	0.431
1988-11-06	0	0	0	0
1988-11-07	0.242	0.293	0.301	0.312
1988-11-08	0	0	0	0
1988-11-09	0	0	0	0
1988-11-10	0.0592	0.0844	0.0652	0.0591
1988-11-11	0	0	0	0
1988-11-12	0	0	0	0
1988-11-13	0	0	0	0
1988-11-14	0	0	0	0
1988-11-15	0.136	0.28	0.218	0.294
1988-11-16	0.27	0.22	0.249	0.198
1988-11-17	0	0	0	0
1988-11-18	0	0	0	0
1988-11-19	0	0	0	0
1988-11-20	0	0	0	0
1988-11-21	0	0	0	0
1988-11-22	0.863	0.856	0.905	0.85
1988-11-23	2.2	2.54	2.49	2.82
1988-11-24	0	0	0	0
1988-11-25	0.0151	0.0178	0.0367	0.0205
1988-11-26	0	0	0	0
1988-11-27	0	0	0	0
1988-11-28	2.96	2.52	2.77	2.56
1988-11-29	3.68	3.2	3.5	3.21
1988-11-30	0	0	0	0
1988-12-01	0	0	0	0
1988-12-02	0	0	0	0
1988-12-03	0	0	0	0
1988-12-04	3.92	3.62	3.75	3.65
1988-12-05	6.24	5.31	5.65	4.77
1988-12-06	2.97	2.31	2.66	2.08
1988-12-07	0	0	0	0
1988-12-08	1.18	0.999	1.13	0.965
1988-12-09	0	0	0	0
1988-12-10	0.216	0.483	0.524	0.565
1988-12-11	0	0	0	0
1988-12-12	0	0	0	0
1988-12-13	2.71	2.86	2.96	3.13
1988-12-14	0	0	0	0
1988-12-15	0	0	0	0
1988-12-16	1.37	1.36	1.37	1.35
1988-12-17	0.29	0.0672	0.0164	0
1988-12-18	0.702	0.761	0.741	0.816
1988-12-19	2.16	2.16	2.21	2.29
1988-12-20	0	0	0	0
1988-12-21	0	0	0	0
1988-12-22	3.32	3.41	3.22	3.13
1988-12-23	0	0	0	0
1988-12-24	0	0	0	0
1988-12-25	0	0	0	0
1988-12-26	9.09	9.07	9.28	9.36
1988-12-27	2.07	1.92	2	1.93
1988-12-28	0.574	0.426	0.616	0.211
1988-12-29	0	0	0	0
1988-12-30	4.89	5.07	4.97	4.56
1988-12-31	0	0	0	0
1989-01-01	0.449	0.477	0.397	0.432
1989-01-02	0	0	0	0
1989-01-03	0	0	0	0
1989-01-04	0	0	0	0
1989-01-05	0	0	0	0
1989-01-06	0	0	0	0
1989-01-07	0.705	1	0.867	1.21
1989-01-08	1.04	1.2	1.07	1.16
1989-01-09	0.431	0.353	0.334	0.151
1989-01-10	0	0	0	0
1989-01-11	0	0	0	0
1989-01-12	0	0	0	0
1989-01-13	6.6	6.78	6.21	7.14
1989-01-14	1.65	1.87	1.46	1.87
1989-01-15	0.581	0.718	0.599	0.748
1989-01-16	0	0	0	0
1989-01-17	0	0	0	0
1989-01-18	0	0.00382	0	0
1989-01-19	0.348	0.493	0.386	0.516
1989-01-20	0	0	0	0
1989-01-21	1.15	1.23	1.14	1.39
1989-01-22	0	0	0	0
1989-01-23	0.0985	0.231	0.238	0.312
1989-01-24	0.139	0.198	0.00788	0.203
1989-01-25	0	0	0	0
1989-01-26	0	0	0	0
1989-01-27	0	0	0	0
1989-01-28	0	0	0	0
1989-01-29	1.48	1.74	1.53	1.86
1989-01-30	0	0	0	0
1989-01-31	0.463	0.524	0.436	0.491
1989-02-01	0	0	0	0
1989-02-02	0.164	0.0854	0.128	0.043
1989-02-03	0	0	0	0
1989-02-04	0	0.0178	0	0
1989-02-05	0.565	0.689	0.663	0.686
1989-02-06	0.996	1.04	1.11	1.19
1989-02-07	1.31	1.17	1.3	1.22
1989-02-08	0	0	0	0
1989-02-09	0	0	0	0
1989-02-10	0	0	0	0
1989-02-11	0	0	0	0
1989-02-12	2.69	2.52	2.33	2.07
1989-02-13	0.0139	0.00322	0	0
1989-02-14	2.03	2.35	2.21	2.38
1989-02-15	1.32	1.35	1.23	1.23
1989-02-16	1.09	0.969	0.968	0.892
1989-02-17	0	0	0	0
1989-02-18	0.995	0.95	0.991	1.06
1989-02-19	7.31	6.15	6.39	5.69
1989-02-20	0	0	0	0
1989-02-21	0	0	0	0
1989-02-22	0	0	0	0
1989-02-23	2.24	1.92	1.94	1.69
1989-02-24	0	0	0	0
1989-02-25	11	9.35	9.83	9.19
1989-02-26	18.4	14.9	15.3	13.4
1989-02-27	16.4	14.7	15	14.2
1989-02-28	0.582	0.689	0.483	0.437
1989-03-01	0	0	0	0
1989-03-02	0	0	0	0
1989-03-03	0	0	0	0
1989-03-04	0	0	0	0
1989-03-05	1.16	1.07	1.03	1.14
1989-03-06	0	0	0	0
1989-03-07	0	0	0	0
1989-03-08	1.54	2.62	2.03	2.84
1989-03-09	0	0.183	0	0.0938
1989-03-10	3.52	4	3.66	4
1989-03-11	1.32	1.18	1.32	1.31
1989-03-12	0	0	0	0
1989-03-13	7.42	7.4	7.47	7.63
1989-03-14	3.82	4.24	4.01	4.41
1989-03-15	0	0	0	0
1989-03-16	2.74	2.82	2.95	3.28
1989-03-17	6.71	6.94	6.4	6.27
1989-03-18	0	0	0	0
1989-03-19	0	0.0826	0	0.375
1989-03-20	0	0	0	0
1989-03-21	0.765	0.817	0.798	0.857
1989-03-22	0.736	0.413	0.649	0.22
1989-03-23	0	0	0	0
1989-03-24	7.33	7.2	7.16	7.1
1989-03-25	8.25	8.33	8.04	8.07
1989-03-26	0	0	0	0
1989-03-27	0	0	0	0
1989-03-28	6.82	8.21	7.52	8.32
1989-03-29	1.5	1.45	1.53	1.53
1989-03-30	0	0	0	0
1989-03-31	0	0	0	0
1989-04-01	0	0	0	0
1989-04-02	0	0	0	0
1989-04-03	1.68	1.13	1.52	1.09
1989-04-04	0	0	0	0
1989-04-05	0	0	0	0
1989-04-06	0	0	0	0
1989-04-07	1.71	1.33	1.49	1.26
1989-04-08	2.41	2.33	2.27	2.19
1989-04-09	1.93	1.54	1.91	1.56
1989-04-10	0	0	0	0
1989-04-11	6.8	6.13	6.42	5.8
1989-04-12	0	0	0	0
1989-04-13	0	0	0	0
1989-04-14	0	0	0	0
1989-04-15	0	0	0	0
1989-04-16	0	0	0	0
1989-04-17	14.6	12.9	13.7	12.9
1989-04-18	6.51	5.76	6.02	5.7
1989-04-19	3.59	3.59	3.56	3.7
1989-04-20	0	0	0	0
1989-04-21	1.67	1.72	1.79	2.07
1989-04-22	15.2	15.3	14.8	15.4
1989-04-23	0	0	0	0
1989-04-24	0	0	0	0
1989-04-25	8.89	7.04	7.56	6.69
1989-04-26	4.96	5.59	5.24	5.82
1989-04-27	18.5	17.3	17.3	16.7
1989-04-28	0	0.136	0	0.0896
1989-04-29	0	0	0	0
1989-04-30	0	0	0	0
1989-05-01	0	0	0	0
1989-05-02	0	0	0	0
1989-05-03	1.51	1.73	1.48	1.7
1989-05-04	1.8	1.97	1.99	1.99
1989-05-05	0	0	0	0
1989-05-06	0	0	0	0
1989-05-07	2.2	2.47	2.19	2.69
1989-05-08	0	0	0	0
1989-05-09	6.01	7.23	6.93	8.17
1989-05-10	5.22	6.63	6.08	7.27
1989-05-11	0	0	0	0
1989-05-12	0	0.0202	0	0.00242
1989-05-13	7.29	6.82	6.76	6.87
1989-05-14	1.66	1.29	1.42	1.42
1989-05-15	0	0	0	0
1989-05-16	6.64	7.5	7.29	7.49
1989-05-17	0	0.37	0	0.0203
1989-05-18	0	0	0	0
1989-05-19	0	0	0	0
1989-05-20	0	0	0	0
1989-05-21	0	0	0	0
1989-05-22	0	0	0	0
1989-05-23	0	0	0	0
1989-05-24	0	0	0	0
1989-05-25	0	0	0	0
1989-05-26	6.24	5.31	6.14	6.15
1989-05-27	0	0	0	0
1989-05-28	0	0	0	0
1989-05-29	3.71	3.96	4.03	3.95
1989-05-30	0	0	0	0
1989-05-31	12.7	13.2	13.5	13.6
1989-06-01	2.06	2.56	2.33	2.54
1989-06-02	1.09	1.38	1.2	1.44
1989-06-03	0	0	0	0
1989-06-04	4.9	5.57	4.96	5.66
1989-06-05	0	0.303	0	0.42
1989-06-06	0	0.29	0	0.398
1989-06-07	4.06	3.95	3.96	4.11
1989-06-08	7.74	7.63	6.95	7.14
1989-06-09	0	0	0	0
1989-06-10	0	0	0	0
1989-06-11	0	0.00972	0	0.00116
1989-06-12	0	0	0	0
1989-06-13	0	0	0	0
1989-06-14	0	0	0	0
1989-06-15	0	0	0	0
1989-06-16	0	0	0	0
1989-06-17	0.84	0.651	0.8	0.279
1989-06-18	0	0	0	0
1989-06-19	0	0	0	0
1989-06-20	0	0	0	0
1989-06-21	0	0	0	0
1989-06-22	1.01	0.652	0.833	0.827
1989-06-23	5.72	5.58	5.15	5.4
1989-06-24	0	0	0	0
1989-06-25	0	0	0	0
1989-06-26	0	0	0	0
1989-06-27	0.741	0.421	0.668	0.227
1989-06-28	1.48	2.55	2.18	3.3
1989-06-29	0	0	0	0
1989-06-30	0	0	0	0
1989-07-01	0.6	0.361	0.487	0.383
1989-07-02	0	0	0	0
1989-07-03	0	0	0	0
1989-07-04	0	0.00817	0	0
1989-07-05	0	0	0	0
1989-07-06	0	0	0	0
1989-07-07	0	0	0	0
1989-07-08	0.682	0.513	0.396	0.136
1989-07-09	0.663	0.589	0.55	0.51
1989-07-10	0	0	0	0
1989-07-11	0	0	0	0
1989-07-12	2.58	3.63	2.96	3.38
1989-07-13	1.62	1.47	1.51	1.24
1989-07-14	0.734	0.751	0.824	1.06
1989-07-15	1.87	2.13	2.11	2.06
1989-07-16	8.26	8.68	9.45	9.32
1989-07-17	0	0	0	0
1989-07-18	0	0.0444	0	0.208
1989-07-19	0	0	0	0
1989-07-20	0	0	0	0
1989-07-21	0	0	0	0
1989-07-22	0	0	0	0
1989-07-23	0	0	0	0
1989-07-24	0	0	0	0
1989-07-25	0	0	0	0
1989-07-26	0	0.128	0	0.00704
1989-07-27	2.33	3.34	3.23	3.95
1989-07-28	3.13	3.2	3.13	3.03
1989-07-29	0	0	0	0
1989-07-30	3.81	2.79	2.78	2.92
1989-07-31	24.6	23.9	25.1	24.3
1989-08-01	7.35	7.89	7.45	7.37
1989-08-02	0	0	0	0
1989-08-03	9.56	11.5	11	12.3
1989-08-04	16.3	16.8	17.1	17.2
1989-08-05	6.77	6.55	7.08	6.71
1989-08-06	0.837	1.18	1.06	1.5
1989-08-07	2.87	3.39	3.08	3.8
1989-08-08	0	0.393	0	0.788
1989-08-09	0	0	0	0
1989-08-10	0.454	1.21	1.1	1.44
1989-08-11	3.04	3.55	3.49	4.02
1989-08-12	5.93	6.55	6.18	6.29
1989-08-13	0.397	0.0921	0.0225	0
1989-08-14	0	0	0	0
1989-08-15	2.81	3.12	2.99	3.34
1989-08-16	0	0	0	0
1989-08-17	0	0	0	0
1989-08-18	0	0	0	0
1989-08-19	0	0	0	0
1989-08-20	0	0	0	0
1989-08-21	0	0	0	0
1989-08-22	0	0	0	0
1989-08-23	7.79	8.49	8.1	7.8
1989-08-24	1.91	2.75	2.28	2.55
1989-08-25	0.809	0.606	0.852	0.292
1989-08-26	0	0	0	0
1989-08-27	0	0	0	0
1989-08-28	0	0	0	0
1989-08-29	0	0	0	0
1989-08-30	0	0	0	0
1989-08-31	0	0.0277	0	0.00331
1989-09-01	3.88	3.19	3.41	3.22
1989-09-02	0	0	0	0
1989-09-03	0	0	0	0
1989-09-04	0	0	0	0
1989-09-05	0	0	0	0
1989-09-06	1.03	0.906	0.953	0.821
1989-09-07	0	0	0	0
1989-09-08	0	0	0	0
1989-09-09	0.417	0.0967	0.0236	0
1989-09-10	0	0	0	0
1989-09-11	0	0	0	0
1989-09-12	0	0	0	0
1989-09-13	0	0	0	0
1989-09-14	0	0	0	0
1989-09-15	2.46	1.79	1.98	1.63
1989-09-16	1.32	1.14	1.22	1.19
1989-09-17	0	0	0	0
1989-09-18	0	0	0	0
1989-09-19	0.786	0.533	0.703	0.703
1989-09-20	1.06	1	0.938	0.999
1989-09-21	0	0	0	0
1989-09-22	0	0	0	0.0801
1989-09-23	0	0	0	0
1989-09-24	0	0	0	0
1989-09-25	0	0	0	0
1989-09-26	3.44	3.01	3.33	3.42
1989-09-27	0	0	0	0
1989-09-28	2.36	1.81	2	1.88
1989-09-29	0.334	0.747	0.809	0.952
1989-09-30	0	0	0	0
1989-10-01	0	0	0	0
1989-10-02	1.15	1.2	0.95	1.05
1989-10-03	0	0	0	0
1989-10-04	0	0	0	0
1989-10-05	0	0	0	0
1989-10-06	0	0	0	0
1989-10-07	0	0	0	0
1989-10-08	0	0	0	0
1989-10-09	1.27	1.54	1.36	1.73
1989-10-10	0	0	0	0
1989-10-11	0	0	0	0
1989-10-12	0	0	0	0
1989-10-13	0	0	0	0
1989-10-14	0	0	0	0
1989-10-15	0	0	0	0
1989-10-16	0	0	0	0
1989-10-17	0	0.133	0	0.00635
1989-10-18	0	0	0	0
1989-10-19	0.675	0.475	0.585	0.673
1989-10-20	0.812	0.606	0.641	0.591
1989-10-21	1.37	1.4	1.41	1.49
1989-10-22	0	0	0	0
1989-10-23	0.733	0.481	0.649	0.578
1989-10-24	0	0	0	0
1989-10-25	0	0.00487	0	0
1989-10-26	0	0	0	0
1989-10-27	0	0	0	0
1989-10-28	0	0	0	0
1989-10-29	3.77	3.31	3.55	3.49
1989-10-30	1.99	1.8	1.87	1.89
1989-10-31	1.77	1.76	1.76	1.77
1989-11-01	2.11	2.13	2.03	2.17
1989-11-02	0.489	0.488	0.435	0.402
1989-11-03	0.867	1.02	0.987	1.26
1989-11-04	3.03	2.97	3	2.97
1989-11-05	4.69	4.18	4.34	4.18
1989-11-06	0.34	0.367	0.323	0.151
1989-11-07	8.25	8.36	8.12	8.62
1989-11-08	0	0.0281	0	0
1989-11-09	1.09	0.934	0.913	0.864
1989-11-10	0	0.00441	0	0
1989-11-11	3.83	3.47	3.34	3.36
1989-11-12	0	0	0	0
1989-11-13	0.488	0.369	0.5	0.541
1989-11-14	7.1	7.1	6.83	7.48
1989-11-15	0	0.0513	0	0.00281
1989-11-16	0	0	0	0
1989-11-17	0	0	0	0
1989-11-18	0	0	0	0
1989-11-19	0	0	0	0
1989-11-20	0	0	0	0
1989-11-21	0	0	0	0
1989-11-22	0	0	0	0
1989-11-23	0	0	0	0
1989-11-24	0	0	0	0
1989-11-25	1.35	1.57	1.44	1.54
1989-11-26	0	0	0	0
1989-11-27	4.58	4.55	4.4	4.33
1989-11-28	0	0	0	0
1989-11-29	0	0	0	0
1989-11-30	0	0	0	0
1989-12-01	0	0	0	0
1989-12-02	0	0	0	0
1989-12-03	0	0	0	0
1989-12-04	0.0248	0.07	0.0601	0.0789
1989-12-05	1.08	1.3	1.23	1.38
1989-12-06	3.93	4.07	3.86	3.87
1989-12-07	0	0	0	0
1989-12-08	0	0	0	0
1989-12-09	0.171	0.289	0.236	0.304
1989-12-10	4.92	5.14	5.16	5.16
1989-12-11	0.388	0.334	0.374	0.311
1989-12-12	5.65	5.06	5.21	4.55
1989-12-13	0.626	0.491	0.585	0.432
1989-12-14	0	0	0	0
1989-12-15	0	0	0	0
1989-12-16	0	0	0	0
1989-12-17	2.53	2.41	2.46	2.36
1989-12-18	11.1	11.5	11.3	11.4
1989-12-19	0.0145	0.00337	0	0
1989-12-20	0	0	0	0
1989-12-21	1.94	1.94	1.98	2.01
1989-12-22	0	0	0	0
1989-12-23	7.73	8.2	8.12	8.5
1989-12-24	0.358	0.369	0.353	0.373
1989-12-25	1.02	1.02	1.03	1.02
1989-12-26	0	0	0	0
1989-12-27	0	0	0	0
1989-12-28	0	0	0	0
1989-12-29	0	0	0	0
1989-12-30	0	0	0	0
1989-12-31	0	0	0	0
1990-01-01	0	0	0	0
1990-01-02	0	0.0462	0	0
1990-01-03	1.76	1.49	1.66	1.4
1990-01-04	0	0	0	0
1990-01-05	0	0	0	0
1990-01-06	0	0	0	0
1990-01-07	0	0	0	0
1990-01-08	0.264	0.549	0.638	0.826
1990-01-09	2.46	2.78	2.73	2.79
1990-01-10	0.806	0.945	0.938	1.17
1990-01-11	0.833	0.891	0.806	0.737
1990-01-12	7.75	7.43	7.5	7.24
1990-01-13	4.92	4.58	4.47	4.04
1990-01-14	0.288	0.0669	0.0163	0
1990-01-15	6.88	7.07	7.03	7.21
1990-01-16	0	0	0	0
1990-01-17	8.04	8.39	8.14	8.38
1990-01-18	0.791	0.825	0.772	0.755
1990-01-19	3.83	4	3.93	4.09
1990-01-20	4.17	4.27	4.07	4.01
1990-01-21	0	0	0	0
1990-01-22	4.6	4.36	4.3	4.06
1990-01-23	5.5	5.22	5.26	5.14
1990-01-24	2.45	2.82	2.52	2.66
1990-01-25	0	0	0	0
1990-01-26	5.72	5.04	5.62	5.42
1990-01-27	0	0	0	0
1990-01-28	8.53	8.18	8.57	8.69
1990-01-29	10.7	10.9	10.3	10.2
1990-01-30	4.94	5	4.9	4.93
1990-01-31	2.01	2.1	2.06	2.14
1990-02-01	1.65	1.78	1.71	1.74
1990-02-02	0.488	0.589	0.585	0.678
1990-02-03	0.0941	0.11	0.228	0.0806
1990-02-04	0	0	0	0
1990-02-05	0	0	0	0
1990-02-06	0	0	0	0
1990-02-07	1.19	1.44	1.39	1.56
1990-02-08	0	0	0	0
1990-02-09	0	0	0	0
1990-02-10	0	0	0	0
1990-02-11	0.567	0.548	0.542	0.53
1990-02-12	0	0	0	0
1990-02-13	5.32	4.18	4.5	3.58
1990-02-14	6.73	6.25	6.51	6.06
1990-02-15	1.1	1.23	1.18	1.24
1990-02-16	0	0	0	0
1990-02-17	0	0	0	0
1990-02-18	4	3.86	3.81	3.61
1990-02-19	0.894	0.939	0.923	0.964
1990-02-20	0.123	0.144	0.00699	0.00509
1990-02-21	0.885	0.684	0.908	0.916
1990-02-22	0	0	0	0
1990-02-23	0	0	0	0
1990-02-24	0	0	0	0
1990-02-25	4.77	4.36	4.9	5.06
1990-02-26	8.03	7.39	7.56	7.14
1990-02-27	10.3	9.82	10	9.67
1990-02-28	0	0	0	0
1990-03-01	0	0	0	0
1990-03-02	0	0	0	0
1990-03-03	0.681	0.723	0.726	0.749
1990-03-04	0	0	0	0
1990-03-05	0.634	0.792	0.748	0.848
1990-03-06	0	0	0	0
1990-03-07	2.47	2.22	2.35	2.16
1990-03-08	0	0	0	0
1990-03-09	1.12	0.942	1.18	1.2
1990-03-10	0	0	0	0
1990-03-11	1.22	1.26	1.37	1.55
1990-03-12	0.198	0.233	0.48	0.17
1990-03-13	0	0	0	0
1990-03-14	0	0	0	0
1990-03-15	0.495	0.621	0.551	0.622
1990-03-16	0	0	0	0
1990-03-17	0	0	0	0
1990-03-18	0	0	0	0
1990-03-19	0	0	0	0
1990-03-20	0	0	0	0
1990-03-21	2.49	2.56	2.61	2.7
1990-03-22	0.294	0.272	0.0167	0.308
1990-03-23	0	0	0	0
1990-03-24	2.13	2.1	2.16	2.09
1990-03-25	0	0	0	0
1990-03-26	0	0	0	0
1990-03-27	0	0	0	0
1990-03-28	0	0	0	0
1990-03-29	0	0	0	0
1990-03-30	0	0	0	0
1990-03-31	0	0	0	0
1990-04-01	0	0	0	0
1990-04-02	5.67	5.61	5.83	6.17
1990-04-03	13.1	13.6	13.2	13.5
1990-04-04	3.39	3.38	3.38	3.43
1990-04-05	4	4.39	4.01	4.32
1990-04-06	1.2	1.44	1.21	1.31
1990-04-07	0	0	0	0
1990-04-08	0	0	0	0
1990-04-09	0	0	0	0
1990-04-10	0	0	0	0
1990-04-11	0	0	0	0
1990-04-12	0	0	0	0
1990-04-13	0	0	0	0
1990-04-14	0.423	0.732	1.02	1.18
1990-04-15	0	0	0	0
1990-04-16	4.44	4.63	4.52	4.92
1990-04-17	0	0	0	0
1990-04-18	0.787	1.94	1.91	2.54
1990-04-19	0	0	0	0
1990-04-20	0	0	0	0
1990-04-21	0	0	0	0
1990-04-22	0.962	0.223	0.0545	0
1990-04-23	1.31	1.22	1.09	1.19
1990-04-24	0.549	0.127	0.0311	0
1990-04-25	0	0	0	0
1990-04-26	1.4	2.23	1.79	2.31
1990-04-27	5.66	6.6	5.94	6.5
1990-04-28	0	0	0	0
1990-04-29	0	0.284	0	0.0168
1990-04-30	0	0	0	0
1990-05-01	0	0.283	0	0.0122
1990-05-02	0	0	0	0
1990-05-03	0	0	0	0
1990-05-04	0	0	0	0
1990-05-05	0	0	0	0
1990-05-06	0	0	0	0
1990-05-07	0	0	0	0
1990-05-08	0	0	0	0
1990-05-09	0	0	0	0
1990-05-10	0	0	0	0
1990-05-11	0	0	0	0
1990-05-12	0	0	0	0
1990-05-13	0	0	0	0
1990-05-14	0	0	0	0
1990-05-15	0	0	0	0
1990-05-16	0.65	0.64	0.736	1.31
1990-05-17	0.923	0.74	1.07	0.377
1990-05-18	0.31	0.635	0.751	0.67
1990-05-19	0	0	0	0
1990-05-20	0	0	0	0
1990-05-21	3.69	3.62	4.24	3.68
1990-05-22	1.43	0.782	1.06	0.354
1990-05-23	2.03	2.25	2.43	2.39
1990-05-24	11.7	10.8	11.5	11
1990-05-25	2.14	2.11	2.18	1.59
1990-05-26	0	0	0	0
1990-05-27	0.304	0.414	0.0172	0.415
1990-05-28	0.696	0.496	0.878	0.304
1990-05-29	0	0	0	0
1990-05-30	0	0	0	0
1990-05-31	0	0.134	0	0.714
1990-06-01	5.46	8.14	7.53	10
1990-06-02	0.332	1.02	0.804	1.16
1990-06-03	0	0	0	0
1990-06-04	0	0	0	0
1990-06-05	0	0	0	0
1990-06-06	0	0	0	0
1990-06-07	0	0	0	0
1990-06-08	0	0	0	0
1990-06-09	0	0	0	0
1990-06-10	0	0	0	0
1990-06-11	2.55	2.62	2.84	2.59
1990-06-12	0	0.286	0	0.0167
1990-06-13	0	0	0	0
1990-06-14	0.554	0.418	0.568	0.194
1990-06-15	0	0	0	0
1990-06-16	2.92	2.44	3.19	2.27
1990-06-17	2.09	2.23	2.15	2.35
1990-06-18	4.17	4.16	3.57	3.86
1990-06-19	0	0	0	0
1990-06-20	1.25	1.67	1.42	1.93
1990-06-21	3.66	4.63	4.17	5
1990-06-22	0	0.253	0	1.39
1990-06-23	3.55	3.16	3.25	2.85
1990-06-24	0	0	0	0
1990-06-25	0	0	0	0
1990-06-26	0	0	0	0
1990-06-27	0	0	0	0
1990-06-28	9.55	10.5	9.37	9.95
1990-06-29	0.315	0.0732	0.0179	0
1990-06-30	0	0	0	0
1990-07-01	0	0	0	0
1990-07-02	13.3	14.2	14.5	14.2
1990-07-03	8.96	11	9.62	10.9
1990-07-04	1.52	0.352	0.0859	0
1990-07-05	0	0	0	0
1990-07-06	13.2	13.5	14.1	13.4
1990-07-07	9.17	8.34	7.07	7.06
1990-07-08	3.21	3.32	3.3	3.09
1990-07-09	13.1	11.5	12.3	10.2
1990-07-10	0	0	0	0
1990-07-11	0	0	0	0
1990-07-12	4.21	3.81	3.78	4.09
1990-07-13	0	0	0	0
1990-07-14	0	0	0	0
1990-07-15	0	0	0	0
1990-07-16	6.36	6.22	6.47	6.74
1990-07-17	5.05	4.77	5.46	4.6
1990-07-18	4.91	5.4	5.68	5.87
1990-07-19	7.96	7.18	7.96	6.35
1990-07-20	1.15	2.62	2.77	3
1990-07-21	0	0.833	0	0.0311
1990-07-22	0	0	0	0
1990-07-23	11.7	13.2	13	12.5
1990-07-24	2.63	2.03	2.82	2.43
1990-07-25	0	0	0	0
1990-07-26	0	0	0	0
1990-07-27	0	0	0	0
1990-07-28	0	0	0	0
1990-07-29	13.8	16.5	17.2	18.7
1990-07-30	8.14	6.82	7.29	5.29
1990-07-31	0	0	0	0
1990-08-01	0.247	0.641	0.598	0.866
1990-08-02	0	0	0	0
1990-08-03	0	0	0	0
1990-08-04	0	0	0	0
1990-08-05	3.42	2.46	2.78	2.19
1990-08-06	7.31	7.49	7.01	8.56
1990-08-07	0	0	0	0
1990-08-08	8.34	7.42	7.03	7.01
1990-08-09	0.374	0.0867	0.0212	0
1990-08-10	0	0	0	0
1990-08-11	0	0	0	0
1990-08-12	0.262	0.0607	0.0148	0
1990-08-13	0	0	0	0
1990-08-14	1.21	1.25	1.33	1.4
1990-08-15	2.72	2.48	2.49	2.03
1990-08-16	1.98	2.76	2.63	3.81
1990-08-17	18.3	19.7	20.1	20.5
1990-08-18	0	0	0	0
1990-08-19	3.93	4.6	4.52	5.14
1990-08-20	0.639	0.872	0.781	0.93
1990-08-21	0	0	0	0
1990-08-22	0	0	0	0
1990-08-23	0	0	0	0
1990-08-24	0	0	0	0
1990-08-25	0.257	0.584	0.621	0.737
1990-08-26	0	0	0	0
1990-08-27	0	0	0	0
1990-08-28	0	0	0	0
1990-08-29	1.82	2.13	2.05	2.09
1990-08-30	0	0	0	0
1990-08-31	0	0	0	0
1990-09-01	0	0	0	0
1990-09-02	11.3	13.4	12.6	14
1990-09-03	0	0	0	0
1990-09-04	0	0	0	0
1990-09-05	1.88	2.62	2.42	2.85
1990-09-06	5.49	5.71	5.81	6.28
1990-09-07	26.5	21.7	25.9	21.1
1990-09-08	18.4	17.8	18.9	17.8
1990-09-09	11.2	10.3	10.4	10.1
1990-09-10	0	0	0	0
1990-09-11	4.29	3.64	3.85	3.61
1990-09-12	5.09	4.77	4.88	4.58
1990-09-13	0	0	0	0
1990-09-14	3.35	4.28	4.02	4.46
1990-09-15	3.02	3.89	3.39	4.03
1990-09-16	0	0	0	0
1990-09-17	0	0	0	0
1990-09-18	9.34	7.88	8.52	6.78
1990-09-19	19	20.1	19.5	21
1990-09-20	4.46	4.71	4.12	4.73
1990-09-21	8.41	7.44	8.12	7.53
1990-09-22	15.2	13.8	15.7	13.7
1990-09-23	0	0	0	0
1990-09-24	1.68	1.01	1.65	0.564
1990-09-25	2.06	2.13	2.08	2.12
1990-09-26	0	0	0	0
1990-09-27	0	0	0	0
1990-09-28	0.68	1.13	1.65	1.62
1990-09-29	0	0	0	0
1990-09-30	0	0	0	0
1990-10-01	0.0684	0.173	0.166	0.208
1990-10-02	0.131	0.0846	0.13	0.0446
1990-10-03	3.33	3.3	3.24	3.16
1990-10-04	10.8	8.76	9.32	7.31
1990-10-05	0	0	0	0
1990-10-06	0.316	0.218	0.298	0.267
1990-10-07	0	0	0	0
1990-10-08	0	0	0	0
1990-10-09	0.763	0.713	0.757	0.65
1990-10-10	0.0523	0.0121	0.00296	0
1990-10-11	0	0	0	0
1990-10-12	0	0	0	0
1990-10-13	0.124	0.14	0.133	0.148
1990-10-14	0	0	0	0
1990-10-15	0	0	0	0
1990-10-16	0	0.0346	0	0
1990-10-17	0	0	0	0
1990-10-18	0.114	0.106	0.12	0.116
1990-10-19	1.94	1.49	1.84	1.51
1990-10-20	0	0	0	0
1990-10-21	0	0	0	0
1990-10-22	0	0	0	0
1990-10-23	0	0	0	0
1990-10-24	0	0	0	0
1990-10-25	0	0	0	0
1990-10-26	0	0	0	0
1990-10-27	0.387	0.469	0.465	0.564
1990-10-28	1.56	1.55	1.68	1.72
1990-10-29	8.86	8.27	8.55	8.01
1990-10-30	18	17.8	18	17.9
1990-10-31	18.6	17.1	17.5	15.7
1990-11-01	13	12	12.5	11.5
1990-11-02	5.03	5.68	5.14	5.22
1990-11-03	5.48	4.79	5.2	4.58
1990-11-04	0	0	0	0
1990-11-05	0.128	0.175	0.31	0.11
1990-11-06	0	0	0	0
1990-11-07	0	0	0	0.0393
1990-11-08	0	0	0	0
1990-11-09	0	0	0	0
1990-11-10	0	0	0	0
1990-11-11	0.501	0.574	0.527	0.537
1990-11-12	0	0	0	0
1990-11-13	0	0	0	0
1990-11-14	5.49	5.69	5.92	6.23
1990-11-15	1.94	2.13	2.01	2.17
1990-11-16	3.46	3.62	3.47	3.52
1990-11-17	0	0	0	0
1990-11-18	0.612	0.615	0.505	0.379
1990-11-19	1.27	1.21	1.28	1.18
1990-11-20	3.24	2.69	2.95	2.47
1990-11-21	0.216	0.05	0.0122	0
1990-11-22	0	0	0	0
1990-11-23	0	0	0	0
1990-11-24	2.53	2.34	2.42	2.22
1990-11-25	9.77	8	8.87	7.46
1990-11-26	0	0	0	0
1990-11-27	0	0	0	0
1990-11-28	1.04	1.06	1.08	1.07
1990-11-29	0	0	0	0
1990-11-30	0	0	0	0
1990-12-01	0	0	0	0
1990-12-02	0.828	0.982	0.902	1.03
1990-12-03	0	0	0	0
1990-12-04	0	0	0	0
1990-12-05	0	0	0	0
1990-12-06	0	0	0	0
1990-12-07	1.56	1.79	1.67	1.85
1990-12-08	0	0	0	0
1990-12-09	0	0	0	0
1990-12-10	0	0	0	0
1990-12-11	0	0	0	0
1990-12-12	0.431	0.139	0.0244	0
1990-12-13	0	0	0	0
1990-12-14	0	0	0	0
1990-12-15	0	0	0	0
1990-12-16	0	0	0	0
1990-12-17	0	0	0	0
1990-12-18	0	0	0	0
1990-12-19	0	0	0	0
1990-12-20	0.294	0.656	0.711	0.743
1990-12-21	0.802	0.939	0.85	0.838
1990-12-22	2.13	2.69	2.46	2.97
1990-12-23	1.95	1.4	1.62	1.24
1990-12-24	1.36	1.19	1.24	1.28
1990-12-25	0	0	0	0
1990-12-26	0	0.0934	0	0.0628
1990-12-27	3.29	3.44	3.32	3.48
1990-12-28	4.11	4.33	4.27	4.77
1990-12-29	4.97	5.13	4.97	5.15
1990-12-30	2.55	3.16	2.76	3.02
1990-12-31	2.2	2.39	2.42	2.57
1991-01-01	0.606	0.595	0.534	0.556
1991-01-02	7.25	6.46	6.22	6.03
1991-01-03	1.45	1.71	1.38	1.53
1991-01-04	0.694	0.626	0.628	0.656
1991-01-05	1.7	1.62	1.53	1.59
1991-01-06	1.54	1.73	1.54	1.75
1991-01-07	0.942	0.823	0.765	0.73
1991-01-08	3.31	2.93	2.98	3.08
1991-01-09	5.86	4.59	5.01	4.62
1991-01-10	8.53	7.44	7.59	7.41
1991-01-11	0.332	0.298	0.308	0.307
1991-01-12	1.04	0.755	0.874	0.792
1991-01-13	0	0	0	0
1991-01-14	0	0	0	0
1991-01-15	0	0	0	0
1991-01-16	0	0	0	0
1991-01-17	0	0	0	0
1991-01-18	0	0	0	0
1991-01-19	0	0	0	0
1991-01-20	0	0	0	0
1991-01-21	0.515	0.322	0.432	0.362
1991-01-22	0	0	0	0
1991-01-23	0	0	0	0
1991-01-24	0	0	0	0
1991-01-25	0.193	0.191	0.0109	0.00569
1991-01-26	4.37	4.7	4.31	4.66
1991-01-27	0.347	0.352	0.333	0.344
1991-01-28	0	0	0	0
1991-01-29	0	0	0	0
1991-01-30	0	0	0	0
1991-01-31	0	0	0	0
1991-02-01	0	0.501	0	0.682
1991-02-02	0.875	0.86	0.84	0.886
1991-02-03	0	0	0	0
1991-02-04	0	0	0	0
1991-02-05	0	0	0	0
1991-02-06	0	0	0	0
1991-02-07	0	0	0	0
1991-02-08	1.11	0.927	0.98	0.918
1991-02-09	1.68	1.56	1.55	1.54
1991-02-10	2.57	2.18	2.31	2.36
1991-02-11	1.04	0.59	0.937	0.318
1991-02-12	1.09	0.624	0.993	0.337
1991-02-13	1.37	0.939	1.23	1.01
1991-02-14	0	0	0	0
1991-02-15	0	0	0	0
1991-02-16	0	0	0	0
1991-02-17	0	0	0	0
1991-02-18	0	0	0	0
1991-02-19	0	0	0	0
1991-02-20	0	0.123	0	0.0073
1991-02-21	0	0	0	0
1991-02-22	0	0	0	0
1991-02-23	2.53	2.45	2.45	2.52
1991-02-24	1.14	1.09	1.07	1.09
1991-02-25	1.71	1.99	1.87	2.01
1991-02-26	0	0	0	0
1991-02-27	0	0	0	0
1991-02-28	4.28	4.01	4.15	4.31
1991-03-01	2.07	2.01	1.96	2.03
1991-03-02	0	0	0	0
1991-03-03	0	0	0	0
1991-03-04	1.39	1.42	1.38	1.47
1991-03-05	0	0	0	0
1991-03-06	0	0	0	0
1991-03-07	1.31	1.4	1.35	1.49
1991-03-08	0	0	0	0
1991-03-09	0	0	0	0
1991-03-10	0	0	0	0
1991-03-11	0	0	0	0
1991-03-12	0.542	0.432	0.0307	0.0113
1991-03-13	3.39	3.71	3.53	4
1991-03-14	2.61	2.67	2.58	2.76
1991-03-15	2.06	1.84	2.05	2.14
1991-03-16	0	0	0	0
1991-03-17	1.33	0.992	1.22	1.16
1991-03-18	3.11	2.74	2.67	2.5
1991-03-19	1.8	1.76	1.72	1.74
1991-03-20	0	0	0	0
1991-03-21	3.54	3.64	3.59	3.88
1991-03-22	9.96	8.93	8.81	8.34
1991-03-23	6.83	6.56	6.46	6.38
1991-03-24	0	0	0	0
1991-03-25	0	0	0	0
1991-03-26	0	0.0122	0	0.078
1991-03-27	0	0	0	0
1991-03-28	0	0	0	0
1991-03-29	0	0	0	0
1991-03-30	0	0	0	0
1991-03-31	0	0	0	0
1991-04-01	0.286	0.737	0.693	0.974
1991-04-02	0	0.349	0	0.52
1991-04-03	0	0	0	0
1991-04-04	0	0	0	0
1991-04-05	0.633	0.202	0.0358	0
1991-04-06	2.42	2.29	2.13	2.49
1991-04-07	0	0	0	0
1991-04-08	0.933	0.819	0.779	0.872
1991-04-09	0	0	0	0
1991-04-10	0	0	0	0
1991-04-11	0	0	0	0
1991-04-12	0	0	0	0
1991-04-13	0.529	0.123	0.0299	0.0858
1991-04-14	0	0	0	0
1991-04-15	0	0.133	0	0.0981
1991-04-16	2.69	2.46	2.22	2.66
1991-04-17	0.981	0.481	0.692	0.231
1991-04-18	1.43	0.909	0.885	0.712
1991-04-19	0	0	0	0
1991-04-20	0	0	0	0
1991-04-21	0	0	0	0
1991-04-22	0	0	0	0
1991-04-23	0	0	0	0
1991-04-24	0	0	0	0
1991-04-25	0	0	0	0
1991-04-26	0	0	0	0
1991-04-27	0	0.0934	0	0.475
1991-04-28	0	0	0	0
1991-04-29	0	0	0	0
1991-04-30	0	0	0	0
1991-05-01	0.708	0.393	0.615	0.208
1991-05-02	2.28	1.71	1.97	1.43
1991-05-03	0	0	0	0
1991-05-04	0	0	0	0
1991-05-05	0	0	0	0
1991-05-06	0	0	0	0
1991-05-07	0	0.00634	0	0
1991-05-08	0	0	0	0
1991-05-09	0.246	0.534	0.595	0.574
1991-05-10	0	0	0	0
1991-05-11	0.295	0.772	0.715	0.914
1991-05-12	0.365	0.0846	0.0207	0
1991-05-13	1.01	1.49	1.23	1.41
1991-05-14	22.4	24.1	23.8	25.1
1991-05-15	13	13.8	13.7	14.2
1991-05-16	5.72	6.01	5.99	5.91
1991-05-17	0.793	0.72	0.745	0.735
1991-05-18	0	0	0	0
1991-05-19	0	0	0	0
1991-05-20	5.14	5.25	5.16	5.37
1991-05-21	0	0	0	0
1991-05-22	0	0	0	0
1991-05-23	0	0	0	0
1991-05-24	0	0.244	0	0.423
1991-05-25	0.408	0.0947	0.0231	0
1991-05-26	1.36	1.49	1.49	1.31
1991-05-27	0	0	0	0
1991-05-28	0	0	0	0
1991-05-29	0	0	0	0
1991-05-30	0	0	0	0
1991-05-31	0	0	0	0
1991-06-01	4.09	2.24	3.47	1.17
1991-06-02	0	0	0	0
1991-06-03	0	0.604	0	0.0331
1991-06-04	0	0	0	0
1991-06-05	0	0	0	0
1991-06-06	0	0	0	0
1991-06-07	0	0	0	0
1991-06-08	0	0.651	0	0.444
1991-06-09	0	0	0	0
1991-06-10	0	0.413	0	1.87
1991-06-11	7.94	8.52	7.97	8.66
1991-06-12	0	0	0	0
1991-06-13	6.21	6.14	5.94	6.15
1991-06-14	6.19	6.72	6.74	6.6
1991-06-15	1.54	3.98	3.73	5.34
1991-06-16	3.67	2.33	3.22	1.09
1991-06-17	0	0.627	0	0.0379
1991-06-18	10.4	10.5	10.3	10.6
1991-06-19	11.3	11.8	10.9	11.3
1991-06-20	0	0.0511	0	0.00611
1991-06-21	3.33	5.07	4.07	5.44
1991-06-22	2.19	0.725	0.124	0
1991-06-23	0	0	0	0
1991-06-24	4.45	5.39	4.83	6.24
1991-06-25	8.48	8.48	7.52	7.45
1991-06-26	4.45	3.18	4.17	4.47
1991-06-27	5.26	3.92	4.86	4.96
1991-06-28	0	0	0	0
1991-06-29	17.3	16.3	15.4	15.8
1991-06-30	9.44	7.05	7.63	6.28
1991-07-01	0.264	0.121	0.015	0.323
1991-07-02	0.212	0.0493	0.012	0
1991-07-03	0	0	0	0
1991-07-04	0	0	0	0
1991-07-05	0	0	0	0
1991-07-06	0	0	0	0
1991-07-07	0	0	0	0
1991-07-08	0	0	0	0
1991-07-09	0.538	0.822	0.767	1.13
1991-07-10	2.42	1.95	2.31	2.09
1991-07-11	1.67	1.31	1.06	0.368
1991-07-12	1.29	1.06	1.07	0.827
1991-07-13	0.14	0.269	0.339	0.464
1991-07-14	16	14	13.5	13.6
1991-07-15	12.3	10.6	10.7	9.24
1991-07-16	0	0	0	0
1991-07-17	0.344	0.815	0.834	1.12
1991-07-18	0	0	0	0
1991-07-19	17.1	17.8	17.8	18
1991-07-20	2.19	2.48	2.29	2.58
1991-07-21	4.53	4.18	3.4	4.35
1991-07-22	0	0	0	0
1991-07-23	0	0.109	0	0.0527
1991-07-24	0	0	0	0
1991-07-25	1.42	2	1.97	2.68
1991-07-26	6.96	10.3	9.09	12.2
1991-07-27	0	0	0	0
1991-07-28	0	0	0	0
1991-07-29	0	0	0	0
1991-07-30	0	0	0	0
1991-07-31	0	0	0	0
1991-08-01	0	0	0	0
1991-08-02	0	0	0	0
1991-08-03	0	0.331	0	0.0181
1991-08-04	4.98	5.67	5.95	6.08
1991-08-05	1.26	0.38	0.0716	0
1991-08-06	0	0	0	0
1991-08-07	0	0	0	0
1991-08-08	1.4	0.979	1.31	1.27
1991-08-09	0	0	0	0
1991-08-10	1.95	2.33	2.37	2.47
1991-08-11	1.68	0.841	1.19	0.398
1991-08-12	0	0.285	0	0.0167
1991-08-13	0	0	0	0
1991-08-14	0.506	1.26	1.22	1.34
1991-08-15	0	0	0	0
1991-08-16	4.46	5.48	4.92	5.63
1991-08-17	5.02	5.45	5.45	5.26
1991-08-18	6.4	6.59	6.55	7.04
1991-08-19	1.44	3.46	3.49	4.09
1991-08-20	7.12	4.02	5.5	2.88
1991-08-21	0	0	0	0
1991-08-22	0	0	0	0
1991-08-23	0	0	0	0
1991-08-24	0	0	0	0
1991-08-25	7.5	6.92	7.69	7.31
1991-08-26	0.684	0.159	0.0387	0
1991-08-27	4.23	4.8	4.74	4.87
1991-08-28	0	0	0	0
1991-08-29	0	0	0	0
1991-08-30	0	0	0	0
1991-08-31	0	0	0	0
1991-09-01	0	0	0	0
1991-09-02	0	0	0	0
1991-09-03	0	0	0	0
1991-09-04	0	0	0	0
1991-09-05	0.463	0.8	1.12	1.13
1991-09-06	1.67	1.45	1.18	1.54
1991-09-07	0	0	0	0
1991-09-08	0	0	0	0
1991-09-09	0	0	0	0
1991-09-10	5.8	5.99	5.66	5.82
1991-09-11	6.2	6.27	6.04	6.15
1991-09-12	0	0	0	0
1991-09-13	0.693	0.212	0.0393	0.0686
1991-09-14	3.61	3.75	3.73	4.29
1991-09-15	1.37	1.33	1.3	1.29
1991-09-16	0	0	0	0
1991-09-17	0	0	0	0
1991-09-18	1.78	2.25	2	2.63
1991-09-19	6.93	7.01	6.67	6.77
1991-09-20	0	0	0	0
1991-09-21	0	0	0	0
1991-09-22	12.4	11.6	11.3	11.2
1991-09-23	6.05	6.27	6.05	6.75
1991-09-24	2.77	2.81	2.68	2.79
1991-09-25	0	0	0	0
1991-09-26	0	0	0	0
1991-09-27	1.19	1.09	1.17	1.1
1991-09-28	0	0	0	0
1991-09-29	0	0	0	0
1991-09-30	10.9	9.4	9.85	9.36
1991-10-01	4.82	4.44	4.67	4.55
1991-10-02	4.94	5.36	5.2	5.34
1991-10-03	4.04	3.2	3.53	2.86
1991-10-04	0	0	0	0
1991-10-05	0.597	1.48	1.45	1.54
1991-10-06	2.8	2.82	2.79	2.8
1991-10-07	0	0	0	0
1991-10-08	0	0	0	0
1991-10-09	0	0	0	0
1991-10-10	0	0	0	0
1991-10-11	0	0	0	0
1991-10-12	0	0	0	0
1991-10-13	0	0	0	0
1991-10-14	0	0	0	0
1991-10-15	0	0	0	0
1991-10-16	1.58	1.81	1.73	1.88
1991-10-17	8.31	8.39	8.25	8.52
1991-10-18	1.82	2.01	1.76	1.84
1991-10-19	4.52	4.97	4.8	4.95
1991-10-20	0	0	0	0
1991-10-21	0	0	0	0
1991-10-22	0.775	0.634	0.0439	0.942
1991-10-23	4.32	4.96	4.87	5.02
1991-10-24	1.42	1.56	1.57	1.68
1991-10-25	0	0	0	0
1991-10-26	0	0	0	0
1991-10-27	0	0	0	0
1991-10-28	1.56	0.95	1.35	0.457
1991-10-29	0	0	0	0
1991-10-30	0	0	0	0
1991-10-31	0	0	0	0
1991-11-01	0.922	1.06	0.991	1.18
1991-11-02	6.69	6.1	6.25	6.38
1991-11-03	3.87	3.33	3.4	3.49
1991-11-04	2.94	3.02	2.96	3.12
1991-11-05	0	0.216	0	0.357
1991-11-06	1.48	1.06	1.23	0.954
1991-11-07	3.95	3.93	3.9	4.22
1991-11-08	0	0	0	0
1991-11-09	0	0.00937	0	0.0627
1991-11-10	0.558	0.611	0.606	0.674
1991-11-11	6.62	6.15	6.18	6.27
1991-11-12	0	0	0	0
1991-11-13	4.44	4.18	4.19	4.29
1991-11-14	0	0	0	0
1991-11-15	0	0	0	0
1991-11-16	0	0	0	0
1991-11-17	0	0	0	0
1991-11-18	0	0	0	0
1991-11-19	0	0	0	0
1991-11-20	0	0	0	0
1991-11-21	1.65	1.97	2.02	2.1
1991-11-22	0	0	0	0
1991-11-23	2.15	2.06	2.03	2.05
1991-11-24	0	0	0	0
1991-11-25	0	0	0	0
1991-11-26	0.655	0.376	0.599	0.203
1991-11-27	0	0	0	0
1991-11-28	0	0	0	0
1991-11-29	0	0.00791	0	0
1991-11-30	0	0	0	0
1991-12-01	0	0	0	0
1991-12-02	0	0	0	0
1991-12-03	0	0	0	0
1991-12-04	0	0	0	0
1991-12-05	0.176	0.438	0.426	0.522
1991-12-06	5.23	5.62	5.83	6.05
1991-12-07	0.973	0.71	0.86	0.611
1991-12-08	0	0	0	0
1991-12-09	0	0	0	0
1991-12-10	0	0	0	0
1991-12-11	0	0	0	0
1991-12-12	0	0	0	0
1991-12-13	0	0	0	0
1991-12-14	0	0	0	0
1991-12-15	0	0.00413	0	0
1991-12-16	0	0	0	0
1991-12-17	0.392	0.461	0.456	0.523
1991-12-18	0.861	0.807	0.874	0.855
1991-12-19	3.19	3.24	3.36	3.38
1991-12-20	2.21	2.23	2.17	2.05
1991-12-21	0.272	0.0632	0.0154	0
1991-12-22	0.979	1.06	1.11	1.2
1991-12-23	6.64	6.56	6.79	6.46
1991-12-24	0	0	0	0
1991-12-25	0	0	0	0
1991-12-26	3.35	2.82	3.22	2.82
1991-12-27	0	0	0	0
1991-12-28	1.64	1.83	1.81	1.9
1991-12-29	0.381	0.499	0.384	0.419
1991-12-30	0	0	0	0
1991-12-31	0	0	0	0
1992-01-01	0	0	0	0.0122
1992-01-02	0.101	0.274	0.00571	0.165
1992-01-03	0.709	0.863	0.699	1.05
1992-01-04	0	0.0173	0	0
1992-01-05	0	0	0	0
1992-01-06	0.236	0.32	0.259	0.429
1992-01-07	0.687	0.72	0.568	0.692
1992-01-08	0.425	0.52	0.362	0.476
1992-01-09	0	0	0	0
1992-01-10	1.15	1.33	1.03	1.37
1992-01-11	0	0	0	0
1992-01-12	0	0	0	0
1992-01-13	2.5	2.94	2.26	3.07
1992-01-14	0.266	0.284	0.226	0.274
1992-01-15	0	0	0	0
1992-01-16	1.24	1.51	1.14	1.5
1992-01-17	0	0	0	0
1992-01-18	0	0	0	0
1992-01-19	0	0	0	0
1992-01-20	0	0	0	0
1992-01-21	0	0	0	0
1992-01-22	0	0	0	0
1992-01-23	0	0	0	0
1992-01-24	0	0	0	0
1992-01-25	0.0702	0.215	0.17	0.278
1992-01-26	0	0	0	0
1992-01-27	0.503	0.224	0.297	0.0973
1992-01-28	0	0	0	0
1992-01-29	0	0.0578	0	0.0233
1992-01-30	0	0	0	0
1992-01-31	0	0	0	0
1992-02-01	0	0	0	0
1992-02-02	0	0	0	0
1992-02-03	2.46	2.02	2.31	2.19
1992-02-04	0	0	0	0
1992-02-05	0	0	0	0
1992-02-06	1.04	1.12	1.09	1.12
1992-02-07	0	0	0	0
1992-02-08	0	0	0	0
1992-02-09	0	0	0	0.0421
1992-02-10	1.67	1.83	1.7	1.94
1992-02-11	0.554	0.551	0.515	0.541
1992-02-12	0	0	0	0
1992-02-13	7.37	7.16	7.1	7.23
1992-02-14	1.32	1.36	1.27	1.34
1992-02-15	0	0	0	0
1992-02-16	0	0	0	0
1992-02-17	0	0	0	0
1992-02-18	0	0	0	0
1992-02-19	0	0	0	0
1992-02-20	0.827	1.07	0.972	1.24
1992-02-21	0	0	0	0
1992-02-22	0.804	0.829	0.809	0.846
1992-02-23	3.75	3.81	3.98	4.45
1992-02-24	0	0	0	0
1992-02-25	1.58	1.37	1.12	0.839
1992-02-26	0	0	0	0
1992-02-27	0	0	0	0
1992-02-28	1.39	1.7	1.42	1.49
1992-02-29	0	0.00664	0	0
1992-03-01	0	0	0	0
1992-03-02	0.836	0.863	0.824	0.852
1992-03-03	2.32	2.51	2.49	2.55
1992-03-04	0	0	0	0
1992-03-05	0	0	0	0
1992-03-06	0	0	0	0
1992-03-07	0	0	0	0
1992-03-08	0	0	0	0
1992-03-09	0	0	0	0
1992-03-10	0	0	0	0
1992-03-11	1.21	1.28	1.26	1.36
1992-03-12	3.3	3.35	3.37	3.63
1992-03-13	0	0	0	0
1992-03-14	1.04	1.11	1.06	1.1
1992-03-15	0	0	0	0
1992-03-16	0	0	0	0
1992-03-17	0.842	0.92	1.04	1.12
1992-03-18	0	0	0	0
1992-03-19	2.75	3.03	2.87	3.24
1992-03-20	0	0	0	0
1992-03-21	0.38	0.0882	0.0215	0
1992-03-22	3	2.51	2.63	2.27
1992-03-23	4.07	3.56	3.75	3.5
1992-03-24	0	0	0	0
1992-03-25	0	0	0	0
1992-03-26	0	0	0	0
1992-03-27	3.8	4.06	4.1	4.54
1992-03-28	0.238	0.458	0.576	0.604
1992-03-29	0	0	0	0
1992-03-30	0	0	0	0
1992-03-31	0	0	0	0
1992-04-01	0	0	0	0
1992-04-02	9.15	8.59	8.91	8.94
1992-04-03	5.73	5.72	5.97	6.24
1992-04-04	0	0.0303	0	0.15
1992-04-05	1.47	1.2	1.5	1.44
1992-04-06	3.41	3.2	3.3	3.27
1992-04-07	0	0	0	0
1992-04-08	0	0	0	0
1992-04-09	0	0	0	0
1992-04-10	1	0.969	1.04	0.371
1992-04-11	0	0	0	0
1992-04-12	4.19	3.33	3.99	3.53
1992-04-13	2.19	2.16	2.34	2.69
1992-04-14	0	0	0	0
1992-04-15	0	0	0	0
1992-04-16	0	0	0	0
1992-04-17	0	0	0	0
1992-04-18	5.55	5.5	5.29	5.71
1992-04-19	2.19	2.32	2.18	2.31
1992-04-20	0	0	0	0
1992-04-21	0	0	0	0
1992-04-22	0	0	0	0
1992-04-23	0	0	0	0
1992-04-24	0	0	0	0
1992-04-25	22.3	23.4	22.4	24
1992-04-26	6.36	6.33	5.94	5.61
1992-04-27	20.1	20.6	20.4	21.3
1992-04-28	0	0.474	0	0.956
1992-04-29	16.5	17.2	16.5	17.7
1992-04-30	1.69	2.38	1.98	2.46
1992-05-01	2	2.19	2.21	2.3
1992-05-02	3.97	4.24	4.38	4.7
1992-05-03	0	0	0	0
1992-05-04	0	0	0	0
1992-05-05	0	0	0	0
1992-05-06	0	0.146	0	0.00333
1992-05-07	4.12	4.37	4.3	4.3
1992-05-08	0	0.351	0	0.0192
1992-05-09	3.86	3.09	3.54	3.19
1992-05-10	0.805	0.945	1.95	0.69
1992-05-11	3.16	2.11	2.57	2.11
1992-05-12	0	0	0	0
1992-05-13	2.03	2.33	2.38	2.72
1992-05-14	0	0	0	0
1992-05-15	0	0	0	0
1992-05-16	2.46	2.47	2.85	2.71
1992-05-17	0	0	0	0
1992-05-18	0	0	0	0
1992-05-19	0	0	0	0
1992-05-20	0	0	0	0
1992-05-21	0	0	0	0
1992-05-22	0	0	0	0
1992-05-23	4.12	4.22	4.09	4.13
1992-05-24	4.42	4.41	4.44	4.37
1992-05-25	0	0	0	0
1992-05-26	0	0	0	0
1992-05-27	0	0	0	0
1992-05-28	0	0	0	0
1992-05-29	0	0	0	0
1992-05-30	0	0	0	0
1992-05-31	0	0	0	0
1992-06-01	0	0	0	0
1992-06-02	0	0	0	0
1992-06-03	0	0	0	0
1992-06-04	0	0	0	0
1992-06-05	0	0.0533	0	0.0372
1992-06-06	0	0	0	0
1992-06-07	0	0	0	0
1992-06-08	0	0	0	0
1992-06-09	0	0	0	0
1992-06-10	0	0	0	0
1992-06-11	0	0	0	0
1992-06-12	0.466	0.568	0.498	0.631
1992-06-13	8.27	8.92	9.46	9.73
1992-06-14	5.06	3.68	3.5	3.45
1992-06-15	4.39	5.07	4.86	5.81
1992-06-16	0	0	0	0
1992-06-17	0	0	0	0
1992-06-18	1.86	1.32	0.948	1.31
1992-06-19	0.0585	0.0136	0.00331	0
1992-06-20	0	0	0	0
1992-06-21	3.75	4.29	3.97	4.27
1992-06-22	0.808	0.422	0.538	0.351
1992-06-23	0	0	0	0
1992-06-24	0	0	0	0
1992-06-25	0	0	0	0
1992-06-26	0	0	0	0
1992-06-27	0.111	0.272	0.268	0.395
1992-06-28	0.611	0.952	0.846	1.09
1992-06-29	0.376	0.403	0.363	0.335
1992-06-30	0	0	0	0
1992-07-01	3.65	3.8	3.95	3.87
1992-07-02	2.3	1.69	2	1.33
1992-07-03	0	0	0	0
1992-07-04	0	0	0	0
1992-07-05	0	0	0	0
1992-07-06	0	0	0	0
1992-07-07	0	0	0	0
1992-07-08	0	0.18	0	0.0107
1992-07-09	13.2	12.6	13.3	14.3
1992-07-10	11.3	12.9	12.4	13.1
1992-07-11	0	0.0141	0	0.00169
1992-07-12	0.873	0.203	0.0495	0.09
1992-07-13	3.74	3.31	2.82	2.52
1992-07-14	24.4	25.9	26.1	28.2
1992-07-15	4.28	6.15	5.48	6.23
1992-07-16	0	0	0	0
1992-07-17	0	0	0	0
1992-07-18	16	16.3	16.6	16.9
1992-07-19	0.994	2.48	2.41	3.24
1992-07-20	2.73	2.51	2.28	2.19
1992-07-21	5.43	7.58	7.18	9.09
1992-07-22	2.79	2.21	2.27	2.09
1992-07-23	0	0	0	0
1992-07-24	0	0	0	0
1992-07-25	0	0	0	0
1992-07-26	11.4	9.66	10.6	9.42
1992-07-27	6.68	9.2	9	9.86
1992-07-28	0	0.119	0	0.661
1992-07-29	0	0	0	0
1992-07-30	2.66	4.15	3.24	3.85
1992-07-31	0	0	0	0
1992-08-01	0	0	0	0
1992-08-02	0	0	0	0
1992-08-03	0	0	0	0
1992-08-04	1.28	3.29	3.09	3.63
1992-08-05	0	0	0	0
1992-08-06	0	0.187	0	0
1992-08-07	0	0	0	0
1992-08-08	0	0	0	0
1992-08-09	3.78	3.65	3.88	3.86
1992-08-10	7.41	7.69	7.63	8.07
1992-08-11	24.9	24	24.3	23.3
1992-08-12	6.84	6.36	6.56	5.76
1992-08-13	18.2	15.9	16.7	15.9
1992-08-14	19.5	21.9	18.8	19.3
1992-08-15	0	0.391	0	2.11
1992-08-16	0	0	0	0
1992-08-17	5.33	5.42	5.63	5.49
1992-08-18	3.75	2.12	3.28	1.11
1992-08-19	4.5	5.37	5.09	5.13
1992-08-20	3.33	1.94	3.12	1.06
1992-08-21	1.36	0.316	0.077	0
1992-08-22	0	0	0	0
1992-08-23	4.03	2.21	3.44	1.16
1992-08-24	16.5	16	16.5	16.2
1992-08-25	1.16	1.49	0.0656	1.89
1992-08-26	0	0.802	0	1.54
1992-08-27	0	0.781	0	0.032
1992-08-28	4.91	4.88	4.98	4.77
1992-08-29	0	0	0	0
1992-08-30	0	0	0	0
1992-08-31	9.37	9.01	9.29	9.13
1992-09-01	0	0	0	0
1992-09-02	0	0	0	0
1992-09-03	0.554	0.59	0.574	0.88
1992-09-04	24.3	22.8	23.4	23.9
1992-09-05	6.49	8.01	7.43	8.99
1992-09-06	0	0	0	0
1992-09-07	0	0	0	0
1992-09-08	0.13	0.335	0.315	0.469
1992-09-09	0	0	0	0
1992-09-10	0	0.0337	0	0.153
1992-09-11	0	0	0	0
1992-09-12	0	0	0	0
1992-09-13	0	0	0	0
1992-09-14	9.06	8.04	8.52	7.61
1992-09-15	1.58	1.46	1.21	1.08
1992-09-16	3.24	2.93	2.73	2.84
1992-09-17	0.37	0.205	0.32	0.108
1992-09-18	0	0	0	0
1992-09-19	0	0	0	0.0214
1992-09-20	0.572	0.463	0.508	0.537
1992-09-21	5.04	5.45	5.2	5.4
1992-09-22	0.891	0.772	0.74	0.736
1992-09-23	0.371	0.363	0.266	0.31
1992-09-24	0.867	1.05	1.08	1.21
1992-09-25	0	0.00309	0	0
1992-09-26	10.9	9.86	10.1	9.97
1992-09-27	0	0	0	0
1992-09-28	0	0	0	0
1992-09-29	0	0	0	0
1992-09-30	0	0	0	0
1992-10-01	0	0	0	0
1992-10-02	0	0	0	0
1992-10-03	0	0	0	0
1992-10-04	0	0	0	0
1992-10-05	0	0	0	0
1992-10-06	0	0	0	0
1992-10-07	0	0	0	0
1992-10-08	1.74	1.97	1.73	1.82
1992-10-09	0	0	0	0
1992-10-10	2.43	2.79	2.63	2.74
1992-10-11	0.589	1.13	1.43	0.524
1992-10-12	0	0	0	0
1992-10-13	6.18	5.51	5.5	5.03
1992-10-14	7.41	6.69	6.19	5.81
1992-10-15	21.2	16.4	18	15
1992-10-16	10.7	8.06	9.16	7.58
1992-10-17	0.842	0.195	0.0477	0
1992-10-18	0	0	0	0
1992-10-19	2.15	2.31	2.11	2.2
1992-10-20	0	0	0	0
1992-10-21	0	0	0	0
1992-10-22	0	0	0	0
1992-10-23	0	0	0	0
1992-10-24	2.04	1.97	1.9	1.9
1992-10-25	3.41	2.54	2.79	2.43
1992-10-26	2.06	1.92	1.92	1.92
1992-10-27	1.93	2.47	2.43	2.99
1992-10-28	2.48	1.57	2.1	1.83
1992-10-29	3.75	2.98	3.2	2.7
1992-10-30	0	0	0	0
1992-10-31	0	0	0	0
1992-11-01	3.51	3.41	3.38	3.34
1992-11-02	5.77	5.16	5.34	5.11
1992-11-03	9.07	8.66	9.02	8.59
1992-11-04	0	0	0	0
1992-11-05	0	0	0	0
1992-11-06	11.3	10.6	10.5	10.1
1992-11-07	0	0	0	0
1992-11-08	0	0	0	0
1992-11-09	0	0	0	0
1992-11-10	0	0.312	0	1.06
1992-11-11	2.29	2	2.29	2.25
1992-11-12	28.5	24.4	25.7	23.4
1992-11-13	4.02	4.1	3.88	3.81
1992-11-14	0	0	0	0
1992-11-15	0	0	0	0
1992-11-16	1.21	0.394	0.0683	0
1992-11-17	0	0	0	0
1992-11-18	4.38	4.05	4.13	3.96
1992-11-19	5.86	5.19	5.26	4.89
1992-11-20	4.83	4.01	4.23	3.73
1992-11-21	0	0	0	0
1992-11-22	0	0	0	0
1992-11-23	2.29	2.35	2.34	2.5
1992-11-24	11.2	10.3	10.4	9.84
1992-11-25	5.55	5.27	5.48	5.57
1992-11-26	4	3.97	3.92	3.75
1992-11-27	2.75	1.85	2	0.685
1992-11-28	11.5	10.4	10.7	10.2
1992-11-29	3.92	2.92	3.32	2.34
1992-11-30	0	0	0	0
1992-12-01	0.223	0.258	0.242	0.275
1992-12-02	0.639	0.714	0.697	0.76
1992-12-03	9.29	10.4	10.1	11
1992-12-04	3.99	3.81	3.98	4.01
1992-12-05	0	0	0	0
1992-12-06	0.172	0.0957	0.15	0.0508
1992-12-07	0.0976	0.0226	0.00553	0
1992-12-08	0	0	0	0
1992-12-09	0	0	0	0
1992-12-10	0.298	0.299	0.289	0.29
1992-12-11	0	0	0	0
1992-12-12	0.0598	0.152	0.145	0.19
1992-12-13	0.511	0.452	0.505	0.453
1992-12-14	5.04	5.03	5.15	5.25
1992-12-15	0	0	0	0
1992-12-16	0.0722	0.0541	0.00409	0.0858
1992-12-17	8	7.8	8.39	8.82
1992-12-18	0	0	0	0
1992-12-19	1.37	1.47	1.51	1.7
1992-12-20	0	0	0	0
1992-12-21	0	0	0	0
1992-12-22	0	0	0	0
1992-12-23	0	0	0	0
1992-12-24	0	0	0	0
1992-12-25	1.56	1.52	1.81	2.01
1992-12-26	0	0	0	0
1992-12-27	0	0	0	0
1992-12-28	0	0	0	0
1992-12-29	0	0	0	0
1992-12-30	0	0.00208	0	0
1992-12-31	0.0596	0.143	0.144	0.201
1993-01-01	0	0	0	0
1993-01-02	0	0	0	0
1993-01-03	0	0	0	0
1993-01-04	0	0	0	0
1993-01-05	0.747	0.814	0.716	0.833
1993-01-06	0	0	0	0
1993-01-07	0	0	0	0
1993-01-08	0	0	0	0
1993-01-09	0.868	1.03	0.85	1.05
1993-01-10	0.677	0.688	0.639	0.762
1993-01-11	1.66	1.75	1.58	1.85
1993-01-12	0	0	0	0
1993-01-13	0	0	0	0
1993-01-14	3.16	3.29	2.99	3.52
1993-01-15	1.7	1.95	1.64	1.96
1993-01-16	0.379	0.515	0.37	0.461
1993-01-17	0.546	0.674	0.572	0.728
1993-01-18	0.699	0.813	0.707	0.963
1993-01-19	0.359	0.389	0.355	0.421
1993-01-20	0	0	0	0
1993-01-21	0.971	1.05	0.968	1.22
1993-01-22	3.55	4.06	3.64	4.54
1993-01-23	0	0	0	0
1993-01-24	0	0.00467	0	0
1993-01-25	0	0.131	0	0.199
1993-01-26	0	0	0	0
1993-01-27	0	0	0	0
1993-01-28	0	0	0	0
1993-01-29	0	0	0	0
1993-01-30	0	0	0	0
1993-01-31	0	0	0	0
1993-02-01	0	0	0	0
1993-02-02	0	0	0	0
1993-02-03	0.221	0.289	0.233	0.274
1993-02-04	4.39	4.9	4.9	5.11
1993-02-05	0	0	0	0
1993-02-06	0	0	0	0
1993-02-07	0	0	0	0
1993-02-08	0	0	0	0
1993-02-09	0.0295	0.0877	0.0715	0.0989
1993-02-10	0.726	0.67	0.616	0.713
1993-02-11	0	0	0	0
1993-02-12	0	0	0	0
1993-02-13	0	0	0	0
1993-02-14	0	0	0	0
1993-02-15	0	0	0	0
1993-02-16	0.187	0.201	0.197	0.228
1993-02-17	0	0	0	0.00671
1993-02-18	5.51	5.43	5.43	5.8
1993-02-19	7.79	7	7.23	6.91
1993-02-20	0.115	0.0747	0.104	0.0848
1993-02-21	0	0	0	0
1993-02-22	0.0899	0.0641	0.0717	0.0513
1993-02-23	0.0304	0.00705	0.00172	0
1993-02-24	0	0	0	0
1993-02-25	0	0.0109	0	0
1993-02-26	0.552	0.627	0.56	0.642
1993-02-27	2.35	2.01	2.2	2.2
1993-02-28	0	0	0	0
1993-03-01	0	0	0	0
1993-03-02	0	0	0	0
1993-03-03	0	0	0	0
1993-03-04	0	0	0	0
1993-03-05	3.72	3.48	3.68	4.11
1993-03-06	0	0	0	0
1993-03-07	0	0	0	0
1993-03-08	0	0	0	0
1993-03-09	0	0.0054	0	0.0273
1993-03-10	0	0	0	0
1993-03-11	0	0	0	0
1993-03-12	0	0	0	0
1993-03-13	0	0	0	0
1993-03-14	0	0	0	0
1993-03-15	0	0	0	0
1993-03-16	0	0	0	0
1993-03-17	0.553	0.541	0.553	0.676
1993-03-18	1.83	1.67	1.78	1.89
1993-03-19	0.505	0.51	0.465	0.731
1993-03-20	0	0	0	0
1993-03-21	1.6	1.58	1.65	1.94
1993-03-22	0	0	0	0
1993-03-23	3.46	3.07	3.28	3.88
1993-03-24	0	0	0	0
1993-03-25	0.123	0.279	0.298	0.423
1993-03-26	0	0	0	0
1993-03-27	0	0	0	0
1993-03-28	0	0	0	0
1993-03-29	0.196	0.11	0.0111	0.242
1993-03-30	0.59	0.324	0.502	0.17
1993-03-31	0.449	0.472	0.476	0.581
1993-04-01	0	0.00485	0	0.0429
1993-04-02	0	0	0	0
1993-04-03	0.315	0.0967	0.0178	0
1993-04-04	0	0	0	0
1993-04-05	0	0	0	0
1993-04-06	0	0	0	0
1993-04-07	1.44	0.76	0.873	0.892
1993-04-08	0	0	0	0
1993-04-09	0	0	0	0
1993-04-10	0	0	0	0
1993-04-11	0	0	0	0
1993-04-12	0	0	0	0
1993-04-13	0	0	0	0
1993-04-14	0	0	0	0
1993-04-15	0	0	0	0
1993-04-16	0	0	0	0
1993-04-17	0.876	0.614	0.541	0.675
1993-04-18	0.557	0.392	0.389	0.478
1993-04-19	1.69	1.27	1.27	1.47
1993-04-20	0	0	0	0
1993-04-21	2.84	1.99	1.89	2.32
1993-04-22	0	0	0	0
1993-04-23	0.502	0.342	0.311	0.363
1993-04-24	0	0	0	0
1993-04-25	0	0	0	0
1993-04-26	0	0	0	0
1993-04-27	0	0	0	0
1993-04-28	0	0	0	0
1993-04-29	0	0	0	0
1993-04-30	0	0	0	0
1993-05-01	0	0	0	0
1993-05-02	0	0	0	0
1993-05-03	0	0	0	0
1993-05-04	4.82	4.05	4.12	3.32
1993-05-05	0.523	0.121	0.0296	0
1993-05-06	3.02	4.19	3.48	4.11
1993-05-07	0	0	0	0
1993-05-08	0	0.0659	0	0
1993-05-09	0	0	0	0
1993-05-10	0	0	0	0
1993-05-11	0	0	0	0
1993-05-12	0.441	1.99	1.07	1.4
1993-05-13	3.11	4.28	3.62	4.12
1993-05-14	2.19	2.79	2.37	2.74
1993-05-15	0.37	0.104	0.0209	0.00224
1993-05-16	1.43	4.05	3.46	6.05
1993-05-17	0	0	0	0
1993-05-18	0	0	0	0
1993-05-19	0	0	0	0
1993-05-20	0	0	0	0
1993-05-21	0	0	0	0
1993-05-22	0	0	0	0
1993-05-23	0	0	0	0
1993-05-24	0	0	0	0
1993-05-25	0	0	0	0
1993-05-26	0	0	0	0
1993-05-27	0	0	0	0
1993-05-28	3.99	4.64	4.38	4.35
1993-05-29	0.845	1.31	1.02	1.36
1993-05-30	0	0.481	0	0.998
1993-05-31	5.14	4.76	5.22	5.06
1993-06-01	3.4	5.54	4.85	6.34
1993-06-02	6.66	7.63	6.92	7.33
1993-06-03	8.4	9.65	8.72	9.1
1993-06-04	0	0	0	0
1993-06-05	3.74	4.33	3.64	3.66
1993-06-06	0	0	0	0.112
1993-06-07	0	0	0	0
1993-06-08	0	0	0	0
1993-06-09	0	0.156	0	0.709
1993-06-10	2.81	3.4	3.75	3.9
1993-06-11	0	0	0	0
1993-06-12	0	0.34	0	0.137
1993-06-13	9.39	9.84	9.22	8.76
1993-06-14	0	0	0	0
1993-06-15	1.34	0.829	1.38	0.472
1993-06-16	6.21	6.43	6.67	6.22
1993-06-17	10.7	10.2	9.07	8.72
1993-06-18	1.5	1.6	1.81	1.38
1993-06-19	0	0	0	0
1993-06-20	0	0	0	0
1993-06-21	0	0.203	0	0
1993-06-22	4.92	5.91	5.52	6.3
1993-06-23	4.17	4.81	4.6	5.47
1993-06-24	0	0.0951	0	0
1993-06-25	0	0	0	0
1993-06-26	0	0	0	0
1993-06-27	2.45	3.26	2.58	4.02
1993-06-28	0	0	0	0
1993-06-29	0	0	0	0
1993-06-30	0	0	0	0
1993-07-01	0	0	0	0
1993-07-02	0.624	1.74	1.51	0.578
1993-07-03	3.67	5.22	4.2	4.55
1993-07-04	3.28	4.01	3.45	3.58
1993-07-05	5.61	6.42	5.94	5.77
1993-07-06	0	0	0	0
1993-07-07	5.08	6.45	5.74	6.3
1993-07-08	0	0	0	0
1993-07-09	1.46	1.6	1.65	1.93
1993-07-10	9.37	12	11.1	13.2
1993-07-11	1.44	0.485	0.0817	0
1993-07-12	0	0	0	0
1993-07-13	0	0	0	0
1993-07-14	0	0	0	0
1993-07-15	0	0	0	0
1993-07-16	0	0	0	0
1993-07-17	0	0	0	0
1993-07-18	0	0	0	0
1993-07-19	8.77	7.6	7.3	7.49
1993-07-20	0	0	0	0
1993-07-21	4.11	4.6	3.86	3.68
1993-07-22	18.9	17.4	16.9	16.4
1993-07-23	8.24	8.02	7.98	8.62
1993-07-24	0	0	0	0
1993-07-25	10.1	10.1	9.63	8.1
1993-07-26	14.4	14.3	14.1	13.9
1993-07-27	6.34	7.3	6.61	7.36
1993-07-28	0	0.171	0	0
1993-07-29	0	0.778	0	1.33
1993-07-30	4.64	5.58	5.47	6.12
1993-07-31	26.9	25.2	25.6	24
1993-08-01	1.39	3.51	3.36	4.41
1993-08-02	0	0	0	0
1993-08-03	7.95	9.39	9.42	10.1
1993-08-04	8.35	8.35	8.47	7.78
1993-08-05	7.49	7.02	6.92	6.3
1993-08-06	0	0	0	0
1993-08-07	0	0	0	0
1993-08-08	0	0	0	0
1993-08-09	13.6	10.7	10.5	9.57
1993-08-10	33.4	32.1	32.3	29.5
1993-08-11	3.84	5.29	5.18	5.88
1993-08-12	3.64	2.26	3.77	1.29
1993-08-13	18.7	19.6	18.5	17.2
1993-08-14	0	0	0	0
1993-08-15	0	0	0	0
1993-08-16	8.99	8.16	9.1	8.28
1993-08-17	5.79	6.53	6.64	6.93
1993-08-18	0	0	0	0
1993-08-19	0	0	0	0
1993-08-20	1.62	1.53	0.0918	0.347
1993-08-21	7.84	6.49	6.27	5.45
1993-08-22	0	0	0	0
1993-08-23	7.9	7.66	8.09	7.23
1993-08-24	6.11	5.88	6.44	5.97
1993-08-25	0	0.428	0	1.74
1993-08-26	0	0	0	0
1993-08-27	0	0	0	0
1993-08-28	0	0	0	0
1993-08-29	10.9	11.1	11.7	11.5
1993-08-30	8.96	8.61	9.62	9.11
1993-08-31	0	0	0	0
1993-09-01	0	0	0	0
1993-09-02	2.87	2.9	2.69	2.77
1993-09-03	0	0	0	0
1993-09-04	0.657	1.78	1.59	2.35
1993-09-05	0	0.186	0	0.00819
1993-09-06	0	0	0	0
1993-09-07	0	0	0	0
1993-09-08	0.481	0.276	0.0272	0.526
1993-09-09	0.469	0.109	0.0266	0
1993-09-10	0	0	0	0
1993-09-11	0	0	0	0
1993-09-12	1.68	1.42	1.42	1.42
1993-09-13	0	0	0	0
1993-09-14	0	0	0	0
1993-09-15	0	0	0	0
1993-09-16	0	0	0	0
1993-09-17	0	0	0	0
1993-09-18	0	0	0	0
1993-09-19	0	0	0	0
1993-09-20	0	0	0	0
1993-09-21	2.13	1.97	1.8	1.78
1993-09-22	2.21	1.74	1.6	1.56
1993-09-23	1.48	1.42	1.39	1.42
1993-09-24	0	0.277	0	0.621
1993-09-25	1.12	0.926	0.9	0.825
1993-09-26	0.87	0.476	0.738	0.25
1993-09-27	0	0	0	0
1993-09-28	0	0	0	0
1993-09-29	0	0	0	0
1993-09-30	0	0	0	0
1993-10-01	0	0	0	0
1993-10-02	0	0	0	0
1993-10-03	0	0	0	0
1993-10-04	5.86	5.72	5.6	5.47
1993-10-05	0	0.105	0	0.25
1993-10-06	11.3	11.9	11.3	11.6
1993-10-07	8.76	8.97	8.31	8.83
1993-10-08	0.697	0.746	0.576	0.568
1993-10-09	0	0	0	0
1993-10-10	17.1	17.2	17.2	17.5
1993-10-11	6.58	6.65	6.37	6.46
1993-10-12	13.5	14.9	14.2	14.9
1993-10-13	9.92	10.4	9.84	9.96
1993-10-14	0	0	0	0
1993-10-15	0	0	0	0
1993-10-16	3.31	2.53	3.04	2.82
1993-10-17	0	0	0	0
1993-10-18	0	0	0	0
1993-10-19	0	0.0861	0	0.00346
1993-10-20	2	2.45	2.04	2.1
1993-10-21	1.99	1.81	1.99	1.99
1993-10-22	0	0	0	0
1993-10-23	0.99	1.08	1.02	1.07
1993-10-24	0	0.00395	0	0
1993-10-25	0.799	1.25	1.06	1.42
1993-10-26	6.39	6.81	6.17	5.96
1993-10-27	0.334	0.211	0.303	0.103
1993-10-28	0	0	0	0
1993-10-29	0	0	0	0
1993-10-30	0	0	0	0
1993-10-31	0	0	0	0
1993-11-01	0	0	0	0
1993-11-02	0	0	0	0
1993-11-03	0	0	0	0
1993-11-04	0	0	0	0
1993-11-05	0	0	0	0
1993-11-06	0	0	0	0
1993-11-07	0	0	0	0
1993-11-08	0	0	0	0
1993-11-09	4.33	3.57	3.87	3.69
1993-11-10	4.24	3.76	3.95	4.1
1993-11-11	1.18	1.02	1.09	1.12
1993-11-12	3.66	3.19	3.42	3.51
1993-11-13	0	0.107	0	0.239
1993-11-14	3.63	4	4.08	4.95
1993-11-15	1.55	1.64	1.6	1.75
1993-11-16	0	0	0	0
1993-11-17	0	0	0	0
1993-11-18	0	0	0	0
1993-11-19	0	0	0	0
1993-11-20	0.321	0.189	0.305	0.104
1993-11-21	1.52	1.34	1.44	1.44
1993-11-22	4.38	3.7	4.06	3.88
1993-11-23	4.54	4.06	4.32	4.34
1993-11-24	0	0	0	0
1993-11-25	0	0	0	0
1993-11-26	0	0	0	0
1993-11-27	0	0	0	0
1993-11-28	0	0	0	0
1993-11-29	0.501	0.362	0.453	0.427
1993-11-30	1.78	1.34	1.44	1.13
1993-12-01	2.13	1.88	1.9	1.7
1993-12-02	6.14	5.62	5.82	5.48
1993-12-03	1.97	1.64	1.75	1.36
1993-12-04	13.9	13.3	13.4	12.8
1993-12-05	0	0	0	0
1993-12-06	0	0	0	0
1993-12-07	7.18	7.05	7.13	6.97
1993-12-08	0	0.342	0	0.0135
1993-12-09	0	0	0	0
1993-12-10	0	0	0	0
1993-12-11	4.96	4.7	4.93	4.85
1993-12-12	2.05	1.89	1.98	1.85
1993-12-13	0	0	0	0
1993-12-14	0	0	0	0
1993-12-15	0	0	0	0
1993-12-16	19.7	16.5	17.9	15.5
1993-12-17	4.41	3.89	4.22	3.82
1993-12-18	2.22	2.7	2.5	2.64
1993-12-19	11.2	11.4	11.2	11.2
1993-12-20	4.12	3.69	3.85	3.49
1993-12-21	0	0	0	0
1993-12-22	0	0	0	0
1993-12-23	0	0	0	0
1993-12-24	2.84	2.65	2.65	2.49
1993-12-25	1.9	1.8	1.76	1.67
1993-12-26	1.38	0.942	1.29	1.16
1993-12-27	0	0	0	0
1993-12-28	0	0	0	0
1993-12-29	4.54	4.15	4.27	3.92
1993-12-30	1.7	1.62	1.65	1.61
1993-12-31	0	0	0	0
1994-01-01	0	0	0	0
1994-01-02	0	0	0	0
1994-01-03	0	0	0	0
1994-01-04	0.253	0.19	0.235	0.233
1994-01-05	4.4	4.19	4.17	4.22
1994-01-06	4.71	4.04	4.24	3.96
1994-01-07	11.1	10.2	10.1	9.73
1994-01-08	0.344	0.507	0.427	0.52
1994-01-09	0	0	0	0
1994-01-10	0	0	0	0
1994-01-11	0.264	0.327	0.289	0.339
1994-01-12	3.61	3.25	3.26	3.17
1994-01-13	7.81	7.12	7.22	6.9
1994-01-14	0	0	0	0
1994-01-15	2.29	2.19	2.26	2.25
1994-01-16	0	0	0	0
1994-01-17	0	0	0	0
1994-01-18	0	0	0	0
1994-01-19	4.06	4.1	3.96	4.21
1994-01-20	0.324	0.3	0.312	0.304
1994-01-21	2.37	2.57	2.41	2.62
1994-01-22	0.167	0.153	0.109	0.0392
1994-01-23	5.08	4.7	4.48	4.13
1994-01-24	0.73	0.714	0.626	0.525
1994-01-25	0	0	0	0
1994-01-26	13	11.9	11.3	10.1
1994-01-27	13	12.2	11.8	11.3
1994-01-28	0.632	0.533	0.574	0.478
1994-01-29	0	0	0	0
1994-01-30	9.27	8.68	8.65	8.43
1994-01-31	2.99	2.45	2.64	2.33
1994-02-01	0.3	0.175	0.24	0.0813
1994-02-02	1.16	0.988	1.02	0.903
1994-02-03	0.723	0.561	0.623	0.517
1994-02-04	0	0	0	0
1994-02-05	0	0	0	0
1994-02-06	0.259	0.235	0.254	0.288
1994-02-07	0	0	0	0
1994-02-08	0	0	0	0
1994-02-09	0.713	0.555	0.576	0.45
1994-02-10	1.11	0.919	0.98	0.826
1994-02-11	0.857	0.707	0.748	0.661
1994-02-12	0	0	0	0
1994-02-13	0	0	0	0
1994-02-14	0	0	0	0
1994-02-15	0	0	0	0
1994-02-16	0	0	0	0
1994-02-17	0	0	0	0
1994-02-18	0	0	0	0
1994-02-19	0	0	0	0
1994-02-20	0	0	0	0
1994-02-21	0	0	0	0
1994-02-22	0	0	0	0
1994-02-23	0	0	0	0
1994-02-24	0	0	0	0
1994-02-25	0	0	0	0
1994-02-26	0	0	0	0
1994-02-27	0	0	0	0
1994-02-28	0	0	0	0
1994-03-01	0	0	0	0
1994-03-02	0	0	0	0
1994-03-03	0.701	0.592	0.643	0.609
1994-03-04	0.4	0.377	0.397	0.439
1994-03-05	2.13	1.99	1.94	2.01
1994-03-06	3.84	3.83	3.78	3.95
1994-03-07	0	0	0	0
1994-03-08	4.14	4.3	4.27	4.46
1994-03-09	0	0	0	0
1994-03-10	0	0	0	0
1994-03-11	0	0	0	0
1994-03-12	0	0	0	0
1994-03-13	1.83	1.38	1.63	1.38
1994-03-14	4.32	3.78	4.05	3.9
1994-03-15	0	0.00541	0	0
1994-03-16	0	0	0	0
1994-03-17	0	0	0	0
1994-03-18	0	0	0	0
1994-03-19	0	0	0	0
1994-03-20	0	0	0	0
1994-03-21	0	0	0	0
1994-03-22	2.4	2.52	2.5	2.87
1994-03-23	5.32	5.28	5.17	5.34
1994-03-24	3.48	3.46	3.34	3.41
1994-03-25	0	0	0	0
1994-03-26	0	0	0	0
1994-03-27	0	0	0	0
1994-03-28	0	0	0	0
1994-03-29	3.34	3.38	3.38	3.51
1994-03-30	0	0	0	0
1994-03-31	3.27	3.27	3.36	3.77
1994-04-01	6.11	5.37	5.36	5.38
1994-04-02	1.18	1.14	1.01	1.06
1994-04-03	0	0	0	0
1994-04-04	0	0	0	0
1994-04-05	13.4	12.6	12.2	13.3
1994-04-06	0	0	0	0
1994-04-07	0.663	0.432	0.575	0.456
1994-04-08	0.333	0.0771	0.0188	0
1994-04-09	0	0	0	0
1994-04-10	0	0	0	0
1994-04-11	0	0	0	0
1994-04-12	0	0	0	0
1994-04-13	0	0	0	0
1994-04-14	2.2	2	2.03	2.29
1994-04-15	0	0	0	0
1994-04-16	0.15	0.176	0.363	0.176
1994-04-17	0	0	0	0
1994-04-18	0	0	0	0
1994-04-19	0	0	0	0
1994-04-20	0	0	0	0
1994-04-21	0.992	0.699	0.742	0.719
1994-04-22	1.76	1.77	1.63	1.8
1994-04-23	0	0	0	0
1994-04-24	0	0	0	0
1994-04-25	0	0	0	0
1994-04-26	4.35	3.28	3.47	2.92
1994-04-27	0	0.233	0	0.0108
1994-04-28	0	0.312	0	0.352
1994-04-29	1.07	1.13	1.1	1.06
1994-04-30	0	0	0	0
1994-05-01	0	0	0	0
1994-05-02	0	0	0	0
1994-05-03	0	0	0	0
1994-05-04	0	0	0	0
1994-05-05	0	0	0	0
1994-05-06	0	0	0	0
1994-05-07	0	0	0	0
1994-05-08	0	0	0	0
1994-05-09	0	0	0	0
1994-05-10	0	0	0	0
1994-05-11	0	0	0	0
1994-05-12	0	0	0	0
1994-05-13	0	0	0	0
1994-05-14	0.586	0.438	0.651	0.523
1994-05-15	0.261	0.496	0.631	0.644
1994-05-16	0.907	0.692	0.757	0.523
1994-05-17	0.349	0.0809	0.0198	0
1994-05-18	0	0	0	0
1994-05-19	0	0.0159	0	0.0019
1994-05-20	0	0	0	0
1994-05-21	4.08	3.15	3.82	2.83
1994-05-22	0.861	0.64	0.687	0.543
1994-05-23	0	0	0	0
1994-05-24	0	0	0	0
1994-05-25	0	0	0	0
1994-05-26	0	0	0	0
1994-05-27	0	0	0	0
1994-05-28	0.369	0.229	0.0209	0.0498
1994-05-29	2.83	2.74	2.77	2.82
1994-05-30	0	0	0	0
1994-05-31	4.1	3.97	3.88	3.39
1994-06-01	0	0	0	0
1994-06-02	0.695	1.25	1.68	2.02
1994-06-03	0	0	0	0
1994-06-04	3.67	4.51	3.87	4.45
1994-06-05	3.73	4.42	3.54	4.72
1994-06-06	5.08	6.24	5.19	5.62
1994-06-07	3.89	4.35	3.33	4.09
1994-06-08	0	0.758	0	0.0351
1994-06-09	0	0.849	0	1.52
1994-06-10	0	0	0	0
1994-06-11	0	0	0	0
1994-06-12	0	0	0	0
1994-06-13	0	0	0	0
1994-06-14	0	0	0	0
1994-06-15	0	0	0	0
1994-06-16	0	0	0	0
1994-06-17	0	0	0	0
1994-06-18	0	0	0	0
1994-06-19	3.14	3.67	3.22	4.06
1994-06-20	0	0	0	0
1994-06-21	0	0	0	0
1994-06-22	8	9.25	8.39	9.47
1994-06-23	6.03	6.43	6.04	5.9
1994-06-24	0	0	0	0
1994-06-25	1.7	1.95	1.87	2.17
1994-06-26	3.05	3	2.78	2.71
1994-06-27	1.13	0.469	0.0642	0
1994-06-28	0	0	0	0
1994-06-29	2.03	2.88	2.17	2.99
1994-06-30	0	0	0	0
1994-07-01	0	0	0	0
1994-07-02	0	0	0	0
1994-07-03	0	0	0	0
1994-07-04	0	0	0	0
1994-07-05	0	0	0	0
1994-07-06	0	0	0	0
1994-07-07	0	0	0	0
1994-07-08	0	0	0	0
1994-07-09	0.134	0.179	0.216	0.323
1994-07-10	0	0	0	0
1994-07-11	0.161	0.142	0.204	0.208
1994-07-12	0	0	0	0
1994-07-13	0	0	0	0
1994-07-14	0	0	0	0
1994-07-15	3.93	3.67	3.86	4.17
1994-07-16	0.606	0.6	0.66	0.71
1994-07-17	0.588	0.705	0.777	0.785
1994-07-18	0.173	0.247	0.272	0.304
1994-07-19	0	0	0	0
1994-07-20	0	0	0	0
1994-07-21	0	0	0	0
1994-07-22	0	0	0	0
1994-07-23	0	0	0	0
1994-07-24	0	0	0	0
1994-07-25	0	0	0	0
1994-07-26	0.107	0.0249	0.00608	0
1994-07-27	0.169	0.38	0.409	0.646
1994-07-28	0	0	0	0
1994-07-29	7.66	7.68	7.51	8.67
1994-07-30	2.21	1.96	1.97	1.75
1994-07-31	0	0	0	0.0186
1994-08-01	0	0	0	0
1994-08-02	1.84	1.95	1.96	2.28
1994-08-03	3.59	6.3	6.3	8.68
1994-08-04	0.407	1.09	0.985	1.07
1994-08-05	4.63	5.72	5.68	6.68
1994-08-06	3.4	3.47	3.33	3.6
1994-08-07	0	0	0	0
1994-08-08	0	0	0	0
1994-08-09	0	0	0	0
1994-08-10	0	0	0	0
1994-08-11	0	0	0	0
1994-08-12	0.984	0.528	0.809	0.273
1994-08-13	0.533	0.499	0.0302	0.795
1994-08-14	1.5	1.47	1.48	1.36
1994-08-15	0	0	0	0
1994-08-16	0	0	0	0
1994-08-17	0	0	0	0
1994-08-18	1.62	1.92	2.11	2.11
1994-08-19	0	0	0	0
1994-08-20	0	0	0	0
1994-08-21	0	0.0819	0	0.473
1994-08-22	22.4	18	19.1	17.4
1994-08-23	10.1	11.4	11.2	11.9
1994-08-24	0	0	0	0
1994-08-25	0	0	0	0
1994-08-26	0	0	0	0
1994-08-27	9.56	9.67	9.99	10.5
1994-08-28	0.778	0.925	0.859	0.868
1994-08-29	0	0	0	0
1994-08-30	0	0	0	0
1994-08-31	0	0	0	0
1994-09-01	0	0	0	0
1994-09-02	0	0	0	0
1994-09-03	0	0	0	0
1994-09-04	1.7	1.04	1.43	1.03
1994-09-05	0.944	1.2	1.19	1.4
1994-09-06	0	0.058	0	0
1994-09-07	0.664	0.582	0.588	0.596
1994-09-08	0	0	0	0
1994-09-09	16.6	12.6	13.7	12.2
1994-09-10	0	0	0	0
1994-09-11	13.3	12	12.6	12
1994-09-12	0	0	0	0
1994-09-13	2.96	2.52	2.63	2.6
1994-09-14	0	0	0	0
1994-09-15	12.2	10.2	11.1	10.2
1994-09-16	15.7	13	13.7	12.9
1994-09-17	5.92	6.01	5.99	6.3
1994-09-18	0	0	0	0
1994-09-19	0	0	0	0
1994-09-20	2.61	2.81	2.94	3.22
1994-09-21	0	0	0	0
1994-09-22	0	0	0	0
1994-09-23	0	0	0	0
1994-09-24	3.06	2.86	2.89	3.11
1994-09-25	0	0	0	0
1994-09-26	10.5	9.75	9.62	9.65
1994-09-27	4.51	4.13	4.65	4.96
1994-09-28	2.17	2.04	2.23	2.13
1994-09-29	0	0	0	0
1994-09-30	2.72	2.51	2.56	2.58
1994-10-01	4.87	4.37	4.75	4.48
1994-10-02	0	0	0	0
1994-10-03	9.54	8.65	9.41	9.06
1994-10-04	0	0	0	0
1994-10-05	0	0	0	0
1994-10-06	4.51	5	5.04	5.72
1994-10-07	0	0	0	0
1994-10-08	0	0	0	0
1994-10-09	0	0	0	0
1994-10-10	0	0	0	0
1994-10-11	6.08	6.01	6.18	6.49
1994-10-12	1.62	1.44	1.6	1.4
1994-10-13	1.6	1.79	1.67	1.81
1994-10-14	0	0	0	0
1994-10-15	16.6	17	16.8	17.4
1994-10-16	0	0	0	0
1994-10-17	0	0	0	0
1994-10-18	0	0	0	0
1994-10-19	0	0	0	0
1994-10-20	0	0	0	0
1994-10-21	0	0	0	0
1994-10-22	0	0	0	0
1994-10-23	0.749	0.84	0.818	0.925
1994-10-24	1.23	1.06	1.11	0.941
1994-10-25	0	0	0	0
1994-10-26	4.04	3.43	3.74	3.38
1994-10-27	14.5	14.4	14.3	14.3
1994-10-28	3.27	3.62	3.57	3.97
1994-10-29	1.99	1.92	2.04	1.96
1994-10-30	6.51	6.22	6.19	6.08
1994-10-31	10.7	10.9	10.4	10.7
1994-11-01	19.6	17.2	18.7	18.3
1994-11-02	5.18	4.72	4.92	4.88
1994-11-03	0	0	0	0
1994-11-04	0.26	0.343	0.34	0.428
1994-11-05	0	0	0	0
1994-11-06	0	0	0	0
1994-11-07	7.67	6.59	6.53	5.64
1994-11-08	0	0	0	0
1994-11-09	0.688	0.737	0.722	0.696
1994-11-10	0.574	0.627	0.638	0.699
1994-11-11	0	0	0	0
1994-11-12	0	0	0	0
1994-11-13	0	0	0	0
1994-11-14	13.5	12.2	12.9	13
1994-11-15	2.29	1.92	1.77	1.43
1994-11-16	0.765	0.646	0.692	0.623
1994-11-17	0	0	0	0
1994-11-18	0	0	0	0
1994-11-19	2.56	2.58	2.61	2.89
1994-11-20	1.66	1.82	1.84	1.8
1994-11-21	0	0	0	0
1994-11-22	0	0	0	0
1994-11-23	0.606	0.822	0.769	0.882
1994-11-24	0	0	0	0
1994-11-25	0	0	0	0
1994-11-26	0	0.00259	0	0
1994-11-27	1.06	0.713	0.975	0.798
1994-11-28	1.04	1.11	1.15	1.12
1994-11-29	0	0	0	0
1994-11-30	0	0	0	0
1994-12-01	0	0	0	0
1994-12-02	0	0	0	0
1994-12-03	0	0	0	0
1994-12-04	1.37	1.36	1.35	1.32
1994-12-05	0	0	0	0
1994-12-06	3.21	2.73	2.96	2.7
1994-12-07	2.11	2.28	2.33	2.44
1994-12-08	7.21	6.81	7.06	7.02
1994-12-09	4.27	3.43	3.72	3.15
1994-12-10	4.51	5.23	4.72	4.96
1994-12-11	1.91	1.81	1.89	1.84
1994-12-12	0	0	0	0
1994-12-13	0	0	0	0
1994-12-14	0	0	0	0
1994-12-15	0	0	0	0
1994-12-16	8.63	8.42	8.5	8.57
1994-12-17	0	0	0	0
1994-12-18	0.681	0.721	0.717	0.788
1994-12-19	1.46	1.56	1.48	1.61
1994-12-20	0	0	0	0
1994-12-21	0	0	0	0
1994-12-22	0	0	0	0
1994-12-23	0	0	0	0
1994-12-24	0	0	0	0
1994-12-25	0	0	0	0
1994-12-26	0	0	0	0
1994-12-27	5.48	4.88	5.3	5.07
1994-12-28	0.944	0.975	0.968	1.01
1994-12-29	7.63	7.22	7.29	7.32
1994-12-30	0.794	0.65	0.672	0.617
1994-12-31	10.6	10	10.5	10.5
1995-01-01	10.7	10	10.2	9.94
1995-01-02	1.13	1.07	1.09	1.1
1995-01-03	0	0	0	0
1995-01-04	0	0	0	0
1995-01-05	0	0	0	0
1995-01-06	0	0	0	0
1995-01-07	0.315	0.39	0.331	0.373
1995-01-08	1.71	1.62	1.61	1.59
1995-01-09	0.804	0.705	0.706	0.67
1995-01-10	20.7	17.4	18	16.6
1995-01-11	2.92	2.53	2.61	2.36
1995-01-12	0.402	0.365	0.383	0.354
1995-01-13	1.06	1.27	1.11	1.26
1995-01-14	0.0819	0.0961	0.198	0.102
1995-01-15	0	0	0	0
1995-01-16	0.54	0.526	0.506	0.504
1995-01-17	0	0	0	0
1995-01-18	0.3	0.324	0.291	0.278
1995-01-19	1.36	1.34	1.3	1.39
1995-01-20	6.56	6.26	6.22	6.47
1995-01-21	2.68	2.17	2.24	1.98
1995-01-22	7.24	6.13	6.3	5.88
1995-01-23	12.4	11	11.1	10.5
1995-01-24	0	0	0	0
1995-01-25	0	0	0	0
1995-01-26	0	0	0	0
1995-01-27	0	0	0	0
1995-01-28	0	0	0	0
1995-01-29	0.141	0.0328	0.00801	0
1995-01-30	0.311	0.245	0.292	0.318
1995-01-31	1.04	1.27	1.16	1.42
1995-02-01	5.74	5.78	5.75	6.26
1995-02-02	0	0	0	0
1995-02-03	1.67	1.93	1.8	1.93
1995-02-04	0	0.23	0	0.339
1995-02-05	0.411	0.631	0.48	0.592
1995-02-06	0	0.00829	0	0
1995-02-07	0	0.0276	0	0
1995-02-08	0	0	0	0
1995-02-09	0	0	0	0
1995-02-10	0	0	0	0
1995-02-11	0	0	0	0
1995-02-12	3.53	3.57	3.63	3.85
1995-02-13	0	0	0	0
1995-02-14	2.14	2.25	2.27	2.5
1995-02-15	2.04	2.28	2.08	2.31
1995-02-16	0	0.0751	0	0.063
1995-02-17	0.473	0.281	0.456	0.155
1995-02-18	0	0	0	0
1995-02-19	1.48	1.66	1.62	1.89
1995-02-20	1.07	1.19	1.16	1.18
1995-02-21	0	0	0	0
1995-02-22	0	0	0	0
1995-02-23	1.35	1.5	1.45	1.61
1995-02-24	0	0	0	0
1995-02-25	0	0	0	0
1995-02-26	0	0	0	0
1995-02-27	0	0	0	0
1995-02-28	1.24	1.46	1.27	1.37
1995-03-01	0	0	0	0
1995-03-02	0	0	0	0
1995-03-03	0	0	0	0
1995-03-04	2.81	2.57	2.61	2.54
1995-03-05	1.56	0.849	1.31	0.443
1995-03-06	4.14	3.71	4.07	3.86
1995-03-07	6.54	6.36	6.57	6.67
1995-03-08	0	0	0	0
1995-03-09	3.35	2.72	2.84	2.27
1995-03-10	0	0	0	0
1995-03-11	0	0	0	0
1995-03-12	0	0	0	0
1995-03-13	0	0	0	0
1995-03-14	0	0	0	0
1995-03-15	0.716	0.417	0.0405	0.839
1995-03-16	6.48	5.39	5.74	5.17
1995-03-17	3.92	3.55	3.68	3.59
1995-03-18	25.4	23.2	23.5	22
1995-03-19	1.97	1.72	1.73	1.56
1995-03-20	1.82	1.98	2.05	2.27
1995-03-21	0	0.182	0	0.00995
1995-03-22	3.81	4.45	4.19	4.69
1995-03-23	0	0	0	0
1995-03-24	9.01	8.37	9.01	9.34
1995-03-25	4.67	4.87	4.98	5.88
1995-03-26	0	0	0	0
1995-03-27	0	0	0	0
1995-03-28	0.488	1.09	1.18	1.32
1995-03-29	0	0	0	0
1995-03-30	0	0	0	0
1995-03-31	4.34	4.57	4.37	4.63
1995-04-01	0	0	0	0
1995-04-02	0	0.0549	0	0
1995-04-03	0	0	0	0
1995-04-04	0	0	0	0
1995-04-05	0	0	0	0
1995-04-06	0	0.196	0	0.00852
1995-04-07	0.259	0.695	0.628	0.808
1995-04-08	0	0	0	0
1995-04-09	0	0	0	0
1995-04-10	0	0	0	0
1995-04-11	0	0	0	0
1995-04-12	0	0	0	0
1995-04-13	0	0	0	0
1995-04-14	0	0	0	0
1995-04-15	12.2	11	11.6	11.6
1995-04-16	4.85	4.48	4.52	4.26
1995-04-17	5.03	4.69	4.76	4.69
1995-04-18	4.76	4.36	4.55	4.38
1995-04-19	16.6	16.5	15.8	15.7
1995-04-20	6	5.42	5.73	5.37
1995-04-21	0.733	0.656	0.659	0.233
1995-04-22	0	0	0	0
1995-04-23	0.495	0.115	0.028	0
1995-04-24	0	0.0816	0	0.445
1995-04-25	0.697	0.783	0.797	1.12
1995-04-26	0	0	0	0
1995-04-27	0.729	0.59	0.789	0.921
1995-04-28	8.75	8.12	8.54	8.16
1995-04-29	4.32	4.11	4.13	3.98
1995-04-30	0	0	0	0
1995-05-01	0	0	0	0
1995-05-02	0	0.355	0	0.678
1995-05-03	3.22	3.17	3.3	2.92
1995-05-04	0	0	0	0
1995-05-05	2.94	3.11	3.25	3.42
1995-05-06	6.15	5.45	6.17	5.8
1995-05-07	0	0	0	0
1995-05-08	0	0	0	0
1995-05-09	0.802	2.09	1.94	2.27
1995-05-10	2.98	2.99	3.09	3.24
1995-05-11	0	0.0159	0	0.0019
1995-05-12	0	0	0	0
1995-05-13	0	0	0	0
1995-05-14	12	11.3	12.6	12.4
1995-05-15	9.11	9.17	9.66	9.82
1995-05-16	1.64	1.14	1.44	1.08
1995-05-17	0	0	0	0
1995-05-18	17.9	19.7	19.8	21.5
1995-05-19	0.489	1.29	1.18	1.54
1995-05-20	0	0	0	0
1995-05-21	4.05	6.22	5.28	7.24
1995-05-22	0.658	0.153	0.0373	0
1995-05-23	11.9	11.7	12	12.4
1995-05-24	0	0	0	0
1995-05-25	0	0	0	0
1995-05-26	0	0	0	0
1995-05-27	0	0	0	0
1995-05-28	0.704	0.163	0.0399	0
1995-05-29	0	0	0	0
1995-05-30	0	0	0	0
1995-05-31	0	0	0	0.144
1995-06-01	0	0.328	0	0.718
1995-06-02	0	0	0	0.139
1995-06-03	13.4	15	15.1	17.8
1995-06-04	1.02	1.05	1.2	1.02
1995-06-05	1.24	1.35	1.3	1.29
1995-06-06	0	0	0	0
1995-06-07	0	0	0	0.108
1995-06-08	1.27	0.953	1.26	1.04
1995-06-09	0	0	0	0
1995-06-10	0	0	0	0
1995-06-11	0.831	1.1	1.03	1.88
1995-06-12	0	0	0	0
1995-06-13	0	0	0	0
1995-06-14	1.72	1.84	1.94	2.05
1995-06-15	4.66	5.22	4.94	5.52
1995-06-16	0	0	0	0
1995-06-17	1.33	2.55	2.14	3.76
1995-06-18	5.17	5.73	5.66	6.25
1995-06-19	4.77	5.91	5.26	7.2
1995-06-20	0	0	0	0
1995-06-21	7.67	8.54	8.37	9.37
1995-06-22	5.5	6.28	6.27	7.09
1995-06-23	0	0	0	0
1995-06-24	0	0	0	0
1995-06-25	0	0	0	0
1995-06-26	0	0	0	0
1995-06-27	0	0	0	0
1995-06-28	0	0	0	0
1995-06-29	0	0	0	0
1995-06-30	0	0	0	0
1995-07-01	2.71	2.01	2.31	2.07
1995-07-02	0	0	0	0
1995-07-03	2.48	3.17	2.91	3.75
1995-07-04	20.7	16.7	17.1	13.1
1995-07-05	3.23	3.6	3.61	3.6
1995-07-06	0.367	0.843	0.889	1.2
1995-07-07	0.615	0.429	0.0348	0.0636
1995-07-08	2.41	3.04	2.23	2.5
1995-07-09	0	0	0	0
1995-07-10	0	0	0	0
1995-07-11	0	0	0	0
1995-07-12	2.5	1.88	2.75	2.06
1995-07-13	0.298	0.0692	0.0169	0
1995-07-14	0	0	0	0
1995-07-15	0	0	0	0
1995-07-16	0	0	0	0
1995-07-17	11.9	12.3	12.3	12.6
1995-07-18	11.7	11.3	11.2	11.1
1995-07-19	1.78	1.52	1.75	1.15
1995-07-20	0	0.184	0	0.011
1995-07-21	8.07	9.41	8.29	9.17
1995-07-22	9.42	8.76	9.02	8.41
1995-07-23	0	0	0	0
1995-07-24	0	0	0	0
1995-07-25	0	0	0	0
1995-07-26	0	0	0	0
1995-07-27	0	0	0	0
1995-07-28	0	0	0	0
1995-07-29	0.539	0.639	0.641	0.717
1995-07-30	0	0	0	0
1995-07-31	0	0	0	0
1995-08-01	0	0	0	0
1995-08-02	0	0.00369	0	0
1995-08-03	6.09	5.2	4.91	4.8
1995-08-04	0	0	0	0
1995-08-05	0	0	0	0
1995-08-06	3.85	5.12	4.26	4.86
1995-08-07	0.438	0.737	0.69	0.836
1995-08-08	0	0	0	0
1995-08-09	0	0	0	0
1995-08-10	0.38	0.312	0.414	0.502
1995-08-11	0	0	0	0
1995-08-12	0	0	0	0
1995-08-13	0	0	0	0
1995-08-14	17.2	18.2	18.1	19.9
1995-08-15	0.435	1.2	1.05	1.57
1995-08-16	0	0	0	0
1995-08-17	0	0	0	0
1995-08-18	0	0.0691	0	0.00298
1995-08-19	0.84	0.736	0.767	0.776
1995-08-20	0	0	0	0
1995-08-21	0	0	0	0
1995-08-22	0.228	0.772	0.0129	0.299
1995-08-23	3.77	5.84	4.6	5.86
1995-08-24	3.12	3.4	2.92	3.25
1995-08-25	9.31	10.2	9.43	10.1
1995-08-26	7.95	10	8.76	10.2
1995-08-27	4.42	5.07	4.57	5.28
1995-08-28	0	0	0	0
1995-08-29	0	0	0	0
1995-08-30	0	0	0	0
1995-08-31	0	0	0	0
1995-09-01	0	0	0	0
1995-09-02	0	0	0	0
1995-09-03	3.23	3.23	3.55	4.09
1995-09-04	12	11.2	11	11.3
1995-09-05	10.5	9.1	9.19	9.13
1995-09-06	0.369	1.02	0.894	1.87
1995-09-07	0	0	0	0
1995-09-08	0.924	0.482	0.724	0.243
1995-09-09	1.07	0.894	1.11	0.881
1995-09-10	0	0	0	0
1995-09-11	2.06	1.85	1.85	1.69
1995-09-12	0.828	1.02	0.972	1.35
1995-09-13	0	0	0	0
1995-09-14	1.16	0.8	1.1	0.97
1995-09-15	1.2	0.973	1.07	1.03
1995-09-16	0	0	0	0
1995-09-17	0	0	0	0
1995-09-18	0	0	0	0
1995-09-19	0	0	0	0
1995-09-20	0	0	0	0
1995-09-21	0	0	0	0
1995-09-22	0	0.202	0	0.386
1995-09-23	0.734	0.413	0.0416	0.257
1995-09-24	6.02	6.14	6.13	7
1995-09-25	9.88	9.15	9.54	9.74
1995-09-26	0	0	0	0
1995-09-27	0	0	0	0
1995-09-28	0	0	0	0
1995-09-29	0	0	0	0
1995-09-30	0.338	0.0784	0.0191	0
1995-10-01	0	0	0	0
1995-10-02	2.31	2.59	2.58	2.94
1995-10-03	0	0	0	0
1995-10-04	0	0	0	0
1995-10-05	1.92	1.74	1.83	1.82
1995-10-06	2.61	3.32	3.08	3.57
1995-10-07	6.41	7.13	7.11	8.35
1995-10-08	0.272	0.717	0.659	0.724
1995-10-09	0	0	0	0
1995-10-10	0	0	0	0
1995-10-11	0	0	0	0
1995-10-12	0	0	0	0.0626
1995-10-13	0	0	0	0
1995-10-14	0	0	0	0
1995-10-15	3.02	3.44	3.08	3.51
1995-10-16	0	0	0	0
1995-10-17	1.12	1.34	1.26	1.51
1995-10-18	4.61	4.34	4.73	4.52
1995-10-19	3.34	3.03	3.59	3.58
1995-10-20	0	0	0	0
1995-10-21	0	0	0	0
1995-10-22	1.53	1.72	1.71	1.93
1995-10-23	0	0	0	0
1995-10-24	0	0	0	0
1995-10-25	2.49	2.99	2.87	3.09
1995-10-26	0	0.084	0	0.326
1995-10-27	7.29	9.99	8.96	10.9
1995-10-28	0	0	0	0
1995-10-29	0	0	0	0
1995-10-30	0	0	0	0
1995-10-31	0	0	0	0
1995-11-01	0.306	0.734	0.742	0.941
1995-11-02	1.04	1.16	1.17	1.46
1995-11-03	1.08	1.09	1.13	1.14
1995-11-04	0	0	0	0
1995-11-05	0.493	0.114	0.0279	0
1995-11-06	0	0	0	0
1995-11-07	0	0	0	0
1995-11-08	0	0	0	0
1995-11-09	1.51	1.35	1.4	1.37
1995-11-10	0	0	0	0
1995-11-11	0	0	0	0
1995-11-12	0	0	0	0
1995-11-13	1.35	1.53	1.39	1.49
1995-11-14	1.03	1.1	1	1.05
1995-11-15	0	0	0	0
1995-11-16	0	0	0	0
1995-11-17	0	0	0	0
1995-11-18	0	0	0	0
1995-11-19	0	0.126	0	0.0631
1995-11-20	0	0	0	0
1995-11-21	0	0.0419	0	0
1995-11-22	1.7	1.4	1.69	1.39
1995-11-23	2.76	2.97	2.77	3
1995-11-24	3.54	3.77	3.83	4.21
1995-11-25	10.4	9.62	9.56	9.41
1995-11-26	3.21	3.18	3.03	3.1
1995-11-27	0	0	0	0
1995-11-28	0.858	0.465	0.717	0.242
1995-11-29	0	0	0	0
1995-11-30	0	0	0	0
1995-12-01	0	0	0	0
1995-12-02	0	0.0295	0	0.16
1995-12-03	0.214	0.137	0.23	0.0789
1995-12-04	0	0	0	0
1995-12-05	0	0	0	0
1995-12-06	0.693	0.752	0.887	0.844
1995-12-07	0.386	0.382	0.46	0.406
1995-12-08	2.27	2.12	2.54	2.29
1995-12-09	0	0	0	0
1995-12-10	0.368	0.465	0.485	0.489
1995-12-11	0	0.00319	0	0.0211
1995-12-12	0.312	0.272	0.268	0.0957
1995-12-13	0	0	0	0
1995-12-14	0	0	0	0
1995-12-15	0	0	0	0
1995-12-16	0	0	0	0
1995-12-17	0.13	0.273	0.314	0.359
1995-12-18	0	0	0	0
1995-12-19	0.946	0.908	1.06	0.907
1995-12-20	0	0	0	0
1995-12-21	0	0	0	0
1995-12-22	0	0	0	0
1995-12-23	0	0	0	0
1995-12-24	0	0	0	0
1995-12-25	0	0	0	0
1995-12-26	0	0	0	0
1995-12-27	0	0	0	0
1995-12-28	0	0	0	0
1995-12-29	0	0	0	0
1995-12-30	0	0	0	0
1995-12-31	0	0	0	0
1996-01-01	0	0	0	0
1996-01-02	0	0	0	0
1996-01-03	0	0	0	0
1996-01-04	0	0	0	0
1996-01-05	0	0	0	0
1996-01-06	0	0	0	0
1996-01-07	0.32	0.397	0.273	0.451
1996-01-08	0.503	0.533	0.395	0.582
1996-01-09	0	0	0	0
1996-01-10	0.325	0.505	0.323	0.528
1996-01-11	0.495	0.521	0.387	0.571
1996-01-12	0.694	0.621	0.506	0.63
1996-01-13	1.44	1.56	1.11	1.58
1996-01-14	0.191	0.16	0.0108	0.21
1996-01-15	0	0	0	0
1996-01-16	0	0	0	0
1996-01-17	0	0	0	0
1996-01-18	0.103	0.293	0.25	0.333
1996-01-19	0.317	0.333	0.246	0.354
1996-01-20	0	0	0	0
1996-01-21	0	0	0	0
1996-01-22	0	0	0	0
1996-01-23	0	0	0	0
1996-01-24	0.245	0.145	0.0139	0.0392
1996-01-25	0	0	0	0
1996-01-26	0	0	0	0
1996-01-27	0	0	0	0
1996-01-28	0	0	0	0
1996-01-29	0	0	0	0
1996-01-30	0	0	0	0
1996-01-31	0	0	0	0
1996-02-01	0	0	0	0
1996-02-02	0.822	0.843	0.809	1
1996-02-03	0	0	0	0
1996-02-04	0	0	0	0
1996-02-05	0	0	0	0
1996-02-06	0	0	0	0
1996-02-07	0	0.111	0	0.0573
1996-02-08	0.846	0.717	0.73	0.706
1996-02-09	0	0	0	0
1996-02-10	0	0	0	0
1996-02-11	0.406	0.359	0.023	0.518
1996-02-12	0.845	0.735	0.736	0.751
1996-02-13	0	0	0	0
1996-02-14	0	0	0	0
1996-02-15	2.25	2.52	2.26	2.75
1996-02-16	0.803	0.839	0.822	0.973
1996-02-17	0	0	0	0
1996-02-18	0.791	0.511	0.678	0.629
1996-02-19	0	0	0	0
1996-02-20	0	0	0	0
1996-02-21	0	0	0	0
1996-02-22	0	0	0	0
1996-02-23	0	0	0	0
1996-02-24	0	0	0	0
1996-02-25	0	0	0	0
1996-02-26	1.6	1.48	1.41	1.53
1996-02-27	0	0	0	0
1996-02-28	0	0.00846	0	0.00101
1996-02-29	0.817	0.857	0.806	1.02
1996-03-01	0	0	0	0
1996-03-02	0	0	0	0
1996-03-03	0.436	0.445	0.415	0.406
1996-03-04	0.276	0.234	0.241	0.225
1996-03-05	0	0.058	0	0.00263
1996-03-06	1.9	1.7	1.66	1.47
1996-03-07	0	0	0	0
1996-03-08	0	0	0	0
1996-03-09	0	0	0	0
1996-03-10	0	0	0	0
1996-03-11	0.097	0.0225	0.00549	0
1996-03-12	0	0	0	0
1996-03-13	0.0593	0.0722	0.143	0.0511
1996-03-14	0	0	0	0
1996-03-15	1.1	0.868	0.941	0.745
1996-03-16	2.14	1.84	1.84	1.55
1996-03-17	0.314	0.279	0.283	0.245
1996-03-18	0	0	0	0
1996-03-19	0	0	0	0
1996-03-20	0	0	0	0
1996-03-21	0	0	0	0
1996-03-22	0	0	0	0
1996-03-23	0	0	0	0
1996-03-24	0	0	0	0
1996-03-25	0	0	0	0
1996-03-26	0.579	0.758	0.652	0.762
1996-03-27	0	0	0	0
1996-03-28	0	0	0	0
1996-03-29	0	0	0	0
1996-03-30	2.32	1.81	2	1.65
1996-03-31	10	9.24	9.11	8.41
1996-04-01	1.05	1.17	1.04	1.18
1996-04-02	0	0	0	0
1996-04-03	0	0	0	0
1996-04-04	0	0	0	0
1996-04-05	0	0	0	0
1996-04-06	0	0	0	0
1996-04-07	0	0	0	0
1996-04-08	0	0	0	0
1996-04-09	0	0	0	0
1996-04-10	0	0	0	0
1996-04-11	0	0	0	0
1996-04-12	0	0	0	0
1996-04-13	0	0	0	0
1996-04-14	0	0	0	0
1996-04-15	0	0	0	0
1996-04-16	0	0	0	0
1996-04-17	0	0	0	0
1996-04-18	0	0	0	0
1996-04-19	0	0	0	0
1996-04-20	0	0.00472	0	0
1996-04-21	0.252	0.236	0.247	0.457
1996-04-22	0.132	0.148	0.0941	0.0906
1996-04-23	4.6	4.62	4.48	4.76
1996-04-24	10.7	10.6	10.1	10.7
1996-04-25	7.5	6.93	6.83	6.89
1996-04-26	0.533	0.438	0.457	0.416
1996-04-27	0.924	1.31	1.04	1.47
1996-04-28	2.73	2.61	2.39	2.77
1996-04-29	0	0	0	0
1996-04-30	0.198	0.516	0.373	0.514
1996-05-01	3.5	3.4	3.29	3.2
1996-05-02	0.941	0.747	1.03	0.987
1996-05-03	2.53	2.99	2.84	3.12
1996-05-04	0	0	0	0
1996-05-05	8.96	8.65	8.79	8.29
1996-05-06	10.8	10.4	10.4	9.73
1996-05-07	0	0	0	0
1996-05-08	0	0	0	0
1996-05-09	0	0.116	0	0
1996-05-10	0	0	0	0
1996-05-11	0	0.516	0	0.0204
1996-05-12	0	0	0	0
1996-05-13	0	0	0	0
1996-05-14	6.18	5.99	6.56	6.68
1996-05-15	5.84	6.16	6.83	6.83
1996-05-16	7.7	7.17	7.48	6.78
1996-05-17	0	0	0	0
1996-05-18	0	0	0	0
1996-05-19	0	0	0	0
1996-05-20	0	0	0	0
1996-05-21	0	0	0	0
1996-05-22	0	0	0	0
1996-05-23	0	0	0	0
1996-05-24	0	0.0189	0	0.123
1996-05-25	6.43	6.37	6.46	6.36
1996-05-26	2.91	3.32	2.86	3.27
1996-05-27	0	0	0	0
1996-05-28	0	0	0	0
1996-05-29	0	0	0	0
1996-05-30	0	0	0	0
1996-05-31	2.31	2.02	2.06	1.82
1996-06-01	0	0	0	0
1996-06-02	0	0	0	0
1996-06-03	0	0	0	0
1996-06-04	0.56	1.23	1.36	1.56
1996-06-05	0	0	0	0
1996-06-06	1.07	0.602	0.0608	0.021
1996-06-07	0	0	0	0
1996-06-08	1.5	2.18	1.8	1.9
1996-06-09	0	0	0	0
1996-06-10	0	0	0	0
1996-06-11	1.92	2.35	1.64	1.69
1996-06-12	8.04	8.49	8.16	8.73
1996-06-13	0	0	0	0
1996-06-14	0	0	0	0
1996-06-15	0	0	0	0
1996-06-16	0	0	0	0
1996-06-17	2.93	2.71	2.66	2.45
1996-06-18	8.72	8.53	9.2	9.4
1996-06-19	16.5	16.1	15.9	16.8
1996-06-20	7.67	7.86	6.97	7.89
1996-06-21	2.06	2.5	2.11	2.19
1996-06-22	3.06	3.39	3.14	3.53
1996-06-23	0	0	0	0
1996-06-24	0	0	0	0
1996-06-25	0	0	0	0
1996-06-26	0	0	0	0
1996-06-27	3.06	4.07	3.73	4.48
1996-06-28	0	0	0	0
1996-06-29	8.02	8.48	7.95	7.68
1996-06-30	2.09	1.74	2.25	2.4
1996-07-01	7.05	7.96	8.61	8.96
1996-07-02	6.58	7.52	7.67	8.09
1996-07-03	2.48	6.48	6	8.48
1996-07-04	1.82	0.422	0.103	0
1996-07-05	4.01	3.9	3.73	3.56
1996-07-06	0	0	0	0
1996-07-07	3.95	3.7	4.04	4.35
1996-07-08	4.49	2.9	3.69	1.26
1996-07-09	5.35	5.01	5.3	4.92
1996-07-10	15	16.1	15.6	15.8
1996-07-11	0	0	0	0
1996-07-12	3.91	3.85	3.28	3.62
1996-07-13	0	0	0	0
1996-07-14	0	0.281	0	1.55
1996-07-15	0	0	0	0
1996-07-16	0	0	0	0
1996-07-17	5.39	4.79	4.99	4.4
1996-07-18	5.58	4.85	5.32	4.95
1996-07-19	1.28	0.296	0.0724	0
1996-07-20	0	0	0	0
1996-07-21	0	0	0	0
1996-07-22	0	0	0	0
1996-07-23	0	0	0	0
1996-07-24	0	0	0	0
1996-07-25	0	0	0	0
1996-07-26	0.728	1.82	1.76	2.2
1996-07-27	6.84	6.92	7.71	8.74
1996-07-28	8.73	7.94	8.39	7.72
1996-07-29	0	0	0	0
1996-07-30	0	0	0	0
1996-07-31	0	0	0	0
1996-08-01	0	0.185	0	0.483
1996-08-02	7.76	10.2	10.1	12.7
1996-08-03	2.74	4.25	4.05	5.65
1996-08-04	0	0.038	0	0.00231
1996-08-05	0	0	0	0
1996-08-06	0	0	0	0
1996-08-07	0	0	0	0
1996-08-08	0	0	0	0
1996-08-09	0	0	0	0
1996-08-10	0	0	0	0
1996-08-11	0	0	0	0
1996-08-12	0	0	0	0
1996-08-13	0	0	0	0
1996-08-14	0	0	0	0
1996-08-15	0	0	0	0
1996-08-16	0	0.0333	0	0.171
1996-08-17	0	0	0	0
1996-08-18	0	0	0	0
1996-08-19	0	0	0	0
1996-08-20	0	0	0	0
1996-08-21	0	0	0	0
1996-08-22	1.48	1.66	1.32	1.11
1996-08-23	0.159	0.608	0.384	0.655
1996-08-24	0.485	0.417	0.634	0.559
1996-08-25	2.7	4.55	4.03	6.89
1996-08-26	2.26	3.57	2.68	6.19
1996-08-27	7.58	9.18	8.69	12
1996-08-28	0	0	0	0
1996-08-29	1.94	3.17	2.98	4.6
1996-08-30	3.38	3.8	4.17	4.08
1996-08-31	5.31	6.8	6.68	7.89
1996-09-01	0	0	0	0
1996-09-02	0	0	0	0
1996-09-03	1.33	1.24	1.31	1.19
1996-09-04	0	0	0	0
1996-09-05	0	0	0	0
1996-09-06	0	0	0	0
1996-09-07	0	0	0	0
1996-09-08	0.951	0.869	0.844	0.731
1996-09-09	0	0	0	0
1996-09-10	1.21	1.1	1.12	0.93
1996-09-11	0.594	0.365	0.526	0.178
1996-09-12	1.54	1.44	1.39	1.31
1996-09-13	0.56	0.29	0.434	0.146
1996-09-14	0.866	0.665	0.717	0.59
1996-09-15	0	0	0	0
1996-09-16	0	0	0	0
1996-09-17	0	0	0	0
1996-09-18	0	0	0	0
1996-09-19	0.882	0.777	0.805	0.749
1996-09-20	0	0.252	0	0.428
1996-09-21	0	0	0	0
1996-09-22	0	0	0	0
1996-09-23	0	0	0	0
1996-09-24	0	0	0	0
1996-09-25	0	0	0	0
1996-09-26	0	0	0	0
1996-09-27	0	0	0	0
1996-09-28	11.8	9.9	9.98	8.82
1996-09-29	9.63	8.01	7.88	7.47
1996-09-30	5	4.55	4.45	4.18
1996-10-01	0	0	0	0
1996-10-02	0	0	0	0
1996-10-03	3.88	3.93	4.01	4.26
1996-10-04	8.31	8.49	8.51	8.74
1996-10-05	0	0	0	0
1996-10-06	0.165	0.358	0.4	0.401
1996-10-07	0	0	0	0
1996-10-08	0.798	0.908	0.928	1.31
1996-10-09	0	0.0441	0	0
1996-10-10	0	0	0	0
1996-10-11	0	0	0	0
1996-10-12	5.34	5.45	5.67	6.45
1996-10-13	0	0	0	0
1996-10-14	1.33	1.04	1.17	1.02
1996-10-15	2.6	2.91	2.8	3.08
1996-10-16	0.111	0.0257	0.00627	0
1996-10-17	9.49	10.8	10.4	12.3
1996-10-18	6.84	6.29	6.54	6.11
1996-10-19	0	0	0	0
1996-10-20	0	0	0	0
1996-10-21	0.861	0.761	0.798	0.695
1996-10-22	0.41	0.295	0.41	0.383
1996-10-23	0	0	0	0
1996-10-24	0	0	0	0
1996-10-25	0	0	0	0
1996-10-26	0	0	0	0
1996-10-27	0	0	0	0
1996-10-28	7.62	6.51	6.91	6.23
1996-10-29	13.5	13.4	13.6	14.6
1996-10-30	3.52	3.08	3.22	2.96
1996-10-31	0	0	0	0
1996-11-01	11.3	11.4	11.2	11.2
1996-11-02	2.62	2.78	2.79	2.61
1996-11-03	7.21	8.34	7.55	8.41
1996-11-04	2.78	2.71	2.78	2.93
1996-11-05	7.4	7.61	7.12	7.47
1996-11-06	5.52	5.19	5.43	5.6
1996-11-07	2	1.26	1.74	1.27
1996-11-08	0	0	0	0
1996-11-09	0	0	0	0
1996-11-10	0	0	0	0
1996-11-11	0	0	0	0
1996-11-12	1.03	0.853	1.04	0.465
1996-11-13	7.68	6.66	7.18	6.55
1996-11-14	0	0	0	0
1996-11-15	0	0	0	0
1996-11-16	0	0	0	0
1996-11-17	0	0	0	0
1996-11-18	3.48	3.6	3.68	4.06
1996-11-19	19.4	19.8	19.4	20
1996-11-20	0.617	0.479	0.0349	0.014
1996-11-21	9.31	8.73	8.82	8.34
1996-11-22	7.05	7.01	6.44	5.85
1996-11-23	0.477	1.32	1.15	1.45
1996-11-24	0	0	0	0
1996-11-25	2.41	2.59	2.42	2.86
1996-11-26	0	0	0	0
1996-11-27	0	0	0	0
1996-11-28	1.31	1.17	1.26	1.15
1996-11-29	5.8	5.94	5.69	5.68
1996-11-30	0	0	0	0
1996-12-01	0.332	0.319	0.356	0.167
1996-12-02	6.21	6.09	6.38	6.11
1996-12-03	2.05	1.94	1.92	1.78
1996-12-04	4.03	4.03	4	3.97
1996-12-05	0	0	0	0
1996-12-06	0	0	0	0
1996-12-07	0	0	0	0
1996-12-08	0.751	0.663	0.793	0.551
1996-12-09	2.02	2.09	2.28	2.2
1996-12-10	2.17	2.32	2.38	2.74
1996-12-11	11.4	11.1	11.4	11
1996-12-12	13.3	13.8	13.7	13.6
1996-12-13	1.78	1.65	1.77	1.64
1996-12-14	0	0	0	0
1996-12-15	0	0	0	0
1996-12-16	0	0	0	0
1996-12-17	0	0	0	0
1996-12-18	0	0	0	0
1996-12-19	0	0	0	0
1996-12-20	0	0	0	0
1996-12-21	0.179	0.445	0.434	0.487
1996-12-22	0	0	0	0
1996-12-23	2.78	2.99	2.82	2.73
1996-12-24	0.217	0.0769	0.0123	0
1996-12-25	0	0	0	0
1996-12-26	0	0	0	0
1996-12-27	0	0	0	0
1996-12-28	1.01	0.983	0.977	0.836
1996-12-29	2.25	1.92	2.12	1.73
1996-12-30	0.565	0.395	0.563	0.432
1996-12-31	0	0	0	0
1997-01-01	0.0348	0.19	0.0841	0.207
1997-01-02	0	0	0	0
1997-01-03	0	0	0	0
1997-01-04	0	0	0	0
1997-01-05	0	0	0	0
1997-01-06	0	0	0	0
1997-01-07	0.25	0.119	0.103	0.0321
1997-01-08	0.377	0.442	0.213	0.336
1997-01-09	0	0	0	0
1997-01-10	0	0	0	0
1997-01-11	0	0	0	0
1997-01-12	0.921	1.11	0.552	1.04
1997-01-13	0	0.0267	0	0.128
1997-01-14	0	0	0	0
1997-01-15	0	0	0	0
1997-01-16	0.12	0.128	0.00681	0.0213
1997-01-17	0.0748	0.104	0.00424	0.00359
1997-01-18	0.207	0.255	0.122	0.242
1997-01-19	0.441	0.584	0.288	0.553
1997-01-20	0	0	0	0
1997-01-21	0	0	0	0
1997-01-22	0	0	0	0
1997-01-23	0	0	0	0.016
1997-01-24	0	0	0	0
1997-01-25	0	0	0	0
1997-01-26	0	0	0	0
1997-01-27	0	0.0888	0	0.127
1997-01-28	0.0808	0.098	0.00458	0.00342
1997-01-29	0	0	0	0
1997-01-30	0	0	0	0
1997-01-31	0	0	0	0
1997-02-01	0	0	0	0
1997-02-02	0	0	0	0
1997-02-03	0.766	0.564	0.771	0.761
1997-02-04	0	0	0	0
1997-02-05	0	0	0	0
1997-02-06	0	0	0	0
1997-02-07	0	0.298	0	0.0123
1997-02-08	1.49	1.47	1.46	1.36
1997-02-09	9.86	9.75	9.92	9.89
1997-02-10	3.64	3.82	3.74	3.83
1997-02-11	11.5	11.9	11.2	10.9
1997-02-12	1.02	1.06	1.06	0.983
1997-02-13	0	0	0	0
1997-02-14	0	0	0	0
1997-02-15	0	0	0	0
1997-02-16	0	0	0	0
1997-02-17	0	0	0	0
1997-02-18	5.42	5.34	5.4	5.48
1997-02-19	5.59	5.15	5.31	5.05
1997-02-20	3.85	3.74	3.74	3.65
1997-02-21	2.81	2.97	2.72	2.62
1997-02-22	0.941	1.18	1	1.18
1997-02-23	0	0	0	0
1997-02-24	0.593	0.675	0.65	0.791
1997-02-25	6.03	5.4	5.88	5.58
1997-02-26	0.953	0.738	0.828	0.289
1997-02-27	0	0	0	0
1997-02-28	1.97	2.15	2.11	2.18
1997-03-01	0	0	0	0
1997-03-02	1.54	1.9	1.73	1.85
1997-03-03	0	0	0	0
1997-03-04	0	0	0	0
1997-03-05	0	0	0	0
1997-03-06	0	0	0	0
1997-03-07	0	0	0	0
1997-03-08	0	0.169	0	0.209
1997-03-09	0	0	0	0
1997-03-10	0	0	0	0
1997-03-11	0	0	0	0
1997-03-12	0	0	0	0
1997-03-13	0	0	0	0.0373
1997-03-14	0	0	0	0
1997-03-15	0	0	0	0
1997-03-16	0	0	0	0
1997-03-17	0	0	0	0
1997-03-18	0	0	0	0
1997-03-19	0	0	0	0
1997-03-20	0.132	0.155	0.32	0.113
1997-03-21	1.11	1.35	1.24	1.52
1997-03-22	0	0.00602	0	0
1997-03-23	1.02	0.977	0.969	1.04
1997-03-24	1.72	2.07	1.81	1.88
1997-03-25	1.17	1.4	1.29	1.56
1997-03-26	10.4	11.1	10.8	11.6
1997-03-27	1.39	1.55	1.4	1.47
1997-03-28	0.882	0.981	0.989	1.08
1997-03-29	0.708	0.553	0.528	0.47
1997-03-30	0.874	1.15	0.966	1.11
1997-03-31	0	0	0	0
1997-04-01	1.44	2.16	1.84	2.05
1997-04-02	0	0.0922	0	0.512
1997-04-03	2.78	3.5	2.92	3.63
1997-04-04	0	0	0	0
1997-04-05	0	0.0426	0	0
1997-04-06	0	0	0	0
1997-04-07	0	0	0	0
1997-04-08	0	0	0	0
1997-04-09	0.888	0.97	0.909	1
1997-04-10	1.33	1.61	1.48	1.99
1997-04-11	0	0.0891	0	0.493
1997-04-12	0.304	0.815	0.735	0.973
1997-04-13	0	0.0108	0	0.00129
1997-04-14	2.56	2.79	2.51	2.58
1997-04-15	0	0	0	0
1997-04-16	0	0	0	0
1997-04-17	0	0	0	0
1997-04-18	0.645	0.55	0.669	0.238
1997-04-19	0	0	0	0
1997-04-20	0	0	0	0
1997-04-21	4.64	5.26	5.04	6.31
1997-04-22	4.49	6.12	5.07	6.13
1997-04-23	0	0.214	0	0.00811
1997-04-24	0	0	0	0
1997-04-25	0	0	0	0
1997-04-26	0	0	0	0
1997-04-27	0	0	0	0
1997-04-28	0	0	0	0
1997-04-29	0	0	0	0
1997-04-30	0	0	0	0
1997-05-01	3.61	4.26	4.3	4.74
1997-05-02	1.76	1.57	1.62	0.572
1997-05-03	0	0	0	0
1997-05-04	0	0	0	0
1997-05-05	0.667	1.45	1.62	2.12
1997-05-06	4.83	5.03	5.4	5.72
1997-05-07	0	0.242	0	1.32
1997-05-08	6.97	7.23	7.15	7.16
1997-05-09	0	0	0	0.155
1997-05-10	11.6	11	11.9	11.5
1997-05-11	4.28	4.38	4.59	4.8
1997-05-12	5.16	5.35	5.65	5.96
1997-05-13	0	0	0	0
1997-05-14	0.913	0.212	0.0517	0
1997-05-15	0	0	0	0
1997-05-16	0	0	0	0
1997-05-17	1.86	1.47	2.11	1.81
1997-05-18	0	0	0	0
1997-05-19	0	0	0	0
1997-05-20	3.89	4.8	4.56	5.39
1997-05-21	0.845	1.97	2.04	2.94
1997-05-22	0	0	0	0
1997-05-23	0	0	0	0
1997-05-24	0	0	0	0
1997-05-25	0	0	0	0
1997-05-26	0	0	0	0
1997-05-27	0	0.0201	0	0.00241
1997-05-28	0	0	0	0
1997-05-29	0.854	0.653	0.0484	0.0128
1997-05-30	0	0	0	0
1997-05-31	0	0	0	0
1997-06-01	0	0	0	0
1997-06-02	0	0	0	0
1997-06-03	0	0	0	0
1997-06-04	0	0	0	0
1997-06-05	0	0	0	0
1997-06-06	0	0	0	0
1997-06-07	0	0	0	0
1997-06-08	0	0	0	0
1997-06-09	0	0	0	0
1997-06-10	0.305	0.937	0.739	1.55
1997-06-11	0	0	0	0
1997-06-12	0	0	0	0
1997-06-13	0	0	0	0
1997-06-14	3.74	3.85	3.62	4.01
1997-06-15	4.21	5.32	4.88	5.62
1997-06-16	2.36	2.73	2.18	2.37
1997-06-17	2.03	2.43	2.08	2.33
1997-06-18	0	0	0	0
1997-06-19	0	0	0	0
1997-06-20	0	0	0	0
1997-06-21	0	0	0	0
1997-06-22	15.8	13.9	13.4	12.4
1997-06-23	0.205	0.372	0.23	0.0897
1997-06-24	8.24	6.08	6.05	4.94
1997-06-25	0.205	0.0475	0.0116	0
1997-06-26	0.421	0.626	0.62	0.685
1997-06-27	0	0	0	0
1997-06-28	0.157	0.0365	0.0089	0
1997-06-29	2.17	1.82	1.76	1.7
1997-06-30	2.69	1.56	1.61	1.23
1997-07-01	0.41	1.14	0.992	1.99
1997-07-02	0.544	1.45	1.32	2.16
1997-07-03	2.39	3.18	3.09	4
1997-07-04	0	0.107	0	0.582
1997-07-05	0	0	0	0
1997-07-06	0	0	0	0
1997-07-07	1.91	2.18	1.65	2.37
1997-07-08	0	0	0	0
1997-07-09	0.299	0.0694	0.0169	0
1997-07-10	0	0	0	0
1997-07-11	0	0	0	0.0765
1997-07-12	0	0	0	0
1997-07-13	0	0	0	0
1997-07-14	0	0	0	0
1997-07-15	0	0	0	0
1997-07-16	0	0	0	0
1997-07-17	4.29	6.41	6.16	7.49
1997-07-18	0	0	0	0
1997-07-19	0	0	0	0
1997-07-20	0	0	0	0
1997-07-21	0	0	0	0
1997-07-22	0	0.0134	0	0.0016
1997-07-23	3.39	3.59	3.73	3.67
1997-07-24	1.86	5.44	4.5	6.93
1997-07-25	0.425	0.255	0.0241	0.00856
1997-07-26	7.55	6.74	6.02	6.43
1997-07-27	12.1	14.1	14.5	16.6
1997-07-28	1.11	2.66	2.04	3.09
1997-07-29	1.58	2.19	1.98	2.48
1997-07-30	0	0	0	0
1997-07-31	1.11	1.75	1.68	2.82
1997-08-01	0	0	0	0
1997-08-02	0.243	0.51	0.588	0.638
1997-08-03	0	0.0399	0	0.00218
1997-08-04	0	0	0	0
1997-08-05	0	0	0	0
1997-08-06	0	0	0	0
1997-08-07	0	0	0	0
1997-08-08	0	0	0	0
1997-08-09	0	0.00321	0	0
1997-08-10	2.11	1.96	1.97	1.68
1997-08-11	0	0	0	0.0544
1997-08-12	1.28	1.33	1.51	1.52
1997-08-13	0	0	0	0
1997-08-14	0	0	0	0
1997-08-15	0	0	0	0
1997-08-16	0	0	0	0
1997-08-17	0	0	0	0
1997-08-18	0	0	0	0
1997-08-19	3.15	3.02	3.43	2.78
1997-08-20	0	0	0	0
1997-08-21	0	0	0	0
1997-08-22	5.85	6.79	6.92	7.37
1997-08-23	0	0	0	0
1997-08-24	2.39	2.59	2.89	3.09
1997-08-25	0	0	0	0
1997-08-26	4.36	4.58	4.43	4.28
1997-08-27	15.8	20.1	19.4	21.2
1997-08-28	4.48	6.56	5.94	6.95
1997-08-29	0.533	0.434	0.464	0.331
1997-08-30	0.492	0.544	0.582	0.725
1997-08-31	9.89	10.7	10.4	10.6
1997-09-01	0	0	0	0
1997-09-02	1.21	1.26	1.23	1.4
1997-09-03	8.82	9.38	9.53	10.4
1997-09-04	0	0	0	0
1997-09-05	1.21	0.901	1.18	0.991
1997-09-06	0	0	0	0
1997-09-07	0	0	0	0
1997-09-08	5.53	5.7	5.36	5.06
1997-09-09	0.514	0.119	0.0291	0
1997-09-10	0	0	0	0
1997-09-11	0	0	0	0
1997-09-12	5.75	6.09	6.06	6.63
1997-09-13	2.94	3.12	2.83	3.08
1997-09-14	2.58	3.36	2.94	3.51
1997-09-15	1.96	1.76	1.82	1.71
1997-09-16	2.2	2.54	2.48	2.99
1997-09-17	1.73	2.53	2.05	2.57
1997-09-18	0	0	0	0
1997-09-19	0	0	0	0
1997-09-20	0	0.251	0	0.135
1997-09-21	0	0	0	0
1997-09-22	0.277	0.431	0.671	0.716
1997-09-23	0	0	0	0
1997-09-24	0	0.153	0	0.00836
1997-09-25	0	0	0	0
1997-09-26	0	0	0	0
1997-09-27	0	0	0	0
1997-09-28	0	0	0	0
1997-09-29	0	0.474	0	0.805
1997-09-30	11.4	10.9	11.1	10.9
1997-10-01	0.714	0.772	0.707	0.977
1997-10-02	3.2	2.66	3.05	2.74
1997-10-03	0	0.00922	0	0.0547
1997-10-04	2.41	2.47	2.51	2.73
1997-10-05	0	0	0	0
1997-10-06	0	0	0	0
1997-10-07	0	0	0	0
1997-10-08	11.5	12	11.8	13.4
1997-10-09	0	0.397	0	0.442
1997-10-10	0	0	0	0
1997-10-11	1.34	1.52	1.48	1.56
1997-10-12	0.862	1.1	1.06	1.34
1997-10-13	0	0	0	0
1997-10-14	0.475	0.458	0.473	0.168
1997-10-15	1.27	0.867	1.21	1.01
1997-10-16	0	0	0	0
1997-10-17	1.02	1.11	1.14	1.5
1997-10-18	4.08	4.25	3.88	4.1
1997-10-19	0	0	0	0
1997-10-20	0	0	0	0
1997-10-21	0	0	0	0
1997-10-22	0	0	0	0
1997-10-23	0	0	0	0
1997-10-24	0	0	0	0
1997-10-25	0	0	0	0
1997-10-26	0	0	0	0
1997-10-27	0	0	0	0
1997-10-28	0	0	0	0
1997-10-29	0	0	0	0
1997-10-30	0	0	0	0
1997-10-31	1.9	1.75	2.05	2.07
1997-11-01	0	0	0	0
1997-11-02	0	0	0	0
1997-11-03	0	0	0	0
1997-11-04	0	0	0	0
1997-11-05	0	0	0	0
1997-11-06	2.81	2.66	2.74	2.8
1997-11-07	1.48	1.36	1.5	1.55
1997-11-08	6.33	6.48	6.24	6.4
1997-11-09	3.04	2.85	2.91	2.82
1997-11-10	32	30.5	31	30.4
1997-11-11	2.33	2.41	2.18	2.26
1997-11-12	7.92	7.77	7.67	8
1997-11-13	12.6	10.8	11.5	10.1
1997-11-14	0	0	0	0
1997-11-15	0	0	0	0
1997-11-16	0.771	0.855	0.867	0.877
1997-11-17	0	0	0	0
1997-11-18	0	0	0	0
1997-11-19	0	0	0	0
1997-11-20	0.533	0.6	0.628	0.681
1997-11-21	0	0	0	0
1997-11-22	2.67	2.74	2.66	2.6
1997-11-23	2.78	2.77	2.75	2.71
1997-11-24	7.04	6.4	6.6	6.17
1997-11-25	2.13	1.69	1.94	1.47
1997-11-26	0	0	0	0
1997-11-27	0	0	0	0
1997-11-28	0	0	0	0
1997-11-29	1.54	1.46	1.5	1.52
1997-11-30	7.51	7.68	7.53	7.81
1997-12-01	9.58	9.56	9.68	9.67
1997-12-02	2.77	2.49	2.63	2.45
1997-12-03	0.244	0.0567	0.0138	0
1997-12-04	0	0	0	0
1997-12-05	1.45	1.56	1.49	1.51
1997-12-06	0	0	0	0
1997-12-07	0	0	0	0
1997-12-08	0	0	0	0
1997-12-09	0	0	0	0
1997-12-10	0.161	0.356	0.39	0.44
1997-12-11	5.98	5.74	5.86	5.65
1997-12-12	3.06	2.72	2.86	2.52
1997-12-13	0.764	1.15	0.968	1.36
1997-12-14	0	0	0	0
1997-12-15	9.2	8.49	8.64	8.13
1997-12-16	0	0	0	0
1997-12-17	0	0	0	0
1997-12-18	0	0	0	0
1997-12-19	0	0	0	0
1997-12-20	0.912	0.963	0.919	0.945
1997-12-21	0	0	0	0
1997-12-22	0	0	0	0
1997-12-23	0	0	0	0
1997-12-24	0	0	0	0
1997-12-25	7.22	6.07	6.64	5.71
1997-12-26	9.77	8.88	9.36	8.45
1997-12-27	3.08	2.9	3	2.77
1997-12-28	0.509	0.598	0.528	0.569
1997-12-29	1.84	1.81	1.91	2.1
1997-12-30	4.07	4.3	4.13	4.24
1997-12-31	11.5	11.5	11.4	11.5
1998-01-01	14.7	12.8	13.3	12.2
1998-01-02	6.86	5.51	6.13	5.37
1998-01-03	5.55	5.34	5.24	5.3
1998-01-04	12.6	11	11.4	10.6
1998-01-05	6.16	6.13	6.08	6.02
1998-01-06	2.71	2.99	2.54	2.56
1998-01-07	4.94	3.94	4.33	3.6
1998-01-08	4.08	3.58	3.71	3.46
1998-01-09	0.574	0.528	0.572	0.564
1998-01-10	5.72	5.63	5.56	5.51
1998-01-11	0	0	0	0
1998-01-12	2.3	2.37	2.02	1.87
1998-01-13	0	0	0	0
1998-01-14	2.3	2.11	2.07	2.14
1998-01-15	0.483	0.613	0.578	0.752
1998-01-16	1.77	1.79	1.85	1.85
1998-01-17	0.471	0.54	0.508	0.559
1998-01-18	0.821	0.484	0.682	0.23
1998-01-19	0	0	0	0
1998-01-20	0	0	0	0
1998-01-21	0	0	0	0
1998-01-22	0	0	0	0
1998-01-23	3.84	3.26	3.75	3.84
1998-01-24	0	0	0	0
1998-01-25	0	0	0	0
1998-01-26	0	0	0	0
1998-01-27	0	0	0	0
1998-01-28	0	0	0	0
1998-01-29	1.64	1.8	1.76	1.88
1998-01-30	0.419	0.487	0.464	0.473
1998-01-31	0	0	0	0
1998-02-01	1.33	1.47	1.39	1.61
1998-02-02	4.08	3.36	3.56	3.01
1998-02-03	0	0	0	0
1998-02-04	1.9	1.87	1.85	1.99
1998-02-05	6.51	5.63	5.67	5.2
1998-02-06	0	0	0	0
1998-02-07	1.74	1.85	1.81	2.07
1998-02-08	2.03	1.83	1.86	1.83
1998-02-09	2.03	2.31	2.03	2.35
1998-02-10	0.945	0.651	0.964	0.33
1998-02-11	0	0	0	0
1998-02-12	0	0	0	0
1998-02-13	0	0	0	0
1998-02-14	1.17	1.39	1.29	1.55
1998-02-15	0	0	0	0
1998-02-16	0	0	0	0
1998-02-17	2.86	2.96	2.87	3.11
1998-02-18	0	0	0	0
1998-02-19	1.23	1.77	1.58	1.88
1998-02-20	2.68	2.07	2.15	1.8
1998-02-21	0	0	0	0
1998-02-22	0	0	0	0
1998-02-23	0	0	0	0
1998-02-24	0	0	0	0
1998-02-25	5.01	5.26	5.08	5.6
1998-02-26	0	0	0	0
1998-02-27	0	0	0	0
1998-02-28	0	0.0143	0	0.081
1998-03-01	1.02	1.11	0.955	0.928
1998-03-02	0	0	0	0
1998-03-03	1.48	1.29	1.4	1.31
1998-03-04	6.7	6.21	6.16	5.76
1998-03-05	0	0	0	0
1998-03-06	0	0	0	0
1998-03-07	0	0	0	0
1998-03-08	0	0	0	0
1998-03-09	0	0	0	0
1998-03-10	0	0	0	0
1998-03-11	0.665	0.768	0.699	0.759
1998-03-12	4.82	4.68	4.66	4.79
1998-03-13	1.36	1.32	1.33	1.35
1998-03-14	0.654	0.417	0.703	0.241
1998-03-15	0	0.338	0	0.409
1998-03-16	3.4	3.2	3.39	3.44
1998-03-17	0	0	0	0
1998-03-18	0	0	0	0
1998-03-19	0	0	0	0
1998-03-20	0	0	0	0
1998-03-21	0	0	0	0
1998-03-22	0.799	0.456	0.724	0.321
1998-03-23	0	0	0	0
1998-03-24	0	0	0	0
1998-03-25	0	0	0	0
1998-03-26	0	0	0	0
1998-03-27	1.51	1.37	1.44	1.43
1998-03-28	0	0	0	0
1998-03-29	0	0	0	0
1998-03-30	5.8	5.45	5.59	5.57
1998-03-31	2.36	2.01	2.28	2.17
1998-04-01	0	0	0	0
1998-04-02	0	0	0	0
1998-04-03	0	0	0	0
1998-04-04	0	0	0	0
1998-04-05	0	0	0	0
1998-04-06	0	0	0	0
1998-04-07	0	0	0	0
1998-04-08	0	0	0	0
1998-04-09	0	0	0	0
1998-04-10	2.76	2.62	2.82	2.89
1998-04-11	5.19	4.98	4.93	4.7
1998-04-12	0	0	0	0
1998-04-13	2.78	2.75	2.66	2.69
1998-04-14	3.14	3.17	2.88	2.82
1998-04-15	1.38	1.45	1.3	1.5
1998-04-16	1.86	1.79	1.79	1.87
1998-04-17	12.9	11.6	11.6	10.9
1998-04-18	0	0	0	0
1998-04-19	1.43	1.05	1.26	1.06
1998-04-20	3.41	3.17	3.13	3.18
1998-04-21	0	0	0	0
1998-04-22	0	0	0	0
1998-04-23	0	0	0	0
1998-04-24	0	0	0	0
1998-04-25	0.527	1.34	1.28	1.65
1998-04-26	5.36	4.91	4.99	5
1998-04-27	0	0	0	0
1998-04-28	0.855	0.198	0.0484	0
1998-04-29	0	0	0	0
1998-04-30	0	0	0	0
1998-05-01	0	0	0	0
1998-05-02	4.58	3.9	4.75	4.28
1998-05-03	0	0	0	0
1998-05-04	0	0	0	0
1998-05-05	12.9	13.9	13.4	13.5
1998-05-06	0.637	1.31	1.54	1.63
1998-05-07	0	0	0	0
1998-05-08	0	0.011	0	0.00131
1998-05-09	0	0	0	0
1998-05-10	1.23	1.45	1.36	1.45
1998-05-11	0	0	0	0
1998-05-12	0	0	0	0
1998-05-13	0	0	0	0
1998-05-14	0	0	0	0
1998-05-15	0	0	0	0
1998-05-16	0	0	0	0
1998-05-17	0	0	0	0
1998-05-18	0	0	0	0
1998-05-19	3.05	3.05	3.14	2.77
1998-05-20	0	0	0	0
1998-05-21	0	0.296	0	0.718
1998-05-22	1.15	0.715	1.03	0.35
1998-05-23	0	0	0	0
1998-05-24	0	0	0	0
1998-05-25	1.7	1.61	1.71	1.5
1998-05-26	1.51	1.5	1.5	1.61
1998-05-27	0	0	0	0
1998-05-28	1.03	0.666	0.945	0.321
1998-05-29	0	0	0	0
1998-05-30	0	0	0	0
1998-05-31	3.57	4.49	4.52	4.9
1998-06-01	1.95	2.08	2.12	2.44
1998-06-02	0	0	0	0
1998-06-03	10.7	11.1	11.4	12.3
1998-06-04	5.61	4.99	5.73	5.69
1998-06-05	0	0	0	0
1998-06-06	0	0	0	0
1998-06-07	9.31	9.83	10.3	11.8
1998-06-08	9.5	8.04	8.91	7.2
1998-06-09	0	0	0	0
1998-06-10	0	0.257	0	1.26
1998-06-11	0	0	0	0
1998-06-12	0	0	0	0
1998-06-13	3.91	6.32	5.48	8.01
1998-06-14	0	0	0	0
1998-06-15	2.05	1.13	1.75	0.593
1998-06-16	20.6	22.5	21.7	23.4
1998-06-17	9.64	10.5	10.3	11.2
1998-06-18	6.2	5.91	6	5.35
1998-06-19	3.26	3.73	3.49	4.39
1998-06-20	2.43	2.21	2.4	2.25
1998-06-21	0	0	0	0
1998-06-22	0	0	0	0
1998-06-23	2.35	2.38	2.54	2.77
1998-06-24	0	0	0	0
1998-06-25	0	0	0	0
1998-06-26	0	0	0	0
1998-06-27	0	0	0	0
1998-06-28	0	0	0	0
1998-06-29	21.7	22.1	23.3	24.5
1998-06-30	8.45	7.71	6.71	8.2
1998-07-01	0	0.0313	0	0.00374
1998-07-02	0	0	0	0
1998-07-03	0	0	0	0
1998-07-04	0	0	0	0
1998-07-05	7.59	8.59	8.17	7.57
1998-07-06	13.1	15.1	15.1	15.9
1998-07-07	0	0.679	0	1.6
1998-07-08	0	0	0	0
1998-07-09	1.81	0.57	0.103	0
1998-07-10	4.47	5.5	5.23	5.8
1998-07-11	4.66	5.21	5.34	5.38
1998-07-12	12.4	13.4	13.6	13.6
1998-07-13	15.2	17	17.5	16.8
1998-07-14	8.25	10.6	9.54	10.1
1998-07-15	14.8	12.5	12.3	11.2
1998-07-16	6.21	5.59	5.41	6.12
1998-07-17	0	0	0	0
1998-07-18	0	0	0	0.216
1998-07-19	10.8	11.9	11.7	12.3
1998-07-20	0	0	0	0
1998-07-21	0	0	0	0
1998-07-22	0	0	0	0
1998-07-23	0	0	0	0
1998-07-24	3.51	4.05	3.92	4.07
1998-07-25	2.93	3.4	3.17	3.52
1998-07-26	0	0	0	0
1998-07-27	4.73	5.95	5.2	5.41
1998-07-28	0.693	1.81	1.68	1.86
1998-07-29	0	0	0	0
1998-07-30	17.5	18.4	18.9	19.9
1998-07-31	8.4	7.46	7.63	7.61
1998-08-01	1.32	1.33	0.0746	0.045
1998-08-02	0	0	0	0
1998-08-03	0	0	0	0
1998-08-04	5.24	6.21	6.26	6.29
1998-08-05	0	0	0	0
1998-08-06	0	0	0	0
1998-08-07	4.69	5.03	4.95	5.15
1998-08-08	0	0	0	0
1998-08-09	0	0	0	0
1998-08-10	0	0	0	0
1998-08-11	0	0	0	0
1998-08-12	0	0.558	0	0.0252
1998-08-13	2.95	2.06	2.83	2.58
1998-08-14	0.733	1.1	1.77	1.88
1998-08-15	14.9	14.6	14.9	14
1998-08-16	4.63	3.86	3.34	3.94
1998-08-17	5.02	5.21	5.58	5.61
1998-08-18	8.46	7.87	7.81	6.88
1998-08-19	5.21	6.78	6.35	7.03
1998-08-20	0	0	0	0
1998-08-21	10.8	11.4	11.3	11.7
1998-08-22	5.2	6.86	6.32	7.9
1998-08-23	19.7	21.9	21.2	21
1998-08-24	0	0	0	0
1998-08-25	0	0	0	0
1998-08-26	3.27	3.45	3.27	2.86
1998-08-27	13.8	14.2	14.5	14.2
1998-08-28	0	0	0	0
1998-08-29	0	0	0	0
1998-08-30	2.54	2.52	2.8	2.53
1998-08-31	0	0	0	0
1998-09-01	0	0	0	0
1998-09-02	0	0	0	0
1998-09-03	0	0	0	0
1998-09-04	0	0	0	0
1998-09-05	0	0	0	0
1998-09-06	0	0	0	0
1998-09-07	0	0	0	0
1998-09-08	0	0	0	0
1998-09-09	1.49	1.9	1.71	2.24
1998-09-10	5.13	4.6	4.83	4.49
1998-09-11	0	0.00376	0	0.0425
1998-09-12	1.32	0.757	0.663	0.548
1998-09-13	12	10.8	10.2	11.2
1998-09-14	0	0	0	0
1998-09-15	3.17	2.82	2.76	2.73
1998-09-16	2.04	2.35	1.86	1.96
1998-09-17	3.62	3.42	2.92	2.99
1998-09-18	0.446	0.465	0.38	0.396
1998-09-19	1.49	1.65	1.55	1.93
1998-09-20	0	0	0	0
1998-09-21	0	0	0	0
1998-09-22	0	0	0	0
1998-09-23	0	0	0	0
1998-09-24	0	0	0	0
1998-09-25	0	0	0	0
1998-09-26	8.29	6.84	7.37	6.33
1998-09-27	12.6	11.1	11.4	11.6
1998-09-28	0.712	0.737	0.57	0.712
1998-09-29	0.21	0.0488	0.0119	0
1998-09-30	0	0	0	0
1998-10-01	0	0	0	0
1998-10-02	0	0	0	0
1998-10-03	0	0	0	0
1998-10-04	0	0	0	0
1998-10-05	0	0.139	0	0.0423
1998-10-06	0	0	0	0
1998-10-07	0	0	0	0
1998-10-08	0	0	0	0
1998-10-09	0	0.00842	0	0.00101
1998-10-10	2.24	2.85	2.6	3.12
1998-10-11	0	0	0	0
1998-10-12	1.24	0.779	1.09	0.753
1998-10-13	0	0	0	0
1998-10-14	14.2	13.7	14	14.2
1998-10-15	0	0	0	0
1998-10-16	0	0	0	0
1998-10-17	2.28	2.06	2.33	2.43
1998-10-18	18.5	16.6	17.8	16.6
1998-10-19	4.08	3.67	3.86	3.79
1998-10-20	0	0	0	0
1998-10-21	0.987	1.03	1.08	1.27
1998-10-22	0.615	0.457	0.55	0.528
1998-10-23	11.6	11.8	11.8	12.7
1998-10-24	0	0	0	0
1998-10-25	20.8	18.3	19.4	18.3
1998-10-26	10	9.45	9.75	9.61
1998-10-27	3.54	4.03	4.03	4.65
1998-10-28	14.6	13	13	11.5
1998-10-29	3.3	3.31	3.13	2.86
1998-10-30	3.29	3.16	3.21	3.15
1998-10-31	4.2	3.75	4.04	3.68
1998-11-01	4.42	3.85	4.14	3.69
1998-11-02	1.77	1.52	1.67	1.51
1998-11-03	0	0	0	0
1998-11-04	0	0	0	0
1998-11-05	0	0.0603	0	0.301
1998-11-06	0	0	0	0
1998-11-07	0	0	0	0
1998-11-08	0	0	0	0
1998-11-09	0.642	0.487	0.549	0.19
1998-11-10	2.91	2.8	2.84	2.94
1998-11-11	0.564	0.731	0.625	0.686
1998-11-12	1.25	1.39	1.32	1.47
1998-11-13	0	0	0	0
1998-11-14	0	0	0	0
1998-11-15	0	0	0	0
1998-11-16	0	0.0977	0	0.00572
1998-11-17	0	0	0	0
1998-11-18	0	0	0	0
1998-11-19	0	0	0	0
1998-11-20	0	0	0	0
1998-11-21	2.65	2.86	2.7	2.81
1998-11-22	0	0	0	0
1998-11-23	0	0	0	0
1998-11-24	0	0	0	0
1998-11-25	1.4	1.23	1.31	1.25
1998-11-26	2.23	2.19	2.18	2.25
1998-11-27	0.757	0.498	0.626	0.522
1998-11-28	0	0	0	0
1998-11-29	0	0	0	0
1998-11-30	0	0	0	0
1998-12-01	0	0	0	0
1998-12-02	0	0	0	0
1998-12-03	0	0.00542	0	0
1998-12-04	2.51	2.05	2.36	2.1
1998-12-05	0.878	0.514	0.829	0.282
1998-12-06	0.811	0.462	0.733	0.249
1998-12-07	0	0	0	0
1998-12-08	0	0	0	0
1998-12-09	0	0	0	0
1998-12-10	0	0	0	0
1998-12-11	0	0	0	0
1998-12-12	0	0	0	0
1998-12-13	1.3	0.849	1.22	0.868
1998-12-14	3.02	3.05	3.14	3.11
1998-12-15	0.459	0.819	0.026	0.646
1998-12-16	0	0	0	0
1998-12-17	0.272	0.706	0.659	0.641
1998-12-18	2.19	2.51	2.41	2.56
1998-12-19	0	0	0	0
1998-12-20	1.79	2.09	2.1	2.37
1998-12-21	0	0.0599	0	0.00328
1998-12-22	0	0	0	0
1998-12-23	2.98	2.99	3.12	3.12
1998-12-24	3.56	3.2	3.32	2.89
1998-12-25	4.94	4.71	4.98	4.71
1998-12-26	0	0.184	0	0.346
1998-12-27	7.77	6.68	7.27	6.36
1998-12-28	2.04	2.22	1.94	1.85
1998-12-29	0	0.0259	0	0
1998-12-30	0	0	0	0
1998-12-31	0	0	0	0
1999-01-01	0	0.0991	0	0.00395
1999-01-02	0.935	0.979	0.845	0.9
1999-01-03	1.3	1.02	1.05	0.931
1999-01-04	2.03	1.88	1.87	2.01
1999-01-05	1	0.921	0.86	0.851
1999-01-06	0	0.0674	0	0.336
1999-01-07	0	0	0	0
1999-01-08	0	0	0	0
1999-01-09	0	0	0	0
1999-01-10	0	0	0	0
1999-01-11	0	0	0	0
1999-01-12	0	0	0	0
1999-01-13	1.88	1.58	1.59	1.47
1999-01-14	0.86	0.449	0.675	0.227
1999-01-15	1.11	0.93	0.955	0.932
1999-01-16	6.68	6.83	6.15	6.7
1999-01-17	0	0	0	0
1999-01-18	0	0	0	0
1999-01-19	0.903	1.28	1.08	1.37
1999-01-20	0	0	0	0
1999-01-21	1.39	1.64	1.67	1.92
1999-01-22	0	0	0	0
1999-01-23	1.47	1.36	1.09	1.08
1999-01-24	7.27	6.77	6.28	6.35
1999-01-25	3.56	3.07	3.02	2.92
1999-01-26	0	0	0	0
1999-01-27	0	0	0	0
1999-01-28	0	0	0	0
1999-01-29	0	0	0	0
1999-01-30	2.11	2.12	1.97	2.15
1999-01-31	1.94	1.59	1.7	1.63
1999-02-01	0	0	0	0
1999-02-02	2.09	1.85	1.82	1.62
1999-02-03	0	0	0	0
1999-02-04	2.95	3.22	2.74	2.93
1999-02-05	3.13	3.01	2.94	2.89
1999-02-06	0	0	0	0
1999-02-07	0	0	0	0
1999-02-08	0	0	0	0
1999-02-09	0	0	0	0
1999-02-10	0	0	0	0
1999-02-11	1.71	1.89	1.77	1.98
1999-02-12	0	0.203	0	0.108
1999-02-13	0	0	0	0
1999-02-14	0	0	0	0
1999-02-15	0	0.308	0	0.0133
1999-02-16	3.14	3.07	3.09	3.21
1999-02-17	2.99	2.88	2.93	3.24
1999-02-18	0	0	0	0
1999-02-19	7.81	7.67	7.7	8.12
1999-02-20	4.03	3.59	3.65	3.37
1999-02-21	1.17	0.836	1.14	1.1
1999-02-22	5.67	4.8	5.22	4.82
1999-02-23	1.66	1.12	1.43	1.08
1999-02-24	0	0	0	0
1999-02-25	0	0	0	0
1999-02-26	7.64	7.53	7.36	7.67
1999-02-27	1.31	1.38	1.37	1.61
1999-02-28	7.54	6.98	7.01	6.86
1999-03-01	9.87	9.96	9.44	9.55
1999-03-02	4.79	4.72	4.62	4.5
1999-03-03	1.12	1.01	1.06	1.02
1999-03-04	3	2.68	2.84	2.81
1999-03-05	5.58	5.08	5.27	4.95
1999-03-06	3.48	3.3	3.4	3.21
1999-03-07	5.9	5.15	5.4	5.01
1999-03-08	0.931	0.868	0.909	0.881
1999-03-09	1.42	1.25	1.32	1.25
1999-03-10	0	0	0	0
1999-03-11	0	0	0	0
1999-03-12	0	0	0	0
1999-03-13	0	0	0	0
1999-03-14	0	0	0	0
1999-03-15	0	0	0	0
1999-03-16	1.4	1.62	1.52	1.84
1999-03-17	1.43	1.42	1.55	1.47
1999-03-18	0	0	0	0
1999-03-19	0	0	0	0
1999-03-20	0	0	0	0
1999-03-21	0	0	0	0
1999-03-22	0	0	0	0
1999-03-23	0	0	0	0
1999-03-24	0	0	0	0
1999-03-25	1.38	1.43	1.34	1.37
1999-03-26	7.08	6.68	6.55	6.52
1999-03-27	0	0.00841	0	0.00101
1999-03-28	0	0	0	0
1999-03-29	0	0	0	0
1999-03-30	0	0	0	0
1999-03-31	0	0	0	0
1999-04-01	0	0	0	0
1999-04-02	2.57	2.43	2.3	1.99
1999-04-03	0	0	0	0
1999-04-04	0	0	0	0
1999-04-05	0	0	0	0
1999-04-06	1.33	1.2	1.31	1.35
1999-04-07	0	0	0	0
1999-04-08	0	0	0	0
1999-04-09	0	0	0	0
1999-04-10	0	0.102	0	0.461
1999-04-11	9.93	7.88	9.28	8.57
1999-04-12	0	0	0	0
1999-04-13	8.7	7.15	7.53	6.6
1999-04-14	11.7	10.6	10.4	9.19
1999-04-15	6.28	6.01	5.89	5.73
1999-04-16	0	0	0	0
1999-04-17	3.38	2.76	2.97	2.53
1999-04-18	19.9	19.9	19.5	19.6
1999-04-19	7.33	6.38	6.46	5.76
1999-04-20	0	0	0	0
1999-04-21	0	0	0	0
1999-04-22	4.94	4.43	4.51	4.02
1999-04-23	3.56	2.58	2.84	2.07
1999-04-24	0	0	0	0
1999-04-25	0	0	0	0
1999-04-26	0	0	0	0
1999-04-27	0	0	0	0
1999-04-28	0.882	0.564	0.81	0.275
1999-04-29	0	0	0	0
1999-04-30	5.49	5.6	5.49	5.42
1999-05-01	0.973	0.715	0.908	0.772
1999-05-02	1.53	1.31	1.54	1.12
1999-05-03	1.11	0.924	0.962	0.957
1999-05-04	0	0	0	0
1999-05-05	0	0	0	0
1999-05-06	0	0	0	0
1999-05-07	0	0	0	0
1999-05-08	0	0	0	0
1999-05-09	0	0	0	0
1999-05-10	0	0	0	0
1999-05-11	0.762	1.12	1.01	1.35
1999-05-12	0	0	0	0
1999-05-13	0	0	0	0
1999-05-14	0	0	0	0
1999-05-15	0	0	0	0
1999-05-16	1.89	2.58	2.47	3.04
1999-05-17	0	0	0	0
1999-05-18	0	0	0	0
1999-05-19	0	0	0	0
1999-05-20	0	0	0	0
1999-05-21	0	0	0	0
1999-05-22	0	0.0144	0	0.075
1999-05-23	0	0	0	0
1999-05-24	0	0	0	0
1999-05-25	0.717	0.806	0.811	0.891
1999-05-26	0	0	0	0
1999-05-27	1.01	1.05	0.942	0.957
1999-05-28	0	0.192	0	0.0115
1999-05-29	10.5	10.3	10.5	10.4
1999-05-30	0	0	0	0
1999-05-31	0	0	0	0
1999-06-01	2.13	2.43	2.13	2.2
1999-06-02	4.5	5.33	4.62	5.13
1999-06-03	0	0	0	0
1999-06-04	1.71	1.67	1.64	1.75
1999-06-05	5.63	4.86	5.23	5.36
1999-06-06	5.11	5.32	5.07	5.54
1999-06-07	0	0	0	0
1999-06-08	0	0	0	0
1999-06-09	13.2	13.6	13.3	14.5
1999-06-10	0	0	0	0
1999-06-11	0	0	0	0
1999-06-12	0	0	0	0
1999-06-13	0	0	0	0
1999-06-14	0.638	0.148	0.0361	0
1999-06-15	0	0	0	0
1999-06-16	1.4	1.46	1.47	1.66
1999-06-17	0	0	0	0
1999-06-18	0	0	0	0
1999-06-19	0	0	0	0
1999-06-20	2.78	3.11	2.94	3.53
1999-06-21	0.636	1.7	1.54	2.01
1999-06-22	0	0	0	0
1999-06-23	7.86	7.14	7.05	6.74
1999-06-24	0	0	0	0
1999-06-25	0	0	0	0
1999-06-26	5.63	4.9	5.19	5.32
1999-06-27	0	0	0	0
1999-06-28	0	0	0	0
1999-06-29	1.66	1.26	1.52	1.56
1999-06-30	0	0	0	0
1999-07-01	0	0	0	0
1999-07-02	0.195	0.229	0.472	0.167
1999-07-03	4.62	4.91	4.94	5.52
1999-07-04	0	0	0	0
1999-07-05	2.5	2.15	2.47	2.3
1999-07-06	3.57	3.6	3.24	3.21
1999-07-07	0	0	0	0
1999-07-08	0	0	0	0
1999-07-09	0	0	0	0
1999-07-10	0	0	0	0
1999-07-11	0	0	0	0
1999-07-12	0	0	0	0
1999-07-13	0	0	0	0
1999-07-14	3.47	3.6	3.73	4.04
1999-07-15	10.9	10.7	10	10.2
1999-07-16	0.876	1.11	1.13	1.51
1999-07-17	7.92	8.18	8.17	9.32
1999-07-18	0	0	0	0
1999-07-19	0.247	0.0573	0.014	0.0748
1999-07-20	5.33	5.93	5.99	6.96
1999-07-21	11.4	9.91	10.1	9.16
1999-07-22	3.33	4.03	4.01	5.52
1999-07-23	0	0	0	0
1999-07-24	1.26	1.23	1.39	1.4
1999-07-25	2.95	3.04	2.74	2.95
1999-07-26	0	0	0	0
1999-07-27	0	0.273	0	0.351
1999-07-28	0	0	0	0
1999-07-29	0	0	0	0
1999-07-30	0	0	0	0
1999-07-31	0	0	0	0
1999-08-01	0	0	0	0
1999-08-02	0	0	0	0
1999-08-03	1.21	1.06	0.914	0.847
1999-08-04	0.344	0.0798	0.0195	0
1999-08-05	23.8	19	21	18.3
1999-08-06	5.47	3.75	4.93	3.12
1999-08-07	0	0	0	0
1999-08-08	0.974	1.57	1.19	1.42
1999-08-09	10.5	9.79	10.2	10.9
1999-08-10	1.35	1.4	1.36	1.43
1999-08-11	0	0	0	0
1999-08-12	0	0	0	0
1999-08-13	0	0	0	0
1999-08-14	0	0	0	0
1999-08-15	0.885	0.506	0.805	0.273
1999-08-16	0	0	0	0
1999-08-17	0	0	0	0
1999-08-18	0	0	0	0
1999-08-19	0	0	0	0
1999-08-20	0	0	0	0
1999-08-21	0.932	1.05	1.14	1.17
1999-08-22	0	0	0	0
1999-08-23	0.306	0.759	0.74	1.08
1999-08-24	0	0	0	0
1999-08-25	0	0	0	0
1999-08-26	0	0	0	0.083
1999-08-27	7.25	8.3	7.8	8.7
1999-08-28	4.43	4.2	3.96	4.19
1999-08-29	0	0	0	0
1999-08-30	0.725	0.791	0.787	0.911
1999-08-31	9.11	10.1	9.79	11.3
1999-09-01	0	0	0	0
1999-09-02	0	0	0	0
1999-09-03	0	0	0	0
1999-09-04	0	0	0	0
1999-09-05	0	0	0	0
1999-09-06	0	0	0	0
1999-09-07	0	0	0	0
1999-09-08	0.937	1.4	1.07	1.39
1999-09-09	0	0	0	0
1999-09-10	0	0	0	0
1999-09-11	0	0	0	0
1999-09-12	0	0	0	0
1999-09-13	0	0	0	0
1999-09-14	0	0	0	0
1999-09-15	4.33	4.47	4.05	4.13
1999-09-16	10.5	8.89	8.94	8.38
1999-09-17	4.26	4.81	4.48	5.15
1999-09-18	0.789	1.05	0.859	1.1
1999-09-19	0	0	0	0
1999-09-20	0	0	0	0
1999-09-21	0	0	0	0
1999-09-22	0	0	0	0
1999-09-23	3.63	3.87	3.34	3.46
1999-09-24	0.459	0.399	0.026	0.0124
1999-09-25	0	0	0	0.121
1999-09-26	3.48	3.04	2.87	2.75
1999-09-27	4.43	4.09	3.79	3.83
1999-09-28	1.89	1.76	1.54	1.38
1999-09-29	2.92	2.83	2.64	2.63
1999-09-30	1.25	1.23	0.997	0.909
1999-10-01	6.15	5.24	5.72	5.36
1999-10-02	13.7	12.8	13.5	12.8
1999-10-03	1.59	1.69	1.53	1.59
1999-10-04	0.717	0.856	0.89	0.961
1999-10-05	1.35	0.764	0.959	0.769
1999-10-06	0	0	0	0
1999-10-07	0	0	0	0
1999-10-08	0.865	0.845	0.853	0.997
1999-10-09	15.9	16.3	16	16.4
1999-10-10	0.978	1.23	1.15	1.35
1999-10-11	22.9	21.4	22.2	21.3
1999-10-12	0	0	0	0
1999-10-13	0	0	0	0
1999-10-14	0	0	0	0
1999-10-15	0	0	0	0
1999-10-16	0	0	0	0
1999-10-17	0	0	0	0
1999-10-18	0	0	0	0
1999-10-19	0	0	0	0
1999-10-20	0	0	0	0
1999-10-21	0	0	0	0
1999-10-22	0	0	0	0
1999-10-23	0	0	0	0
1999-10-24	6.79	6.93	7.22	7.49
1999-10-25	0.659	0.601	0.738	0.329
1999-10-26	0.963	1	1.07	1.06
1999-10-27	1.17	1.1	1.22	1.23
1999-10-28	5.57	5.74	5.67	5.87
1999-10-29	0	0.34	0	0.502
1999-10-30	0	0	0	0
1999-10-31	1.2	0.696	0.974	0.328
1999-11-01	0	0	0	0
1999-11-02	3.97	4.37	4.13	4.37
1999-11-03	0	0	0	0
1999-11-04	0	0	0	0
1999-11-05	0	0	0	0
1999-11-06	0.253	0.566	0.613	0.646
1999-11-07	0	0.111	0	0.00415
1999-11-08	0	0	0	0
1999-11-09	0	0	0	0
1999-11-10	0	0	0	0
1999-11-11	0	0	0	0
1999-11-12	0	0	0	0
1999-11-13	0	0	0	0
1999-11-14	0	0	0	0
1999-11-15	0	0	0	0
1999-11-16	1.34	1.24	1.29	1.23
1999-11-17	1.14	1.19	1.16	1.22
1999-11-18	1.23	1.26	1.31	1.23
1999-11-19	0	0	0	0
1999-11-20	2.39	2.4	2.36	2.35
1999-11-21	1.08	1.28	1.24	1.51
1999-11-22	0.465	0.108	0.0263	0
1999-11-23	0	0	0	0
1999-11-24	0	0	0	0
1999-11-25	1.23	1.28	1.27	1.23
1999-11-26	0	0	0	0
1999-11-27	0	0.00523	0	0
1999-11-28	0.876	1	0.919	0.952
1999-11-29	5.14	6.28	5.51	6.03
1999-11-30	4.1	3.93	3.89	3.79
1999-12-01	2.71	3.19	2.85	2.94
1999-12-02	0	0	0	0
1999-12-03	0	0	0	0
1999-12-04	0	0	0	0
1999-12-05	0	0	0	0
1999-12-06	2.01	1.84	2.06	2.19
1999-12-07	8.36	8.12	8.38	8.67
1999-12-08	0.636	0.359	0.487	0.163
1999-12-09	10.4	9.81	9.96	9.89
1999-12-10	3.15	2.64	3.02	2.88
1999-12-11	0	0	0	0
1999-12-12	9.86	8.08	9.08	8.01
1999-12-13	3.6	3.11	3.31	3
1999-12-14	0	0	0	0
1999-12-15	0	0	0	0
1999-12-16	0.864	0.79	0.853	0.902
1999-12-17	12.1	12.1	11.9	12.4
1999-12-18	3.82	4	3.72	3.72
1999-12-19	0	0	0	0
1999-12-20	0	0	0	0
1999-12-21	0	0	0	0
1999-12-22	0	0	0	0
1999-12-23	0.907	0.97	0.918	0.979
1999-12-24	0	0.043	0	0.227
1999-12-25	9.09	8.64	8.69	8.82
1999-12-26	2.09	2.53	2.35	2.91
1999-12-27	1.2	1.28	1.25	1.3
1999-12-28	2.65	2.3	2.44	2.24
1999-12-29	0	0.0595	0	0.00352
1999-12-30	0	0	0	0
1999-12-31	0	0	0	0
2000-01-01	3.1	3	2.79	3.15
2000-01-02	2.58	2.44	2.18	2.18
2000-01-03	1.3	1.5	1.32	1.65
2000-01-04	0.899	0.929	0.724	0.741
2000-01-05	0	0	0	0
2000-01-06	1.3	1.35	1.18	1.23
2000-01-07	0	0	0	0
2000-01-08	0	0	0	0
2000-01-09	0	0	0	0
2000-01-10	0	0	0	0
2000-01-11	0	0.00399	0	0
2000-01-12	0	0	0	0
2000-01-13	2.75	2.74	2.25	2.39
2000-01-14	0	0	0	0
2000-01-15	0.155	0.376	0.375	0.454
2000-01-16	0	0	0	0
2000-01-17	0	0	0	0
2000-01-18	1.23	1.68	1.5	2.04
2000-01-19	0.93	1	0.87	1.01
2000-01-20	0.89	1.41	1.33	1.69
2000-01-21	0	0	0	0
2000-01-22	0	0	0	0
2000-01-23	0	0	0	0
2000-01-24	1.66	1.8	1.58	1.88
2000-01-25	0	0	0	0
2000-01-26	0	0	0	0
2000-01-27	0.395	0.436	0.378	0.462
2000-01-28	0.227	0.197	0.0129	0.0525
2000-01-29	7.21	7.18	6.42	6.97
2000-01-30	0.465	0.632	0.441	0.506
2000-01-31	0	0	0	0
2000-02-01	0	0	0	0
2000-02-02	1.18	1.06	1.21	1.26
2000-02-03	0	0	0	0
2000-02-04	0.71	0.852	0.831	0.938
2000-02-05	0.165	0.439	0.4	0.508
2000-02-06	3.02	3.45	3.35	3.7
2000-02-07	1.53	1.56	1.58	1.63
2000-02-08	0	0	0	0
2000-02-09	0	0	0	0
2000-02-10	0	0.0584	0	0.265
2000-02-11	0	0	0	0
2000-02-12	0.99	0.956	0.975	1
2000-02-13	0	0.119	0	0.00729
2000-02-14	0	0.0075	0	0.061
2000-02-15	1.08	1.1	1.13	1.31
2000-02-16	0	0	0	0
2000-02-17	0.741	0.788	0.722	0.702
2000-02-18	0	0	0	0
2000-02-19	0	0	0	0
2000-02-20	0	0	0	0
2000-02-21	0	0	0	0
2000-02-22	0.292	0.107	0.0165	0
2000-02-23	0	0	0	0
2000-02-24	15.7	14.4	15	14.6
2000-02-25	0.692	0.592	0.549	0.192
2000-02-26	0.588	0.613	0.584	0.573
2000-02-27	0	0	0	0
2000-02-28	0.508	0.391	0.53	0.581
2000-02-29	0	0	0	0
2000-03-01	3.37	3.07	3.18	2.93
2000-03-02	0	0	0	0
2000-03-03	19.8	18.4	18.8	17.3
2000-03-04	0.293	0.262	0.283	0.249
2000-03-05	0	0	0	0
2000-03-06	4.57	4.32	4.27	3.88
2000-03-07	0.579	0.702	0.663	0.718
2000-03-08	0	0	0	0
2000-03-09	0.258	0.355	0.321	0.377
2000-03-10	0	0.0479	0	0.00285
2000-03-11	0	0	0	0
2000-03-12	0	0	0	0
2000-03-13	0.703	0.805	0.725	0.723
2000-03-14	1.74	1.44	1.45	1.16
2000-03-15	0	0	0	0
2000-03-16	0	0	0	0
2000-03-17	0.259	0.303	0.268	0.269
2000-03-18	1.03	0.875	0.956	0.852
2000-03-19	0	0	0	0
2000-03-20	0	0	0	0
2000-03-21	0	0	0	0
2000-03-22	0.167	0.11	0.163	0.0556
2000-03-23	0	0	0	0
2000-03-24	0	0	0	0
2000-03-25	0	0	0	0
2000-03-26	0	0	0	0
2000-03-27	0	0	0	0
2000-03-28	0	0	0	0
2000-03-29	0	0	0	0
2000-03-30	0	0	0	0
2000-03-31	1.75	1.88	1.77	1.72
2000-04-01	0	0	0	0
2000-04-02	0	0	0	0
2000-04-03	7.43	7.69	7.44	7.99
2000-04-04	13.4	14.5	13.4	14.3
2000-04-05	0.654	1.44	1.58	1.71
2000-04-06	0	0	0	0
2000-04-07	0	0	0	0
2000-04-08	0	0	0	0
2000-04-09	0	0	0	0
2000-04-10	0	0	0	0
2000-04-11	0	0	0	0
2000-04-12	0	0	0	0
2000-04-13	6.47	5.4	5.88	5.57
2000-04-14	2.58	2.15	2.24	1.9
2000-04-15	3.82	4.48	4.11	4.71
2000-04-16	0.886	2.11	2.14	2.67
2000-04-17	5.67	6.34	6	6.85
2000-04-18	1.67	1.69	1.67	1.79
2000-04-19	0	0	0	0
2000-04-20	0	0	0	0
2000-04-21	0	0	0	0
2000-04-22	0	0	0	0
2000-04-23	5.34	4.69	4.86	4.82
2000-04-24	7.51	7.2	7.64	7.84
2000-04-25	9.6	10.2	9.49	10.4
2000-04-26	1.08	0.249	0.0609	0
2000-04-27	4.6	5.05	4.49	4.79
2000-04-28	0	0	0	0
2000-04-29	0	0	0	0
2000-04-30	0	0	0	0
2000-05-01	0	0	0	0
2000-05-02	0	0	0	0
2000-05-03	1.42	1.22	1.36	1.34
2000-05-04	0	0	0	0
2000-05-05	0	0	0	0
2000-05-06	0	0	0	0
2000-05-07	0	0	0	0
2000-05-08	0	0	0	0
2000-05-09	0	0	0	0
2000-05-10	0	0	0	0
2000-05-11	0	0	0	0
2000-05-12	0	0	0	0
2000-05-13	0	0	0	0
2000-05-14	0	0	0	0
2000-05-15	0	0	0	0
2000-05-16	0	0	0	0
2000-05-17	0	0	0	0
2000-05-18	2.78	2.93	2.99	3.18
2000-05-19	0	0	0	0.0978
2000-05-20	2.03	1.41	1.84	1.3
2000-05-21	7.69	8.86	8.79	11.1
2000-05-22	6.05	7.93	7.18	9
2000-05-23	0	0	0	0
2000-05-24	4.43	4.82	4.91	5.5
2000-05-25	0	0	0	0
2000-05-26	10.6	10.3	10.8	11
2000-05-27	4.04	4.2	4.34	4.78
2000-05-28	0.53	1.15	1.28	1.32
2000-05-29	1.94	2.09	2.18	2.48
2000-05-30	13.3	13.1	13.1	13.8
2000-05-31	4.65	4.6	4.72	4.6
2000-06-01	0.598	0.758	0.0339	0.0251
2000-06-02	3.5	4.2	3.49	3.93
2000-06-03	0.739	0.293	0.0418	0
2000-06-04	0	0	0	0
2000-06-05	0	0	0	0
2000-06-06	0	0	0	0
2000-06-07	0.56	1.38	1.36	1.56
2000-06-08	0	0	0	0
2000-06-09	0	0	0	0
2000-06-10	0	0	0	0
2000-06-11	1.37	1.06	1.51	1.28
2000-06-12	1.26	1.32	1.47	1.39
2000-06-13	0	0.611	0	0.0276
2000-06-14	0	0	0	0
2000-06-15	0	0	0	0
2000-06-16	0	0	0	0
2000-06-17	0	0	0	0
2000-06-18	0	0	0	0
2000-06-19	0.416	1.17	1.01	1.37
2000-06-20	0	0	0	0
2000-06-21	0	0	0	0
2000-06-22	1.79	1.64	1.46	1.52
2000-06-23	0	0	0	0
2000-06-24	4.06	3.96	3.45	3.09
2000-06-25	2.4	3.03	2.76	3.17
2000-06-26	6.15	7.12	6.58	6.53
2000-06-27	6.67	8.64	7.48	8.88
2000-06-28	0.971	0.635	1.08	0.505
2000-06-29	20	15.7	16.5	13.4
2000-06-30	14.8	18.3	16.6	19.8
2000-07-01	4.54	6.65	5.72	6.47
2000-07-02	0	0	0	0
2000-07-03	7.46	8.42	7.95	9.71
2000-07-04	1.94	0.45	0.11	0.298
2000-07-05	0	0	0	0
2000-07-06	0	0	0	0
2000-07-07	11.2	9.96	10.2	9.43
2000-07-08	5.14	6.45	5.43	6.19
2000-07-09	0	0	0	0
2000-07-10	0	0	0	0
2000-07-11	2.45	0.608	0.139	0.00473
2000-07-12	15	13.7	14.3	13
2000-07-13	39.6	42.2	41.6	44.5
2000-07-14	11	8.7	8.65	6.94
2000-07-15	8.58	6.43	6.84	4.73
2000-07-16	16.7	19.4	18.1	19.3
2000-07-17	9.44	9.37	7.55	9.59
2000-07-18	8.15	8.23	7.66	7.67
2000-07-19	10.8	12.5	11.7	12.5
2000-07-20	11.2	12.8	11.2	14
2000-07-21	0	1.15	0	2.84
2000-07-22	1.3	2.6	3.14	1.15
2000-07-23	20.1	19	19.7	18.6
2000-07-24	4.24	5.82	4.96	5.72
2000-07-25	4.5	4.95	4.85	5.11
2000-07-26	0	0	0	0
2000-07-27	0	0	0	0
2000-07-28	0	0	0	0
2000-07-29	0	0	0	0
2000-07-30	2.45	6.23	5.93	8.24
2000-07-31	0	0	0	0
2000-08-01	0	0	0	0
2000-08-02	3.45	2.83	2.91	3.05
2000-08-03	0	0	0	0
2000-08-04	0	0.108	0	0
2000-08-05	4.41	3.43	3.97	3.72
2000-08-06	6.09	7.61	7.12	9.21
2000-08-07	3.03	3.37	3.32	3.9
2000-08-08	4.06	4.75	4.85	5.61
2000-08-09	0	0	0	0
2000-08-10	0	0	0	0
2000-08-11	5.85	6.6	6.61	8.53
2000-08-12	0	0	0	0
2000-08-13	0	0	0	0
2000-08-14	0	0	0	0
2000-08-15	4.77	5.31	5.13	5.93
2000-08-16	0	0	0	0
2000-08-17	0	0	0	0
2000-08-18	3.2	3.94	4.18	4.41
2000-08-19	0	0	0	0
2000-08-20	6.59	6.69	7.45	8.24
2000-08-21	0	0.652	0	1.1
2000-08-22	1.77	3.04	2.91	4.35
2000-08-23	0	0	0	0
2000-08-24	0.527	0.817	1.28	1.5
2000-08-25	0	0	0	0
2000-08-26	0	0	0	0
2000-08-27	0	0	0	0
2000-08-28	0	0	0	0
2000-08-29	0	0.0118	0	0.12
2000-08-30	0	0	0	0
2000-08-31	3.57	2.27	3.33	2.05
2000-09-01	0	0	0	0
2000-09-02	0.925	0.758	0.841	0.652
2000-09-03	0	0	0	0
2000-09-04	0	0	0	0
2000-09-05	0	0	0	0
2000-09-06	1.93	1.65	1.54	1.47
2000-09-07	3.78	4.1	3.41	3.92
2000-09-08	2.21	2.22	1.96	2.3
2000-09-09	0	0.038	0	0.0232
2000-09-10	0	0	0	0
2000-09-11	0	0	0	0
2000-09-12	0	0	0	0
2000-09-13	0.708	0.862	0.704	1.09
2000-09-14	0.178	0.202	0.202	0.214
2000-09-15	0	0	0	0
2000-09-16	0	0	0	0
2000-09-17	0	0	0	0
2000-09-18	0	0	0	0
2000-09-19	0	0	0	0
2000-09-20	0	0	0	0
2000-09-21	0	0	0	0
2000-09-22	0	0	0	0
2000-09-23	0	0	0	0
2000-09-24	0	0	0	0
2000-09-25	0	0	0	0
2000-09-26	0	0	0	0
2000-09-27	0	0	0	0
2000-09-28	0.775	0.846	0.743	1.01
2000-09-29	0.602	0.648	0.558	0.629
2000-09-30	0	0	0	0
2000-10-01	0	0	0	0
2000-10-02	4.75	4.68	4.83	4.98
2000-10-03	1.63	2.1	1.91	2.24
2000-10-04	0	0	0	0
2000-10-05	0	0	0	0
2000-10-06	5.38	5.39	4.98	5.82
2000-10-07	0	0	0	0
2000-10-08	1.09	0.975	1.04	0.92
2000-10-09	4.18	4.85	4.65	5.66
2000-10-10	5.69	4.7	5.25	4.2
2000-10-11	17.3	14.6	15.2	13.4
2000-10-12	29.6	27.6	27.4	27.7
2000-10-13	1.16	1.33	1.18	1.22
2000-10-14	0	0	0	0
2000-10-15	0	0	0	0
2000-10-16	0	0	0	0
2000-10-17	0	0.0162	0	0
2000-10-18	0	0	0	0
2000-10-19	0	0	0	0
2000-10-20	0	0	0	0
2000-10-21	0.882	1.04	0.931	1.04
2000-10-22	1.7	1.38	1.45	1.21
2000-10-23	0.499	0.226	0.305	0.1
2000-10-24	8.11	6.57	6.91	5.76
2000-10-25	0	0	0	0
2000-10-26	0	0	0	0
2000-10-27	0	0	0	0
2000-10-28	5.24	5.17	5.08	4.91
2000-10-29	24	21.6	22.6	21.4
2000-10-30	22.1	20.6	19.7	18.7
2000-10-31	6.84	6.68	6.28	6
2000-11-01	0	0	0	0
2000-11-02	6.5	6.24	6.36	6.44
2000-11-03	2.93	2.74	2.7	2.91
2000-11-04	16.9	15.6	15.7	15
2000-11-05	0	0	0	0
2000-11-06	0	0	0	0
2000-11-07	5.44	4.88	5.21	5.18
2000-11-08	16.5	15.3	15.6	15.8
2000-11-09	0	0	0	0
2000-11-10	0.825	0.792	0.0467	0.847
2000-11-11	0	0	0	0
2000-11-12	2.23	2.26	2.33	2.28
2000-11-13	13.5	12.6	12.8	12.7
2000-11-14	0	0	0	0
2000-11-15	0	0	0	0
2000-11-16	0	0	0	0
2000-11-17	0	0	0	0
2000-11-18	24.2	22.2	22.3	21.3
2000-11-19	9.77	8.16	8.93	8.24
2000-11-20	5.85	5.41	5.45	5.14
2000-11-21	11.2	9.45	10.3	9.63
2000-11-22	21.1	17.9	18.8	17.3
2000-11-23	4.97	4.33	4.44	4.11
2000-11-24	1.53	1.3	1.56	1.72
2000-11-25	4.76	4.12	4.19	3.88
2000-11-26	2.28	1.26	1.96	0.663
2000-11-27	5.38	4.9	5.07	5.23
2000-11-28	7.34	6.69	6.83	6.55
2000-11-29	0	0	0	0
2000-11-30	9.74	8.16	8.4	6.69
2000-12-01	0	0	0	0
2000-12-02	2.55	2.37	2.47	2.31
2000-12-03	0	0	0	0
2000-12-04	0	0	0	0
2000-12-05	0.999	0.975	0.937	0.899
2000-12-06	0	0	0	0
2000-12-07	4.56	5.5	4.87	5.45
2000-12-08	0	0.00808	0	0
2000-12-09	9.82	9.33	9.35	9.17
2000-12-10	0	0	0	0
2000-12-11	0.625	0.487	0.587	0.589
2000-12-12	0.204	0.427	0.495	0.482
2000-12-13	16.1	16	15.4	15.1
2000-12-14	1.46	1.64	1.55	1.7
2000-12-15	7.07	6.42	6.63	5.95
2000-12-16	3.53	3.56	3.57	3.62
2000-12-17	1.15	1.45	1.3	1.43
2000-12-18	0	0	0	0
2000-12-19	0	0	0	0
2000-12-20	0	0	0	0
2000-12-21	0	0	0	0
2000-12-22	2.45	2.1	2.41	2.24
2000-12-23	0	0	0	0
2000-12-24	0	0	0	0
2000-12-25	0.356	0.0826	0.0202	0
2000-12-26	1.07	0.949	0.952	0.903
2000-12-27	0	0.238	0	0.06
2000-12-28	1.32	1.06	1.19	1.03
2000-12-29	14.6	13.3	13.7	12.8
2000-12-30	2.8	2.37	2.57	2.42
2000-12-31	0	0	0	0
2001-01-01	0.453	0.538	0.508	0.591
2001-01-02	8.91	8.31	8.5	8.57
2001-01-03	3.43	3.75	3.56	4.08
2001-01-04	5.59	5.4	5.42	5.44
2001-01-05	0.896	0.82	0.871	0.881
2001-01-06	10.5	9.01	9.59	9.04
2001-01-07	4.58	4.18	4.28	4.06
2001-01-08	2.94	2.32	2.62	2.14
2001-01-09	0.688	0.786	0.711	0.746
2001-01-10	0.704	0.706	0.71	0.677
2001-01-11	0.135	0.31	0.327	0.502
2001-01-12	0.754	0.777	0.771	0.785
2001-01-13	0	0	0	0
2001-01-14	0	0	0	0
2001-01-15	0	0	0	0
2001-01-16	0	0	0	0
2001-01-17	0	0	0	0
2001-01-18	0.21	0.132	0.222	0.0761
2001-01-19	0	0	0	0
2001-01-20	0	0	0	0
2001-01-21	0	0	0	0
2001-01-22	0.408	0.322	0.398	0.427
2001-01-23	2.99	2.69	2.79	2.8
2001-01-24	14.2	13.4	13.5	13.6
2001-01-25	0	0	0	0
2001-01-26	1.05	1.01	1.01	1.05
2001-01-27	0	0	0	0
2001-01-28	0.166	0.133	0.00939	0.00418
2001-01-29	0	0	0	0
2001-01-30	0	0	0	0
2001-01-31	3.8	3.33	3.54	3.29
2001-02-01	1.41	0.961	1.08	0.751
2001-02-02	3.1	2.36	2.55	2.2
2001-02-03	1.11	0.567	0.842	0.282
2001-02-04	0.537	0.293	0.0304	0.0609
2001-02-05	0.531	0.205	0.0301	0.339
2001-02-06	3.53	2.7	2.96	2.69
2001-02-07	4.12	3.4	3.53	3.29
2001-02-08	0	0	0	0
2001-02-09	0	0	0	0
2001-02-10	0	0	0	0
2001-02-11	5.24	4.63	4.63	4.47
2001-02-12	0	0	0	0
2001-02-13	1.29	1.18	1.15	1.11
2001-02-14	0	0	0	0
2001-02-15	0	0	0	0
2001-02-16	0	0	0	0
2001-02-17	0.369	0.861	0.893	1.07
2001-02-18	0	0	0	0
2001-02-19	0	0	0	0
2001-02-20	1.78	1.7	1.63	1.66
2001-02-21	3.33	2.6	2.67	2.23
2001-02-22	1.52	1.25	1.34	1.23
2001-02-23	0	0	0	0
2001-02-24	0	0	0	0.0624
2001-02-25	0	0	0	0
2001-02-26	0	0	0	0
2001-02-27	0	0	0	0
2001-02-28	0	0	0	0
2001-03-01	0.56	0.13	0.0317	0
2001-03-02	1.76	1.61	1.67	1.52
2001-03-03	0	0	0	0
2001-03-04	0	0	0	0
2001-03-05	0	0	0	0
2001-03-06	0.447	1.16	1.08	1.23
2001-03-07	0	0	0	0
2001-03-08	0	0	0	0
2001-03-09	3.02	3.2	3.12	3.34
2001-03-10	3.61	3.73	3.43	3.31
2001-03-11	0	0	0	0
2001-03-12	6.76	6.56	6.53	6.21
2001-03-13	10.4	10.9	10.8	11.4
2001-03-14	2.24	2.43	2.34	2.55
2001-03-15	1.81	1.73	1.76	1.71
2001-03-16	1.37	1.39	1.44	1.48
2001-03-17	0	0	0	0
2001-03-18	0	0	0	0
2001-03-19	0	0	0	0
2001-03-20	0	0	0	0
2001-03-21	0	0	0	0
2001-03-22	0	0	0	0
2001-03-23	0	0	0	0
2001-03-24	0	0.483	0	0.689
2001-03-25	1.34	1.65	1.63	2.11
2001-03-26	0	0	0	0
2001-03-27	0	0	0	0
2001-03-28	0	0	0	0
2001-03-29	0	0	0	0
2001-03-30	2.18	2.12	2.15	2.15
2001-03-31	1.75	2.04	1.86	2.03
2001-04-01	0	0	0	0
2001-04-02	0	0	0	0
2001-04-03	3.37	3.25	3	2.98
2001-04-04	0	0	0	0
2001-04-05	6.27	6	6.01	6.02
2001-04-06	0	0	0	0
2001-04-07	5.33	5.68	5.26	5.88
2001-04-08	6.42	7.96	6.92	8.74
2001-04-09	0	0.288	0	0.0927
2001-04-10	0	0	0	0
2001-04-11	0.556	1.85	1.35	1.77
2001-04-12	1.8	2.37	2.09	2.46
2001-04-13	0	0	0	0
2001-04-14	0	0	0	0
2001-04-15	0	0	0	0
2001-04-16	0.563	0.131	0.0319	0
2001-04-17	1.06	1.07	1.16	1.42
2001-04-18	1.04	0.644	0.893	0.302
2001-04-19	2.65	2.67	2.62	2.7
2001-04-20	0	0	0	0
2001-04-21	0	0	0	0
2001-04-22	0	0	0	0
2001-04-23	0	0	0	0
2001-04-24	2.5	2.89	2.82	3.24
2001-04-25	0	0	0	0
2001-04-26	0	0	0	0
2001-04-27	0	0	0	0
2001-04-28	0	0	0	0
2001-04-29	0	0.351	0	0.728
2001-04-30	0	0	0	0
2001-05-01	13.8	13.6	13.6	12.8
2001-05-02	0	0	0	0
2001-05-03	0	0	0	0
2001-05-04	3.93	3.02	3.65	3.15
2001-05-05	0	0	0	0
2001-05-06	0	0	0	0
2001-05-07	0	0	0	0
2001-05-08	0	0	0	0
2001-05-09	0	0	0	0
2001-05-10	0	0	0	0
2001-05-11	0	0	0	0
2001-05-12	0	0	0	0
2001-05-13	0	0	0	0
2001-05-14	0	0	0	0
2001-05-15	0	0	0	0
2001-05-16	0	0	0	0
2001-05-17	1.88	2.25	2.19	2.26
2001-05-18	4.64	3.83	4.1	3.5
2001-05-19	3.81	3.74	3.51	2.95
2001-05-20	0	0	0	0
2001-05-21	0	0	0	0
2001-05-22	0	0	0	0
2001-05-23	1.38	1.4	1.51	1.52
2001-05-24	1.36	1.11	1.15	0.403
2001-05-25	0	0	0	0
2001-05-26	1.22	1.73	1.5	1.66
2001-05-27	1.61	1.47	1.65	1.5
2001-05-28	3.27	3.67	3.49	4.04
2001-05-29	0	0	0	0
2001-05-30	0	0	0	0
2001-05-31	0	0	0	0
2001-06-01	2.56	4	3.41	4.79
2001-06-02	1.15	0.744	1.26	0.433
2001-06-03	0	0	0	0
2001-06-04	0	0	0	0
2001-06-05	0	0	0	0
2001-06-06	0	0	0	0
2001-06-07	1.76	2.3	2.25	2.7
2001-06-08	2.74	3.31	3.06	3.85
2001-06-09	2.58	4.53	3.6	5.57
2001-06-10	0	0	0	0
2001-06-11	2.18	3.71	2.78	3.8
2001-06-12	0	0	0	0
2001-06-13	0	0	0	0
2001-06-14	0	0	0	0
2001-06-15	0.384	0.775	0.0218	0.792
2001-06-16	0	0	0	0
2001-06-17	0.524	1.15	1.27	1.7
2001-06-18	0	0.516	0	0.8
2001-06-19	0.799	2.32	1.93	3.3
2001-06-20	0	0	0	0
2001-06-21	0	0	0	0
2001-06-22	0	0	0	0
2001-06-23	0	0	0	0
2001-06-24	0	0	0	0
2001-06-25	0.795	1.14	0.879	1.26
2001-06-26	0	0	0	0
2001-06-27	0	0	0	0
2001-06-28	0	0	0	0
2001-06-29	0	0	0	0
2001-06-30	0	0	0	0
2001-07-01	6.48	7.2	6.93	7.85
2001-07-02	0	1.01	0	1.61
2001-07-03	0.891	2.35	2.16	2.85
2001-07-04	0	0.436	0	0.0266
2001-07-05	0	0	0	0
2001-07-06	0	0.0251	0	0.00301
2001-07-07	1.92	1.37	1.85	1.68
2001-07-08	0	0	0	0
2001-07-09	0	0	0	0
2001-07-10	6.7	7.13	6.69	8.42
2001-07-11	1.98	2.98	2.69	3.79
2001-07-12	8.3	8.59	8	9.86
2001-07-13	2.77	4.27	4.47	5.47
2001-07-14	0	0.178	0	0
2001-07-15	6.46	7.32	7.28	8.33
2001-07-16	0	0	0	0
2001-07-17	0.954	0.221	0.0541	0
2001-07-18	10.3	11.1	10.7	11.8
2001-07-19	15.1	17.2	16.1	17.6
2001-07-20	0	0	0	0
2001-07-21	0	0	0	0
2001-07-22	3.65	3.18	3.3	3.3
2001-07-23	3.66	3.87	3.72	3.94
2001-07-24	0	0.354	0	0.196
2001-07-25	0	0	0	0
2001-07-26	0	0	0	0
2001-07-27	0	0	0	0
2001-07-28	2.66	2.03	2.9	2.69
2001-07-29	0	0	0	0
2001-07-30	6.74	7.28	7.07	7.33
2001-07-31	0	0	0	0
2001-08-01	0	0	0	0
2001-08-02	0	0	0	0
2001-08-03	0	0	0	0
2001-08-04	15.2	14.3	13.9	14.1
2001-08-05	4.56	5.11	4.41	4.85
2001-08-06	0.929	0.215	0.0526	0
2001-08-07	7.69	6.5	6.2	5.77
2001-08-08	0	0	0	0
2001-08-09	13.9	13.5	13	12.9
2001-08-10	10	10	8.91	9.33
2001-08-11	4.78	3.92	4.19	3.95
2001-08-12	2.75	3.03	2.68	2.91
2001-08-13	0.385	0.663	0.933	1.06
2001-08-14	1.44	1.96	1.83	2.23
2001-08-15	0	0	0	0
2001-08-16	0	0	0	0
2001-08-17	0	0.401	0	0.0201
2001-08-18	0	0	0	0
2001-08-19	0	0	0	0
2001-08-20	0.936	0.217	0.053	0
2001-08-21	0	0.528	0	0.575
2001-08-22	0	0	0	0
2001-08-23	0	0	0	0
2001-08-24	0	0	0	0
2001-08-25	1.13	0.617	0.954	0.425
2001-08-26	4.36	3.73	3.7	3.68
2001-08-27	50.5	47.9	45.4	43.2
2001-08-28	16.8	16.4	16	16.2
2001-08-29	0	0	0	0
2001-08-30	1.27	1.57	1.48	1.65
2001-08-31	1.34	1.23	1.14	1.13
2001-09-01	3.05	3.55	3.08	3.96
2001-09-02	7.22	7.65	7.49	7.75
2001-09-03	5.01	4.56	4.78	4.67
2001-09-04	0	0.033	0	0
2001-09-05	0.464	0.257	0.392	0.133
2001-09-06	2.64	3.13	2.74	2.88
2001-09-07	9.38	8.73	8.36	8.26
2001-09-08	14.9	11.9	10.8	10.4
2001-09-09	36.5	38	37.6	37.4
2001-09-10	26.6	30.8	28.8	30.5
2001-09-11	5.72	5.18	5.52	5.19
2001-09-12	9.59	8.62	8.36	7.8
2001-09-13	26.2	25	25.5	23.8
2001-09-14	2.76	2.59	2.39	2.07
2001-09-15	4.74	3.85	4.13	3.6
2001-09-16	0	0	0	0
2001-09-17	0	0	0	0
2001-09-18	0	0	0	0
2001-09-19	0	0	0	0
2001-09-20	0.2	0.347	0.483	0.546
2001-09-21	2.56	2.97	2.86	3.16
2001-09-22	0	0	0	0
2001-09-23	0	0	0	0
2001-09-24	0	0	0	0
2001-09-25	0	0	0	0
2001-09-26	0.518	0.6	0.587	0.546
2001-09-27	0	0	0	0
2001-09-28	0	0.123	0	0.00524
2001-09-29	0	0	0	0
2001-09-30	1.56	1.9	1.64	1.86
2001-10-01	8.62	8.4	8.33	8.56
2001-10-02	2.1	2.31	2.19	2.53
2001-10-03	0	0	0	0
2001-10-04	0	0	0	0
2001-10-05	0	0	0	0
2001-10-06	3.4	3.5	3.34	3.44
2001-10-07	7.17	7.67	7.19	8.23
2001-10-08	4.88	5.01	4.86	4.94
2001-10-09	1.78	1.21	1.7	1.24
2001-10-10	0.5	1.11	1.21	1.54
2001-10-11	2.27	2.8	2.73	3.51
2001-10-12	2.29	2.42	2.3	2.61
2001-10-13	0	0	0	0
2001-10-14	0	0	0	0
2001-10-15	0	0	0	0
2001-10-16	0	0	0	0
2001-10-17	6.03	5.59	5.67	5.44
2001-10-18	0	0	0	0
2001-10-19	0	0	0	0
2001-10-20	0	0	0	0
2001-10-21	0	0	0	0
2001-10-22	0	0	0	0
2001-10-23	0	0	0	0
2001-10-24	0	0	0	0
2001-10-25	0	0	0	0
2001-10-26	1.76	1.68	1.78	2.08
2001-10-27	1.83	1.98	1.84	2.03
2001-10-28	0	0	0	0
2001-10-29	0	0	0	0.0997
2001-10-30	0.957	0.778	0.0542	0.122
2001-10-31	15.2	13.9	14.8	15
2001-11-01	0	0	0	0
2001-11-02	1.18	1.75	1.49	1.88
2001-11-03	0.348	0.824	0.841	0.959
2001-11-04	0	0	0	0
2001-11-05	0	0	0	0
2001-11-06	0	0	0	0
2001-11-07	0	0	0	0
2001-11-08	3.37	3	3.54	3.16
2001-11-09	0	0	0	0
2001-11-10	0	0.0141	0	0.00169
2001-11-11	0	0	0	0
2001-11-12	0	0.198	0	0.0108
2001-11-13	0	0	0	0
2001-11-14	0	0	0	0
2001-11-15	3.89	4.36	4.14	4.28
2001-11-16	0.303	0.384	0.0172	0.0139
2001-11-17	0	0	0	0
2001-11-18	1.08	1.58	1.51	2
2001-11-19	5.45	5.88	5.76	5.78
2001-11-20	0	0	0	0
2001-11-21	2.5	2.86	2.8	2.98
2001-11-22	0.807	0.462	0.737	0.25
2001-11-23	0.383	0.962	0.927	1.21
2001-11-24	0	0	0	0
2001-11-25	0	0	0	0
2001-11-26	10.1	10.6	10.4	10.4
2001-11-27	0.891	1.15	1.07	1.31
2001-11-28	3.44	2.52	2.71	1.9
2001-11-29	0.915	0.602	0.812	0.275
2001-11-30	0	0.12	0	0.574
2001-12-01	0	0	0	0
2001-12-02	3.73	3.98	3.93	4.04
2001-12-03	2.04	2.36	2.21	2.38
2001-12-04	1.81	2.25	2.1	2.55
2001-12-05	2.94	2.97	2.97	2.89
2001-12-06	6.64	6.62	6.7	6.39
2001-12-07	0	0	0	0
2001-12-08	0.495	0.115	0.028	0
2001-12-09	0	0	0	0
2001-12-10	2.6	2.65	2.63	2.4
2001-12-11	0	0	0	0
2001-12-12	0	0	0	0
2001-12-13	0	0	0	0
2001-12-14	0	0	0	0
2001-12-15	0	0	0	0
2001-12-16	0	0	0	0
2001-12-17	1.7	1.65	1.69	1.52
2001-12-18	2.8	2.74	2.66	2.42
2001-12-19	0.45	1.1	1.09	1.27
2001-12-20	0	0	0	0
2001-12-21	2.72	2.59	2.86	2.59
2001-12-22	0	0	0	0
2001-12-23	0	0	0	0
2001-12-24	2.85	3.07	3.09	3.35
2001-12-25	4.8	4.67	4.9	4.74
2001-12-26	0	0	0	0
2001-12-27	0	0	0	0
2001-12-28	10.2	9.74	10.7	10.6
2001-12-29	1.45	1.4	1.49	1.38
2001-12-30	0	0	0	0
2001-12-31	0	0	0	0
2002-01-01	3.26	3.51	3.36	3.67
2002-01-02	0	0	0	0
2002-01-03	0	0	0	0
2002-01-04	0.69	0.446	0.446	0.151
2002-01-05	0	0	0	0
2002-01-06	0	0	0	0
2002-01-07	0.288	0.398	0.324	0.369
2002-01-08	0	0	0	0
2002-01-09	0	0	0	0
2002-01-10	0	0	0	0
2002-01-11	0	0	0	0
2002-01-12	0	0	0	0
2002-01-13	0.694	0.853	0.756	0.869
2002-01-14	0.755	0.756	0.769	0.763
2002-01-15	0.396	0.203	0.302	0.101
2002-01-16	0	0	0	0
2002-01-17	0	0	0	0
2002-01-18	4.25	4.77	4.34	4.82
2002-01-19	0.677	0.711	0.697	0.783
2002-01-20	3.57	3.78	3.49	3.7
2002-01-21	7.72	7.25	7.24	7.01
2002-01-22	10.7	11.1	10.8	11.6
2002-01-23	0	0.029	0	0.148
2002-01-24	3.71	3.53	3.7	3.8
2002-01-25	1.08	0.992	1.04	0.992
2002-01-26	0	0	0	0
2002-01-27	1.19	1.11	1.11	1.18
2002-01-28	5.54	5.93	5.7	6.2
2002-01-29	5.18	5.27	5.3	5.74
2002-01-30	0.0927	0.197	0.224	0.213
2002-01-31	4.41	4.43	4.41	4.61
2002-02-01	7.1	6.7	6.86	6.79
2002-02-02	4.21	4.36	4.18	4.59
2002-02-03	0	0	0	0
2002-02-04	4.11	5.07	4.54	5.34
2002-02-05	1.6	1.74	1.67	1.87
2002-02-06	0	0	0	0
2002-02-07	0	0	0	0
2002-02-08	0.762	0.79	0.772	0.824
2002-02-09	6.46	7.1	6.98	7.72
2002-02-10	1.32	1.27	1.2	1.15
2002-02-11	0	0	0	0
2002-02-12	1.04	1.04	1.03	1.05
2002-02-13	0	0	0	0
2002-02-14	0	0	0	0
2002-02-15	0	0.0116	0	0.00138
2002-02-16	0	0	0	0
2002-02-17	0	0	0	0
2002-02-18	2.65	2.2	2.4	2.12
2002-02-19	0	0	0	0
2002-02-20	0	0	0	0
2002-02-21	0	0	0	0
2002-02-22	7.65	8.17	7.93	8.72
2002-02-23	1.72	2.36	2.03	2.51
2002-02-24	0	0	0	0
2002-02-25	0.768	0.777	0.78	0.84
2002-02-26	1.81	1.68	1.75	1.71
2002-02-27	2.58	2.37	2.45	2.33
2002-02-28	0	0	0	0
2002-03-01	0	0	0	0
2002-03-02	0.482	0.318	0.438	0.342
2002-03-03	0	0.0238	0	0
2002-03-04	1.06	1.4	1.24	1.19
2002-03-05	0	0	0	0.0324
2002-03-06	0	0	0	0
2002-03-07	0.16	0.395	0.388	0.496
2002-03-08	2.18	2.37	2.42	2.61
2002-03-09	4.47	4.31	4.29	4.14
2002-03-10	0.251	0.163	0.0142	0.00413
2002-03-11	1.71	1.83	1.84	1.99
2002-03-12	0	0	0	0
2002-03-13	2.02	1.9	2.18	2.32
2002-03-14	0	0	0	0
2002-03-15	0	0	0	0
2002-03-16	0	0	0	0
2002-03-17	0	0	0	0
2002-03-18	0.786	0.955	0.851	0.859
2002-03-19	9.76	11	10.3	10.9
2002-03-20	10.4	10.3	10.3	10.1
2002-03-21	2.35	2.68	2.68	2.84
2002-03-22	1.6	1.48	1.62	1.47
2002-03-23	0	0	0	0
2002-03-24	0	0	0	0
2002-03-25	0	0	0	0
2002-03-26	0	0.0604	0	0.00357
2002-03-27	0	0	0	0
2002-03-28	0	0	0	0
2002-03-29	0	0	0	0
2002-03-30	0	0	0	0
2002-03-31	0	0	0	0
2002-04-01	0	0	0	0
2002-04-02	0	0	0	0
2002-04-03	0	0	0	0
2002-04-04	0.464	0.39	0.393	0.369
2002-04-05	0	0	0	0
2002-04-06	0	0	0	0
2002-04-07	0	0	0	0
2002-04-08	0.0735	0.115	0.178	0.219
2002-04-09	0	0	0	0
2002-04-10	0	0	0	0
2002-04-11	0	0	0	0
2002-04-12	0	0	0	0
2002-04-13	3.02	2.96	2.69	2.81
2002-04-14	0	0	0	0
2002-04-15	0	0	0	0
2002-04-16	0	0	0	0
2002-04-17	0	0	0	0
2002-04-18	0	0	0	0
2002-04-19	0.118	0.0808	0.0067	0.00292
2002-04-20	0	0	0	0
2002-04-21	0	0	0	0
2002-04-22	0	0	0	0
2002-04-23	0.348	0.504	0.461	0.561
2002-04-24	0	0	0	0
2002-04-25	0.22	0.0819	0.0124	0
2002-04-26	0.0702	0.244	0.17	0.274
2002-04-27	6.18	5.91	5.55	5.98
2002-04-28	2.85	2.86	2.5	2.65
2002-04-29	1.28	0.913	1.07	0.811
2002-04-30	5.69	5.63	5.36	5.64
2002-05-01	4.43	4.62	4.73	4.54
2002-05-02	0.607	0.97	0.816	1.13
2002-05-03	0	0	0	0
2002-05-04	0	0	0	0
2002-05-05	0	0	0	0
2002-05-06	0	0	0	0
2002-05-07	0	0	0	0
2002-05-08	0	0	0	0
2002-05-09	0	0	0	0
2002-05-10	0	0	0	0
2002-05-11	0	0	0	0
2002-05-12	0	0	0	0
2002-05-13	0	0.198	0	0.00894
2002-05-14	0	0	0	0
2002-05-15	0	0	0	0
2002-05-16	0.51	0.572	0.786	1.03
2002-05-17	0	0.333	0	0.489
2002-05-18	0.563	0.715	0.732	0.767
2002-05-19	0	0	0	0
2002-05-20	0	0	0	0
2002-05-21	0	0	0	0
2002-05-22	0	0	0	0
2002-05-23	0	0	0	0
2002-05-24	1.29	1.61	1.69	2.09
2002-05-25	1.95	2.43	2.36	2.64
2002-05-26	2.57	2.6	2.67	2.4
2002-05-27	0	0	0	0
2002-05-28	0	0	0	0
2002-05-29	0	0	0	0
2002-05-30	0	0	0	0
2002-05-31	0	0	0	0
2002-06-01	0	0	0	0
2002-06-02	0	0	0	0
2002-06-03	0	0	0	0
2002-06-04	0	0	0	0
2002-06-05	0	0	0	0
2002-06-06	0	0	0	0
2002-06-07	0	0	0	0
2002-06-08	0	0	0	0
2002-06-09	0	0.255	0	1.35
2002-06-10	0.771	0.905	1.87	0.661
2002-06-11	0	0	0	0
2002-06-12	3.68	4.27	4.12	4.48
2002-06-13	4.47	4.16	3.86	3.15
2002-06-14	1.2	0.452	0.0678	0
2002-06-15	1.18	3.46	2.87	3.89
2002-06-16	4.27	5.54	5.15	5.92
2002-06-17	0	0	0	0
2002-06-18	3.19	4.09	3.8	4.23
2002-06-19	4.01	6.03	4.96	5.86
2002-06-20	0	0	0	0
2002-06-21	7.41	7.98	8.3	8.67
2002-06-22	0	0	0	0
2002-06-23	5.61	6.37	5.82	6.62
2002-06-24	0	0	0	0
2002-06-25	0.705	1.35	1.71	0.635
2002-06-26	1.13	0.467	0.0638	0
2002-06-27	8.47	7.71	7.5	7.34
2002-06-28	19.5	18.7	19.2	19.6
2002-06-29	5.81	6.61	6.67	6.6
2002-06-30	3.5	4.81	4.32	6.18
2002-07-01	7.83	6.46	7.34	5.77
2002-07-02	4.26	4.5	4.34	4.58
2002-07-03	4.72	3.97	4.32	3.64
2002-07-04	11.1	10.7	11.5	10.5
2002-07-05	0	0	0	0
2002-07-06	0	0	0	0
2002-07-07	0	0	0	0
2002-07-08	0	0	0	0
2002-07-09	0	0	0	0
2002-07-10	0	0	0	0
2002-07-11	3.18	3.29	3.36	3.5
2002-07-12	0	0	0	0
2002-07-13	0	0	0	0
2002-07-14	0	0	0	0
2002-07-15	0.958	0.222	0.0543	0
2002-07-16	1.61	0.96	1.16	0.385
2002-07-17	0	0.204	0	0.788
2002-07-18	4.65	6.26	5.72	7.3
2002-07-19	3.14	3.26	3.37	3.63
2002-07-20	4.85	3.43	3.39	2.67
2002-07-21	0.533	1.43	1.29	1.89
2002-07-22	7.91	7.64	7.84	8.03
2002-07-23	10	10.4	10	10.4
2002-07-24	5.6	5.16	6.16	5.14
2002-07-25	7.61	5.87	6	5.4
2002-07-26	0	0	0	0
2002-07-27	0	0	0	0
2002-07-28	0	0	0	0
2002-07-29	0	0	0	0
2002-07-30	0	0	0	0
2002-07-31	0	0	0	0
2002-08-01	3.93	4.76	4.66	4.86
2002-08-02	0	0	0	0
2002-08-03	0	0	0	0
2002-08-04	0.804	0.838	0.869	0.714
2002-08-05	0	0	0	0
2002-08-06	0	0	0	0
2002-08-07	0	0	0	0
2002-08-08	0	0	0	0
2002-08-09	0.163	0.255	0.395	0.427
2002-08-10	0.278	0.0645	0.0158	0
2002-08-11	0	0	0	0
2002-08-12	0.182	0.53	0.441	0.78
2002-08-13	6.79	10.2	8.83	10.5
2002-08-14	0.984	1.15	1.03	0.897
2002-08-15	0	0	0	0
2002-08-16	0	0	0	0
2002-08-17	0	0.188	0	0.0622
2002-08-18	0	0	0	0
2002-08-19	0	0	0	0
2002-08-20	0	0	0	0
2002-08-21	0	0	0	0
2002-08-22	2.05	2.05	1.74	1.82
2002-08-23	1.46	1.99	1.65	2.11
2002-08-24	0	0	0	0
2002-08-25	0	0	0	0
2002-08-26	0	0	0	0
2002-08-27	0	0	0	0
2002-08-28	0	0.443	0	0.0195
2002-08-29	0	0.136	0	0.0739
2002-08-30	1.75	2.97	2.25	2.47
2002-08-31	7.89	10.1	8.95	10.2
2002-09-01	0	0	0	0
2002-09-02	0	0	0	0
2002-09-03	0	0	0	0
2002-09-04	0	0	0	0
2002-09-05	3.62	4.74	4.03	5.04
2002-09-06	0	0	0	0
2002-09-07	0	0	0	0
2002-09-08	2.37	0.671	0.134	0
2002-09-09	0	0	0	0
2002-09-10	0	0	0	0
2002-09-11	0	0	0	0
2002-09-12	0	0	0	0
2002-09-13	0	0	0	0
2002-09-14	1.95	2.09	2	1.98
2002-09-15	0	0.163	0	0.00955
2002-09-16	2.21	2.58	2.24	2.17
2002-09-17	0.369	0.946	0.893	0.957
2002-09-18	5.92	4.75	4.57	3.61
2002-09-19	2.18	2.25	1.88	1.89
2002-09-20	10.2	8.74	8.82	8.23
2002-09-21	1.32	1.97	1.68	2.13
2002-09-22	1.79	2.03	1.77	1.91
2002-09-23	0	0	0	0
2002-09-24	0.614	0.369	0.0348	0.0582
2002-09-25	0	0	0	0
2002-09-26	0	0	0	0
2002-09-27	0	0	0	0
2002-09-28	0	0	0	0
2002-09-29	0.385	0.943	0.933	1.11
2002-09-30	1.47	0.762	0.954	0.65
2002-10-01	0	0	0	0
2002-10-02	0	0	0	0
2002-10-03	0	0	0	0
2002-10-04	0	0.6	0	1.19
2002-10-05	2	1.14	1.82	0.618
2002-10-06	0	0	0	0
2002-10-07	2.26	1.23	1.89	0.64
2002-10-08	0	0	0	0
2002-10-09	2.88	2.59	2.77	2.44
2002-10-10	1.1	0.845	0.0626	0.981
2002-10-11	0.688	0.999	1.66	1.57
2002-10-12	0	0.0937	0	0
2002-10-13	2.33	2.2	2.21	2.24
2002-10-14	3.56	3.15	3.25	3.25
2002-10-15	2.18	2.05	2.19	2.12
2002-10-16	0	0	0	0
2002-10-17	2.81	2.38	2.66	2.46
2002-10-18	0	0	0	0
2002-10-19	0	0	0	0
2002-10-20	0	0	0	0
2002-10-21	0	0	0	0
2002-10-22	0	0	0	0
2002-10-23	3.88	4.18	4.23	5.21
2002-10-24	14.1	13.2	13.3	12.7
2002-10-25	4.61	4.97	4.96	5.4
2002-10-26	9.73	8.72	8.9	8.52
2002-10-27	0	0	0	0
2002-10-28	0	0	0	0
2002-10-29	0	0	0	0
2002-10-30	0	0	0	0
2002-10-31	3.13	3.27	3.12	3.14
2002-11-01	0.875	0.203	0.0496	0
2002-11-02	0	0	0	0
2002-11-03	0	0	0	0
2002-11-04	0	0	0	0
2002-11-05	0	0	0	0
2002-11-06	0.523	1.23	1.26	0.627
2002-11-07	3.67	3.62	3.4	3.66
2002-11-08	5.41	5.3	4.84	4.85
2002-11-09	4.08	3.39	3.53	3.15
2002-11-10	0	0	0	0
2002-11-11	0	0	0	0
2002-11-12	0	0	0	0
2002-11-13	0	0	0	0
2002-11-14	2.62	2.41	2.31	2.44
2002-11-15	7.04	6.94	6.74	7.13
2002-11-16	0	0	0	0
2002-11-17	0	0	0	0
2002-11-18	2.49	1.75	2.23	1.69
2002-11-19	0	0	0	0
2002-11-20	7.42	5.74	6.5	5.51
2002-11-21	4.02	3.19	3.51	3.19
2002-11-22	1.86	2.03	1.81	1.99
2002-11-23	0	0	0	0
2002-11-24	3.12	2.87	2.87	2.9
2002-11-25	3.73	3.33	3.28	3.06
2002-11-26	5.04	3.97	4.3	3.79
2002-11-27	0	0	0	0
2002-11-28	0	0	0	0
2002-11-29	3	2.96	2.81	2.93
2002-11-30	0	0	0	0
2002-12-01	3.82	3.8	3.82	3.75
2002-12-02	1.61	1.57	1.55	1.4
2002-12-03	1.11	0.895	0.989	0.83
2002-12-04	0.975	0.934	0.987	0.91
2002-12-05	1.26	1.25	1.33	1.27
2002-12-06	0.507	0.476	0.508	0.451
2002-12-07	0	0	0	0
2002-12-08	0	0	0	0
2002-12-09	0	0	0	0
2002-12-10	0	0.0044	0	0.0286
2002-12-11	0	0	0	0
2002-12-12	0	0	0	0
2002-12-13	0	0	0	0
2002-12-14	0	0	0	0
2002-12-15	0	0	0	0
2002-12-16	0	0	0	0
2002-12-17	0	0	0	0
2002-12-18	0	0	0	0
2002-12-19	0	0	0	0
2002-12-20	0	0	0	0
2002-12-21	0	0	0	0
2002-12-22	0	0	0	0
2002-12-23	0	0	0	0
2002-12-24	0	0	0	0
2002-12-25	0	0	0	0
2002-12-26	0.285	0.225	0.258	0.0902
2002-12-27	2.44	2.43	2.31	2.09
2002-12-28	4.28	4.27	4.28	4.03
2002-12-29	2.77	2.4	2.66	2.3
2002-12-30	0	0	0	0
2002-12-31	0.748	0.758	0.648	0.55
2003-01-01	1.28	1.19	1.15	1.19
2003-01-02	0	0	0	0
2003-01-03	0	0	0	0
2003-01-04	0	0	0	0
2003-01-05	0.639	0.588	0.609	0.675
2003-01-06	1.22	1.47	1.31	1.66
2003-01-07	0	0	0	0
2003-01-08	0	0	0	0
2003-01-09	0.904	0.886	0.855	0.871
2003-01-10	0	0	0	0
2003-01-11	0.573	0.671	0.586	0.679
2003-01-12	0.486	0.54	0.474	0.544
2003-01-13	0	0	0	0
2003-01-14	4.01	3.71	3.45	3.52
2003-01-15	1.72	1.73	1.57	1.61
2003-01-16	0	0	0	0
2003-01-17	0	0	0	0
2003-01-18	0	0	0	0
2003-01-19	0	0	0	0
2003-01-20	9.41	8.84	8.55	9.04
2003-01-21	3.07	2.95	2.83	3.07
2003-01-22	1.19	1.02	1.03	1.04
2003-01-23	0	0	0	0
2003-01-24	0	0.0452	0	0.0391
2003-01-25	2.79	3.1	2.72	3.11
2003-01-26	2.24	2.41	2.26	2.62
2003-01-27	1.13	1.08	0.928	0.956
2003-01-28	3.54	3.27	3.13	3.13
2003-01-29	0	0	0	0
2003-01-30	0	0	0	0
2003-01-31	0	0	0	0
2003-02-01	0.111	0.124	0.117	0.132
2003-02-02	1.83	1.93	1.92	1.97
2003-02-03	6.3	6	6.23	6.11
2003-02-04	7.72	7.04	7.49	6.89
2003-02-05	2.88	2.89	2.93	2.9
2003-02-06	0.0258	0.0311	0.0301	0.0326
2003-02-07	0.335	0.375	0.384	0.483
2003-02-08	0.0895	0.156	0.125	0.173
2003-02-09	0	0	0	0
2003-02-10	0	0	0	0
2003-02-11	0	0	0	0
2003-02-12	0	0	0	0
2003-02-13	0	0	0	0
2003-02-14	0	0	0	0
2003-02-15	0.048	0.0351	0.0386	0.0327
2003-02-16	0	0	0	0
2003-02-17	0	0	0	0
2003-02-18	0	0	0	0
2003-02-19	0	0	0	0
2003-02-20	0	0	0	0
2003-02-21	0	0	0	0
2003-02-22	0	0	0	0
2003-02-23	0	0	0	0
2003-02-24	0	0	0	0
2003-02-25	0	0	0	0
2003-02-26	0	0	0	0
2003-02-27	0.119	0.0897	0.104	0.0743
2003-02-28	0.0572	0.0378	0.0457	0.0366
2003-03-01	0	0.0127	0	0
2003-03-02	0	0	0	0
2003-03-03	0	0	0	0
2003-03-04	0	0	0	0
2003-03-05	0.451	0.366	0.39	0.363
2003-03-06	0.253	0.222	0.206	0.199
2003-03-07	0.346	0.329	0.325	0.33
2003-03-08	0	0	0	0
2003-03-09	0	0	0	0
2003-03-10	2.29	2.06	1.92	1.83
2003-03-11	0	0	0	0
2003-03-12	0	0	0	0
2003-03-13	0	0	0	0
2003-03-14	0	0	0	0
2003-03-15	0	0	0	0
2003-03-16	0	0	0	0
2003-03-17	0	0	0	0
2003-03-18	0	0	0	0
2003-03-19	0	0	0	0
2003-03-20	0	0	0	0
2003-03-21	0	0	0	0
2003-03-22	0	0	0	0
2003-03-23	0	0	0	0
2003-03-24	0	0	0	0
2003-03-25	0	0	0	0
2003-03-26	0	0	0	0
2003-03-27	0	0	0	0
2003-03-28	0	0	0	0
2003-03-29	0.715	0.876	0.635	0.601
2003-03-30	1.4	1.21	1.16	1.05
2003-03-31	0.888	0.799	0.875	0.779
2003-04-01	3.21	3.46	3.3	3.55
2003-04-02	11.8	10.9	11.3	10.7
2003-04-03	0	0	0	0
2003-04-04	2.15	2.54	2.26	2.35
2003-04-05	0	0	0	0
2003-04-06	0	0	0	0
2003-04-07	0	0	0	0
2003-04-08	0	0	0	0
2003-04-09	0	0	0	0
2003-04-10	6.34	6.03	6.55	6.13
2003-04-11	15.1	15.3	15.2	14.9
2003-04-12	11.1	10.6	10.6	9.94
2003-04-13	0	0	0	0
2003-04-14	0	0	0	0
2003-04-15	0	0	0	0
2003-04-16	0.672	0.589	0.599	0.584
2003-04-17	0	0	0	0
2003-04-18	0	0	0	0
2003-04-19	0	0	0	0
2003-04-20	0	0	0	0
2003-04-21	0	0	0	0
2003-04-22	0	0	0	0
2003-04-23	0	0	0	0
2003-04-24	0	0.149	0	0.00817
2003-04-25	3.86	3.79	3.88	3.7
2003-04-26	0.874	0.976	0.771	0.744
2003-04-27	4.92	4.37	4.9	4.76
2003-04-28	5.51	4.15	4.96	3.84
2003-04-29	7.48	7.79	7.82	8.26
2003-04-30	2.93	3.13	2.8	2.8
2003-05-01	0	0	0	0
2003-05-02	0	0	0	0
2003-05-03	0	0	0	0
2003-05-04	0	0	0	0
2003-05-05	0	0	0	0
2003-05-06	0	0	0	0
2003-05-07	0	0	0	0
2003-05-08	0	0	0	0
2003-05-09	3.04	3.09	3.38	3.49
2003-05-10	1.41	0.481	0.0801	0
2003-05-11	0	0	0	0
2003-05-12	0	0	0	0
2003-05-13	9.79	10.7	11	11.3
2003-05-14	2.15	2.01	2.03	1.64
2003-05-15	2.01	2.24	2.18	2.7
2003-05-16	0.61	1.47	1.48	1.83
2003-05-17	0	0	0	0
2003-05-18	0	0	0	0
2003-05-19	3.34	3.86	3.39	3.58
2003-05-20	0	0	0	0
2003-05-21	0	0.231	0	1.09
2003-05-22	2.96	2.42	2.52	2.53
2003-05-23	0	0	0	0
2003-05-24	2.62	2.72	2.99	3.17
2003-05-25	1.4	1.47	1.53	1.75
2003-05-26	0	0	0	0.158
2003-05-27	0	0	0	0
2003-05-28	0	0	0	0
2003-05-29	0	0	0	0
2003-05-30	0	0	0	0
2003-05-31	0	0	0	0
2003-06-01	0	0	0	0
2003-06-02	0	0	0	0
2003-06-03	0	0	0	0
2003-06-04	0.449	0.104	0.0254	0
2003-06-05	7.06	6.52	6.37	6.41
2003-06-06	0	0	0	0
2003-06-07	0	0	0	0
2003-06-08	6	6.5	6.33	6.88
2003-06-09	28.5	26.4	27.5	27.7
2003-06-10	0	0	0	0
2003-06-11	0.482	0.799	1.17	0.573
2003-06-12	1.16	0.769	1.32	0.592
2003-06-13	0	0	0	0
2003-06-14	0	0	0	0
2003-06-15	0	0	0	0
2003-06-16	0	0	0	0
2003-06-17	0	0	0	0
2003-06-18	2.5	3.48	3.11	3.81
2003-06-19	12.6	12.1	12	12.6
2003-06-20	4.28	5.25	4.93	6
2003-06-21	1.4	3.9	3.38	5.25
2003-06-22	3.1	3.47	3	3.86
2003-06-23	0	0	0	0
2003-06-24	0	0	0	0
2003-06-25	0	0	0	0
2003-06-26	1.43	1.53	1.4	1.45
2003-06-27	0	0.308	0	1.03
2003-06-28	4.28	4.85	4.65	5.23
2003-06-29	2.46	2.33	2.49	2.34
2003-06-30	2.51	2.69	2.8	2.69
2003-07-01	0	0	0	0
2003-07-02	1.07	1.04	1.28	1.19
2003-07-03	0	0	0	0
2003-07-04	0	0.0115	0	0.00137
2003-07-05	1.61	1.97	2.07	1.71
2003-07-06	0	0	0	0
2003-07-07	0	0	0	0
2003-07-08	2.83	3.87	4.3	4.4
2003-07-09	10.4	14.3	14.2	16.5
2003-07-10	0	0	0	0
2003-07-11	0	0	0	0
2003-07-12	0	0	0	0.101
2003-07-13	0	0	0	0
2003-07-14	0	0	0	0
2003-07-15	0	0	0	0
2003-07-16	0	0	0	0
2003-07-17	0	0	0	0
2003-07-18	0	0	0	0
2003-07-19	0	0	0	0
2003-07-20	0	0	0	0
2003-07-21	0.508	0.118	0.0288	0
2003-07-22	8.13	7.99	7.84	6.62
2003-07-23	0	0	0	0
2003-07-24	0.737	0.691	0.702	0.569
2003-07-25	1.1	1.46	1.45	1.4
2003-07-26	7.46	4.48	4.99	3.65
2003-07-27	3.4	3.08	3.41	2.94
2003-07-28	2.71	2.37	2.61	2.2
2003-07-29	0	0	0	0
2003-07-30	0.707	1.35	1.71	1.52
2003-07-31	9.06	8.65	8.66	8.84
2003-08-01	0	0	0	0
2003-08-02	1.88	1.05	1.33	0.444
2003-08-03	0	0	0	0
2003-08-04	1.47	0.726	1.05	0.349
2003-08-05	0	0	0	0
2003-08-06	0	0	0	0
2003-08-07	0	0	0	0
2003-08-08	0	0	0	0
2003-08-09	0	0	0	0
2003-08-10	0	0	0	0
2003-08-11	0	0	0	0
2003-08-12	16.7	12.3	14.6	10.8
2003-08-13	31.8	28.6	29.9	28.7
2003-08-14	11.6	12.5	12.1	11.9
2003-08-15	7.56	5.91	5.68	5.09
2003-08-16	3.56	4.18	4.02	4.31
2003-08-17	0	0	0	0
2003-08-18	1.3	0.301	0.0736	0
2003-08-19	3.9	4.37	4.43	4.23
2003-08-20	0	0.396	0	0.739
2003-08-21	0	0	0	0
2003-08-22	2.12	2.1	2.29	2.29
2003-08-23	13	10.7	11.6	9.98
2003-08-24	0.821	0.191	0.0465	0
2003-08-25	3.04	2.79	2.86	2.26
2003-08-26	15.9	12.6	13.5	10.5
2003-08-27	4.56	4.08	4.61	4.17
2003-08-28	0.394	0.815	0.953	1.07
2003-08-29	0	0	0	0
2003-08-30	0	0	0	0
2003-08-31	6.01	4.69	5.03	3.8
2003-09-01	0.515	0.724	0.646	0.925
2003-09-02	0	0	0	0
2003-09-03	0	0.137	0	0.00639
2003-09-04	0	0	0	0
2003-09-05	0	0	0	0
2003-09-06	0	0	0	0
2003-09-07	0	0	0	0
2003-09-08	0	0	0	0
2003-09-09	0	0	0	0
2003-09-10	0	0	0	0
2003-09-11	0	0	0	0.0326
2003-09-12	0	0	0	0
2003-09-13	0	0	0	0
2003-09-14	0	0	0	0
2003-09-15	0	0	0	0
2003-09-16	0	0	0	0
2003-09-17	0.792	0.659	0.784	0.477
2003-09-18	0	0	0	0
2003-09-19	0	0	0	0
2003-09-20	0	0	0	0
2003-09-21	5.96	6.71	5.88	6.07
2003-09-22	4.77	6.14	5.34	6.54
2003-09-23	2.52	4.83	3.37	4.77
2003-09-24	0.506	0.32	0.371	0.529
2003-09-25	0	0.0888	0	0.00426
2003-09-26	0.896	1.35	0.98	1.16
2003-09-27	8.69	9.35	8.49	9.02
2003-09-28	4.47	4.29	4.09	3.74
2003-09-29	1.94	1.78	1.75	1.61
2003-09-30	0.687	0.783	0.685	0.785
2003-10-01	2.3	2.42	2.32	2.56
2003-10-02	0.276	0.0642	0.0157	0
2003-10-03	0.973	1.25	1.12	1.49
2003-10-04	3.96	3.21	3.51	3.04
2003-10-05	22.3	21.5	21.3	21.6
2003-10-06	0	0	0	0
2003-10-07	1.44	1.36	1.31	1.48
2003-10-08	0	0	0	0
2003-10-09	0	0	0	0
2003-10-10	1.4	1.62	1.56	1.73
2003-10-11	0	0	0	0
2003-10-12	0	0	0	0
2003-10-13	0	0	0	0
2003-10-14	0	0	0	0
2003-10-15	0	0	0	0
2003-10-16	0	0	0	0
2003-10-17	0	0	0	0
2003-10-18	0	0	0	0
2003-10-19	0	0	0	0
2003-10-20	1.78	1.83	1.87	2.1
2003-10-21	0.65	0.545	0.6	0.561
2003-10-22	0	0	0	0
2003-10-23	0	0	0	0
2003-10-24	0.757	0.803	0.77	0.836
2003-10-25	0	0	0	0
2003-10-26	0	0	0	0
2003-10-27	0.933	1.12	0.963	1.1
2003-10-28	0	0	0	0
2003-10-29	0.608	0.428	0.556	0.499
2003-10-30	0	0.134	0	0.23
2003-10-31	10.6	10.5	10.3	10.8
2003-11-01	8.07	7.5	7.5	7.45
2003-11-02	7.14	6.33	6.28	5.68
2003-11-03	5.82	5.42	5.48	5.29
2003-11-04	1.36	0.879	1.21	0.98
2003-11-05	0	0	0	0
2003-11-06	0	0	0	0
2003-11-07	0	0	0	0
2003-11-08	0	0	0	0
2003-11-09	0	0	0	0
2003-11-10	0	0	0	0
2003-11-11	0	0	0	0
2003-11-12	0	0	0	0
2003-11-13	0	0	0	0
2003-11-14	0	0	0	0
2003-11-15	0	0.00771	0	0
2003-11-16	2.57	2.24	2.33	2.32
2003-11-17	1.07	0.796	0.945	0.397
2003-11-18	5.08	4.73	4.8	4.79
2003-11-19	10.5	9.31	9.29	8.37
2003-11-20	0	0.283	0	0.00919
2003-11-21	2.45	2.59	2.38	2.52
2003-11-22	6.93	6.35	6.45	6.26
2003-11-23	8.25	7.11	7.51	6.95
2003-11-24	0.585	0.136	0.0332	0
2003-11-25	1.97	1.67	1.77	1.67
2003-11-26	3.11	2.4	2.57	2.09
2003-11-27	11.2	10.2	10.3	9.94
2003-11-28	0	0	0	0
2003-11-29	0	0	0	0
2003-11-30	1.52	1.36	1.4	1.35
2003-12-01	0	0	0	0
2003-12-02	0.885	0.652	0.897	0.804
2003-12-03	0.414	0.976	1	1.15
2003-12-04	0	0	0	0
2003-12-05	2.62	3.03	2.96	3.33
2003-12-06	1.68	1.91	1.95	2.16
2003-12-07	0	0	0	0
2003-12-08	0	0	0	0
2003-12-09	0	0	0	0
2003-12-10	0	0	0	0
2003-12-11	2.32	2.19	2.38	2.46
2003-12-12	0	0	0	0
2003-12-13	4.35	4.15	4.28	4.21
2003-12-14	1.56	1.56	1.49	1.44
2003-12-15	0	0	0	0
2003-12-16	0	0.369	0	0.615
2003-12-17	3.88	4.26	4.08	4.38
2003-12-18	0.979	1	0.933	0.336
2003-12-19	0	0	0	0
2003-12-20	0	0	0	0
2003-12-21	2.12	2.13	2.17	2.22
2003-12-22	0	0	0	0
2003-12-23	0	0	0	0
2003-12-24	2.53	2.8	2.74	2.8
2003-12-25	0	0	0	0
2003-12-26	0	0	0	0
2003-12-27	5.21	5.59	5.38	5.55
2003-12-28	1.9	1.53	1.77	1.63
2003-12-29	0	0	0	0
2003-12-30	0	0	0	0.0856
2003-12-31	0	0	0	0
2004-01-01	0	0	0	0
2004-01-02	0	0	0	0
2004-01-03	0	0	0	0
2004-01-04	0.437	0.431	0.433	0.515
2004-01-05	0	0	0	0
2004-01-06	1.36	1.61	1.41	1.76
2004-01-07	2.44	2.42	2.33	2.51
2004-01-08	0	0	0	0
2004-01-09	0.434	0.508	0.452	0.611
2004-01-10	0	0	0	0
2004-01-11	0.941	0.955	0.905	1.08
2004-01-12	7.78	7.8	7.3	7.94
2004-01-13	2.41	2.51	2.41	2.71
2004-01-14	1.28	1.07	1.17	1.06
2004-01-15	0	0	0	0
2004-01-16	0	0	0	0
2004-01-17	0	0	0	0
2004-01-18	0	0	0	0.0425
2004-01-19	2.67	2.45	2.43	2.53
2004-01-20	0.647	0.542	0.596	0.53
2004-01-21	0	0	0	0
2004-01-22	0	0	0	0
2004-01-23	0	0	0	0
2004-01-24	0	0	0	0
2004-01-25	0	0	0	0
2004-01-26	0	0	0	0
2004-01-27	2.06	1.86	1.82	1.92
2004-01-28	0.119	0.217	0.288	0.287
2004-01-29	2.82	2.51	2.54	2.46
2004-01-30	0.373	0.413	0.372	0.46
2004-01-31	4.14	4.15	3.86	4.17
2004-02-01	0	0	0	0
2004-02-02	0	0	0	0
2004-02-03	5.47	5.7	5.67	6.1
2004-02-04	0.928	1.21	1.07	1.25
2004-02-05	0	0.154	0	0.00626
2004-02-06	0	0	0	0
2004-02-07	0	0	0	0
2004-02-08	1.36	1.39	1.39	1.5
2004-02-09	0	0	0	0
2004-02-10	0	0	0	0
2004-02-11	0	0	0	0
2004-02-12	3.93	4.31	4.13	4.36
2004-02-13	0	0	0	0
2004-02-14	0	0	0	0
2004-02-15	0	0	0	0
2004-02-16	0.139	0.356	0.337	0.352
2004-02-17	0.666	0.735	0.725	0.769
2004-02-18	0	0.0824	0	0.0553
2004-02-19	0	0	0	0
2004-02-20	0	0	0	0
2004-02-21	0	0	0	0
2004-02-22	0.325	0.273	0.365	0.445
2004-02-23	0	0	0	0
2004-02-24	3.26	3.44	3.37	3.41
2004-02-25	0	0	0	0
2004-02-26	0.783	1.14	1.02	1.42
2004-02-27	0.452	0.375	0.492	0.507
2004-02-28	0	0	0	0
2004-02-29	0.47	0.614	0.554	0.662
2004-03-01	0.352	0.407	0.388	0.356
2004-03-02	0.7	0.727	0.677	0.723
2004-03-03	0	0	0	0
2004-03-04	0	0	0	0
2004-03-05	0	0	0	0
2004-03-06	0	0	0	0
2004-03-07	0	0	0	0
2004-03-08	0	0	0	0
2004-03-09	0	0	0	0
2004-03-10	0	0	0	0
2004-03-11	0	0	0	0
2004-03-12	0	0	0	0
2004-03-13	0	0	0	0
2004-03-14	3.72	3.3	3.43	3.16
2004-03-15	1.31	1.23	1.21	1.14
2004-03-16	0	0	0	0
2004-03-17	1.28	1.16	1.11	0.956
2004-03-18	0	0	0	0
2004-03-19	2.47	2.33	2.37	2.25
2004-03-20	15.7	12.5	13.3	10.9
2004-03-21	13.9	11.4	12	9.99
2004-03-22	4.17	3.47	3.73	3.18
2004-03-23	0	0	0	0
2004-03-24	0.306	0.303	0.294	0.268
2004-03-25	0.641	0.538	0.553	0.467
2004-03-26	0.245	0.171	0.242	0.0828
2004-03-27	0.796	0.684	0.719	0.644
2004-03-28	0	0	0	0
2004-03-29	0	0	0	0
2004-03-30	0	0	0	0
2004-03-31	0	0	0	0
2004-04-01	0	0	0	0
2004-04-02	0	0	0	0
2004-04-03	0	0	0	0
2004-04-04	0	0	0	0
2004-04-05	1.72	1.97	1.68	2.02
2004-04-06	0.217	0.0504	0.0123	0
2004-04-07	0	0	0	0
2004-04-08	0	0	0	0
2004-04-09	0.524	0.449	0.408	0.409
2004-04-10	0.149	0.482	0.361	0.518
2004-04-11	0	0	0	0
2004-04-12	0	0	0	0
2004-04-13	0	0	0	0
2004-04-14	0	0.212	0	0.00996
2004-04-15	0	0	0	0
2004-04-16	0	0	0	0
2004-04-17	0	0	0	0
2004-04-18	0	0	0	0
2004-04-19	0	0	0	0
2004-04-20	0	0	0	0
2004-04-21	0	0.0703	0	0.45
2004-04-22	0	0	0	0
2004-04-23	2.13	2.34	2.22	2.56
2004-04-24	1.86	2.49	1.85	2.08
2004-04-25	0.235	0.285	0.0133	0.0583
2004-04-26	3.69	4.99	3.85	5.12
2004-04-27	0.177	0.617	0.427	0.765
2004-04-28	0	0	0	0
2004-04-29	0	0	0	0
2004-04-30	0	0	0	0
2004-05-01	0	0	0	0
2004-05-02	0	0	0	0
2004-05-03	2.22	2.67	2.5	2.63
2004-05-04	2.51	1.25	1.82	0.609
2004-05-05	0	0	0	0
2004-05-06	0	0	0	0
2004-05-07	0	0	0	0
2004-05-08	0	0	0	0
2004-05-09	1.13	2.42	2.74	2.96
2004-05-10	0	0.819	0	1.26
2004-05-11	0	0	0	0
2004-05-12	1.61	1.78	1.49	2.11
2004-05-13	3.07	2.81	2.99	2.76
2004-05-14	1.12	0.259	0.0633	0
2004-05-15	0	0	0	0
2004-05-16	0	0	0	0
2004-05-17	0.696	1.08	1.69	1.92
2004-05-18	6.63	5.72	6.09	5.59
2004-05-19	0	0	0	0
2004-05-20	0	0	0	0
2004-05-21	0	0	0	0
2004-05-22	2.34	2.85	2.95	3.13
2004-05-23	0	0	0	0
2004-05-24	0	0	0	0
2004-05-25	6.31	5.67	5.99	5.48
2004-05-26	4.46	5.89	5.57	6.69
2004-05-27	0	0	0	0
2004-05-28	0	0	0	0
2004-05-29	0	0	0	0
2004-05-30	0	0	0	0
2004-05-31	0	0	0	0
2004-06-01	0	0	0	0
2004-06-02	0	0	0	0
2004-06-03	0	0	0	0
2004-06-04	0	0	0	0
2004-06-05	0	0	0	0
2004-06-06	0	0	0	0
2004-06-07	0.531	0.869	1.28	1.66
2004-06-08	0	0	0	0
2004-06-09	0	0	0	0
2004-06-10	5.85	7.82	6.95	8.77
2004-06-11	1.28	1.24	1.32	0.469
2004-06-12	0	0	0	0
2004-06-13	0	0.598	0	1.09
2004-06-14	2.33	2.66	2.57	2.7
2004-06-15	0	0	0	0
2004-06-16	0	0	0	0
2004-06-17	0	0	0	0
2004-06-18	0	0	0	0
2004-06-19	0	0	0	0
2004-06-20	6.4	7.46	6.87	7.34
2004-06-21	0	0	0	0
2004-06-22	0	0	0	0
2004-06-23	1.63	1.91	1.54	2.1
2004-06-24	4.81	5.12	5.36	6.01
2004-06-25	4.12	4.67	4.08	5.14
2004-06-26	2.03	1.01	1.46	0.634
2004-06-27	0	0.602	0	0.808
2004-06-28	2.63	3.19	2.75	3.59
2004-06-29	6.22	7.41	7.14	7.48
2004-06-30	0.54	0.244	0.0306	0
2004-07-01	0.854	1.11	0.0484	0.0363
2004-07-02	9.38	9.68	9.98	9.4
2004-07-03	3.01	3.31	3.68	3.38
2004-07-04	0	0.121	0	0.482
2004-07-05	7.64	5.86	5.66	5.21
2004-07-06	3.82	2.13	2.68	1.74
2004-07-07	2.48	2.79	2.34	2.06
2004-07-08	0.591	0.694	1.43	0.506
2004-07-09	0	0	0	0
2004-07-10	0	0	0	0
2004-07-11	4.78	4.4	3.95	3.79
2004-07-12	2.81	3.87	3.56	4.44
2004-07-13	0	0	0	0
2004-07-14	1.27	0.528	0.0719	0.761
2004-07-15	0	0	0	0
2004-07-16	3.52	1.64	2.27	0.749
2004-07-17	0	0	0	0
2004-07-18	0	0.189	0	0.091
2004-07-19	11.3	11.3	11.7	10.9
2004-07-20	6.93	6.36	6.19	5.03
2004-07-21	0	0	0	0
2004-07-22	0	0	0	0
2004-07-23	0	0	0	0
2004-07-24	0	0.142	0	0.00776
2004-07-25	0	0	0	0
2004-07-26	3.41	3.71	3.61	3.48
2004-07-27	0	0.312	0	0.0116
2004-07-28	0	0	0	0
2004-07-29	0	0	0	0
2004-07-30	0	0	0	0
2004-07-31	0	0	0	0
2004-08-01	0.267	0.579	0.646	1.81
2004-08-02	2.9	1.83	1.97	1.4
2004-08-03	0	0	0	0
2004-08-04	0	0.0135	0	0.115
2004-08-05	0	0.367	0	0.673
2004-08-06	0	0	0	0
2004-08-07	0.706	0.418	0.04	0.0122
2004-08-08	0.473	0.11	0.0268	0
2004-08-09	1.04	1.12	1.25	1.44
2004-08-10	0	0	0	0
2004-08-11	0	0	0	0
2004-08-12	0	0	0	0
2004-08-13	0	0	0	0
2004-08-14	0.259	0.304	0.627	0.222
2004-08-15	0	0	0	0
2004-08-16	0	0	0	0
2004-08-17	6.8	6.42	7.12	6.87
2004-08-18	0	0	0	0
2004-08-19	15.8	16.9	17.4	18.5
2004-08-20	2.07	2.37	2.29	2.68
2004-08-21	5.03	5.51	5	6.05
2004-08-22	0	0	0	0
2004-08-23	0	0	0	0
2004-08-24	0	0	0	0
2004-08-25	0	0	0	0
2004-08-26	7.37	5.88	6.83	5.71
2004-08-27	5.97	5.79	5.72	6.02
2004-08-28	1.64	1.78	1.88	1.93
2004-08-29	0	0	0	0
2004-08-30	0	0	0	0
2004-08-31	10.8	10.9	11	11.2
2004-09-01	3.52	2.68	2.6	2.62
2004-09-02	5.9	5.81	6	6.01
2004-09-03	0	0	0	0
2004-09-04	0	0	0	0
2004-09-05	0	0	0	0
2004-09-06	0	0	0	0
2004-09-07	0	0	0	0
2004-09-08	0	0	0	0
2004-09-09	0	0	0	0
2004-09-10	0	0	0	0
2004-09-11	0	0	0	0
2004-09-12	0.735	3.06	1.78	2.43
2004-09-13	2.78	3.43	2.99	3.38
2004-09-14	0	0	0	0
2004-09-15	13.1	13.4	12.6	13.2
2004-09-16	0	0	0	0
2004-09-17	2.8	2.98	2.84	3.11
2004-09-18	0.951	0.835	0.0539	0.0261
2004-09-19	0	0	0	0
2004-09-20	4.32	3.9	4.1	4.02
2004-09-21	8.89	9.11	8.62	8.15
2004-09-22	1.75	2.98	2.59	3.89
2004-09-23	1.87	2.41	2.5	2.87
2004-09-24	2.14	2.89	2.64	3.33
2004-09-25	0	0.263	0	1.27
2004-09-26	0	0	0	0
2004-09-27	5.65	5.71	5.82	5.86
2004-09-28	1.83	2.22	2.06	2.46
2004-09-29	0	0	0	0
2004-09-30	0	0	0	0
2004-10-01	0	0	0	0
2004-10-02	0	0	0	0
2004-10-03	3.62	3.7	3.82	4.2
2004-10-04	5.87	5.38	5.55	5.31
2004-10-05	0.388	0.142	0.022	0
2004-10-06	0.538	0.409	0.6	0.206
2004-10-07	0	0	0	0
2004-10-08	4.24	3.96	4.32	3.82
2004-10-09	0.242	0.515	0.585	0.703
2004-10-10	0	0	0	0
2004-10-11	0	0	0	0
2004-10-12	0	0	0	0
2004-10-13	0	0	0	0
2004-10-14	0	0	0	0
2004-10-15	0	0	0	0
2004-10-16	2.34	2.07	2.17	1.92
2004-10-17	4.43	3.35	3.86	3.2
2004-10-18	12.5	9.95	11.1	10.2
2004-10-19	0.752	0.602	0.839	0.805
2004-10-20	0	0	0	0
2004-10-21	9.5	8.03	8.61	7.64
2004-10-22	0	0.122	0	0.555
2004-10-23	0	0.262	0	0.0101
2004-10-24	1.65	1.72	1.63	1.48
2004-10-25	7.5	7.01	7.47	7.22
2004-10-26	4.26	3.73	3.84	3.53
2004-10-27	0	0	0	0
2004-10-28	0	0	0	0
2004-10-29	0	0	0	0
2004-10-30	0	0	0	0
2004-10-31	0	0	0	0
2004-11-01	0	0	0	0
2004-11-02	0	0	0	0
2004-11-03	0	0	0	0
2004-11-04	1.16	0.723	0.951	0.83
2004-11-05	3.52	4.98	4.48	6.08
2004-11-06	0.215	0.294	0.52	0.184
2004-11-07	0	0	0	0
2004-11-08	0	0	0	0
2004-11-09	0	0	0	0
2004-11-10	1.27	1.13	1.13	1.21
2004-11-11	0.896	1.18	1	1.25
2004-11-12	4.45	5.03	4.96	6.05
2004-11-13	0	0	0	0
2004-11-14	0.633	0.88	0.726	0.917
2004-11-15	0	0.0828	0	0.453
2004-11-16	0	0	0	0
2004-11-17	0	0	0	0
2004-11-18	1.92	2	2.04	2.29
2004-11-19	0	0	0	0
2004-11-20	0	0	0	0
2004-11-21	0	0	0	0
2004-11-22	0.929	1	1.04	1.3
2004-11-23	0	0.112	0	0.00675
2004-11-24	3.78	4.05	3.87	4.43
2004-11-25	0	0	0	0
2004-11-26	0	0	0	0
2004-11-27	0	0	0	0
2004-11-28	1.55	1.68	1.64	1.91
2004-11-29	0	0	0	0
2004-11-30	0	0.21	0	0.084
2004-12-01	0.497	0.502	0.426	0.402
2004-12-02	0.179	0.0415	0.0101	0
2004-12-03	0	0	0	0
2004-12-04	0.877	1.04	0.986	1.06
2004-12-05	14.2	14.4	14.8	14.8
2004-12-06	0	0.25	0	0.0114
2004-12-07	2.78	3.14	3.04	3.15
2004-12-08	0	0	0	0
2004-12-09	0	0	0	0
2004-12-10	0	0	0	0
2004-12-11	0	0	0	0
2004-12-12	1.89	2.16	2.09	2.2
2004-12-13	0.762	0.766	0.741	0.693
2004-12-14	0	0	0	0.0324
2004-12-15	4.77	4.15	4.91	4.85
2004-12-16	0.147	0.338	0.356	0.455
2004-12-17	1.52	1.73	1.49	1.67
2004-12-18	1.14	1.08	1.18	1.16
2004-12-19	0	0	0	0
2004-12-20	0	0	0	0
2004-12-21	0	0	0	0
2004-12-22	6.08	6.18	6.27	6.29
2004-12-23	9.11	9.06	9.3	9.18
2004-12-24	0	0	0	0
2004-12-25	0	0	0	0
2004-12-26	0	0	0	0
2004-12-27	0	0	0	0
2004-12-28	0	0	0	0
2004-12-29	1.1	1.37	1.36	1.51
2004-12-30	1.46	2.47	1.82	1.78
2004-12-31	0	0	0	0
2005-01-01	0	0	0	0
2005-01-02	5.06	5.56	5.06	5.89
2005-01-03	0.243	0.521	0.587	0.615
2005-01-04	6.67	7.32	6.7	7.47
2005-01-05	1.34	1.34	1.25	1.27
2005-01-06	1.34	1.44	1.3	1.44
2005-01-07	1.62	1.92	1.76	1.89
2005-01-08	7.86	9.21	8.08	9.42
2005-01-09	2.75	3.33	2.91	3.49
2005-01-10	2.15	2.22	2.09	2.32
2005-01-11	0	0	0	0
2005-01-12	1.68	2.06	1.95	2.29
2005-01-13	0.751	0.883	0.749	0.873
2005-01-14	0	0	0	0
2005-01-15	0.554	0.661	0.598	0.712
2005-01-16	0.976	1.15	1.08	1.12
2005-01-17	0	0	0	0
2005-01-18	3.14	3.06	2.93	3.01
2005-01-19	0	0	0	0
2005-01-20	7.08	4.79	5.63	3.95
2005-01-21	3.49	3.13	3.25	3.4
2005-01-22	0	0	0	0
2005-01-23	0	0	0	0
2005-01-24	0	0	0	0
2005-01-25	0	0	0	0
2005-01-26	0	0.0562	0	0.00118
2005-01-27	0	0	0	0
2005-01-28	0	0	0	0
2005-01-29	0	0	0	0
2005-01-30	1.43	1.8	1.83	2.06
2005-01-31	0	0	0	0.0768
2005-02-01	0	0	0	0
2005-02-02	0.77	0.982	0.94	1.09
2005-02-03	0.984	1.28	1.36	1.5
2005-02-04	0	0	0	0
2005-02-05	1.77	1.89	1.75	1.65
2005-02-06	0	0	0	0
2005-02-07	0	0	0	0
2005-02-08	0	0	0	0
2005-02-09	0	0	0	0
2005-02-10	4.76	4.47	4.66	4.32
2005-02-11	0	0	0	0
2005-02-12	0	0	0	0
2005-02-13	7.11	5.85	6.45	5.43
2005-02-14	7.95	6.73	7.37	6.54
2005-02-15	1.35	1.04	1.2	0.924
2005-02-16	0	0	0	0
2005-02-17	0	0	0	0
2005-02-18	2.72	2.35	2.46	2.18
2005-02-19	2.47	2.09	2.18	1.93
2005-02-20	3.52	3.13	3.23	2.85
2005-02-21	1.79	1.5	1.66	1.37
2005-02-22	3.05	2.26	2.67	2.05
2005-02-23	0.611	0.351	0.56	0.19
2005-02-24	0	0	0	0
2005-02-25	0	0	0	0
2005-02-26	0	0	0	0
2005-02-27	0	0	0	0
2005-02-28	0	0	0	0
2005-03-01	0	0	0	0
2005-03-02	0	0	0	0
2005-03-03	0	0	0	0
2005-03-04	0	0	0	0
2005-03-05	0	0	0	0
2005-03-06	0	0.205	0	0.0609
2005-03-07	0	0	0	0
2005-03-08	0	0	0	0
2005-03-09	0	0.0704	0	0.328
2005-03-10	1.27	1.66	1.34	1.53
2005-03-11	6.62	6.06	5.68	5.34
2005-03-12	1.42	1.06	1.2	0.927
2005-03-13	0	0	0	0
2005-03-14	0	0	0	0
2005-03-15	0	0	0	0
2005-03-16	1.71	1.6	1.58	1.6
2005-03-17	3.68	3.3	3.15	2.88
2005-03-18	0	0	0	0
2005-03-19	0	0	0	0
2005-03-20	0	0	0	0
2005-03-21	1.84	1.91	1.64	1.54
2005-03-22	0.566	0.518	0.471	0.168
2005-03-23	0	0	0	0
2005-03-24	0	0	0	0
2005-03-25	0	0	0	0
2005-03-26	0.534	0.434	0.53	0.503
2005-03-27	1.54	1.32	1.35	1.23
2005-03-28	0.781	0.678	0.595	0.583
2005-03-29	0	0	0	0
2005-03-30	0	0	0	0
2005-03-31	0	0	0	0
2005-04-01	0	0	0	0
2005-04-02	0	0	0	0
2005-04-03	0	0	0	0
2005-04-04	0	0	0	0
2005-04-05	1.09	1.53	1.01	1.66
2005-04-06	0	0.0034	0	0
2005-04-07	1.24	1.4	1.15	1.55
2005-04-08	3	4	2.87	3.57
2005-04-09	0	0.0271	0	0
2005-04-10	0	0	0	0
2005-04-11	0.602	0.71	0.587	0.805
2005-04-12	0.197	0.826	0.478	0.729
2005-04-13	0	0	0	0
2005-04-14	0	0	0	0
2005-04-15	0	0	0	0
2005-04-16	0	0	0	0
2005-04-17	0	0	0	0
2005-04-18	0	0	0	0
2005-04-19	0	0.0753	0	0.0494
2005-04-20	0	0	0	0
2005-04-21	0.802	0.886	0.81	0.915
2005-04-22	0	0	0	0
2005-04-23	0	0	0	0
2005-04-24	0	0	0	0
2005-04-25	0	0	0	0
2005-04-26	0	0	0	0
2005-04-27	0	0	0	0
2005-04-28	0	0	0	0
2005-04-29	0	0	0	0
2005-04-30	0.564	0.92	0.706	1.27
2005-05-01	0	0	0	0
2005-05-02	3.4	3.58	3.31	3.56
2005-05-03	0	0	0	0
2005-05-04	7.54	9.01	8.13	8.94
2005-05-05	0	0	0	0
2005-05-06	0	0	0	0
2005-05-07	7.46	8.95	8.44	9.97
2005-05-08	2.52	2.66	2.37	2.93
2005-05-09	0	0	0	0
2005-05-10	0	0	0	0
2005-05-11	0	0	0	0
2005-05-12	0	0	0	0
2005-05-13	0	0	0	0
2005-05-14	0	0	0	0
2005-05-15	11.1	12	11.8	13.2
2005-05-16	25.5	27.4	26.8	29.5
2005-05-17	8.27	8.11	8.02	7.66
2005-05-18	4.14	3.9	3.91	3.42
2005-05-19	2.4	2.79	2.91	3.38
2005-05-20	0	0	0	0
2005-05-21	0	0	0	0.225
2005-05-22	0	0	0	0
2005-05-23	0	0	0	0
2005-05-24	8.3	8.36	8.45	8.68
2005-05-25	0	0	0	0
2005-05-26	4.97	5.75	5.95	6.64
2005-05-27	0	0	0	0
2005-05-28	0	0	0	0
2005-05-29	5.3	5.48	5.55	6
2005-05-30	2.63	3.06	2.93	3.38
2005-05-31	0	0.042	0	0.00503
2005-06-01	0	0	0	0
2005-06-02	2.96	3.75	3.44	3.98
2005-06-03	0	0.269	0	0.0122
2005-06-04	18.1	16.7	17.4	17.1
2005-06-05	10.9	13.5	12.2	14.6
2005-06-06	0	0	0	0
2005-06-07	1.04	0.779	1.08	0.962
2005-06-08	0	0	0	0
2005-06-09	0	0.33	0	0.109
2005-06-10	9.31	7.08	8	6.27
2005-06-11	13.9	14.4	14.6	15.5
2005-06-12	13.2	13.4	13.2	14.2
2005-06-13	6.86	7.36	6.5	6.21
2005-06-14	0	0	0	0
2005-06-15	0	0	0	0
2005-06-16	0	0	0	0
2005-06-17	3.63	4.56	4.17	5.25
2005-06-18	0	0.135	0	0.771
2005-06-19	0	0	0	0
2005-06-20	0.918	0.213	0.052	0
2005-06-21	2.57	3.1	2.3	2.53
2005-06-22	6.82	7.37	6.95	7.2
2005-06-23	0	0	0	0
2005-06-24	0	0	0	0
2005-06-25	0.288	0.465	0.698	0.913
2005-06-26	0	0	0	0
2005-06-27	2.84	3.5	3.14	3.53
2005-06-28	1.28	1.08	1.07	0.376
2005-06-29	0	0	0	0
2005-06-30	0	0	0	0
2005-07-01	0	0	0	0
2005-07-02	0	0	0	0
2005-07-03	0	0	0	0
2005-07-04	0	0	0	0
2005-07-05	0	0	0	0
2005-07-06	0	0	0	0
2005-07-07	0	0	0	0
2005-07-08	0	0.513	0	0.019
2005-07-09	0	0.0169	0	0.00202
2005-07-10	1.68	2.44	2.32	2.86
2005-07-11	0	0	0	0
2005-07-12	0	0	0	0
2005-07-13	0	0	0	0
2005-07-14	2.49	3.09	3.08	3.13
2005-07-15	4.96	4.59	4.32	3.87
2005-07-16	17.6	16	17.2	15.9
2005-07-17	2.78	2.62	2.73	2.63
2005-07-18	1.05	0.244	0.0596	0
2005-07-19	0	0	0	0
2005-07-20	3.27	4.66	4.21	4.74
2005-07-21	7.81	7.8	7.46	8.33
2005-07-22	10.6	9.46	9.62	8.62
2005-07-23	14.1	17.2	15.9	17
2005-07-24	11.5	10.8	11.4	9.94
2005-07-25	1.52	4.02	3.68	4.65
2005-07-26	10.3	9.34	10.1	9.76
2005-07-27	5.36	4.72	4.14	3.24
2005-07-28	0	0	0	0
2005-07-29	0	0	0	0
2005-07-30	2.72	1.76	2.42	1.84
2005-07-31	4.38	5.23	5.07	5.87
2005-08-01	3.67	5.01	4.41	6.02
2005-08-02	0	0	0	0
2005-08-03	0	0	0	0
2005-08-04	4.83	3.39	3.65	2.4
2005-08-05	0	0	0	0
2005-08-06	5.05	4.39	4.08	4.92
2005-08-07	24.2	24	25.1	24.6
2005-08-08	6.6	7.02	6.88	6.55
2005-08-09	10.8	10.3	11.5	10.9
2005-08-10	17.4	16.8	17.4	16.4
2005-08-11	7.63	6.8	7.45	6.15
2005-08-12	2.14	2.97	2.57	2.98
2005-08-13	0	0	0	0
2005-08-14	0	0	0	0
2005-08-15	0	0	0	0
2005-08-16	4.76	4.76	4.22	3.56
2005-08-17	0	0	0	0
2005-08-18	0	0	0	0
2005-08-19	0	0	0	0
2005-08-20	2.57	2.67	2.58	2.65
2005-08-21	0.398	0.0924	0.0226	0
2005-08-22	0	0	0	0
2005-08-23	1.42	1.27	1.2	1.18
2005-08-24	0	0	0	0
2005-08-25	10.9	9.5	10	9.15
2005-08-26	27.1	23.9	26.1	22.2
2005-08-27	0	0	0	0
2005-08-28	0	0	0	0
2005-08-29	0.93	0.859	1.03	1.2
2005-08-30	0	0	0	0
2005-08-31	0	0	0	0
2005-09-01	0	0	0	0
2005-09-02	0.764	1.45	1.07	1.7
2005-09-03	1.94	1.54	1.55	1.32
2005-09-04	0	0	0	0
2005-09-05	0.444	0.482	0.474	0.507
2005-09-06	0	0	0	0
2005-09-07	0.922	1.1	0.935	1.08
2005-09-08	0.207	0.317	0.0117	0.0716
2005-09-09	0	0	0	0
2005-09-10	0	0	0	0
2005-09-11	0	0	0	0
2005-09-12	0	0.00672	0	0
2005-09-13	0	0	0	0
2005-09-14	6.05	6.15	5.31	5.66
2005-09-15	0	0	0	0
2005-09-16	0	0	0	0
2005-09-17	0	0	0	0
2005-09-18	0	0	0	0
2005-09-19	0.436	0.543	0.435	0.543
2005-09-20	1.16	1.23	0.847	1.09
2005-09-21	0	0	0	0
2005-09-22	0	0	0	0
2005-09-23	0	0	0	0
2005-09-24	1	1.11	0.81	0.912
2005-09-25	0	0	0	0
2005-09-26	0	0	0	0
2005-09-27	0	0	0	0
2005-09-28	0	0	0	0
2005-09-29	0	0	0	0
2005-09-30	0	0	0	0
2005-10-01	3.83	5.18	4.51	5.72
2005-10-02	1.36	1.06	1.14	0.939
2005-10-03	0	0	0	0
2005-10-04	0	0	0	0
2005-10-05	0	0	0	0
2005-10-06	0	0	0	0
2005-10-07	0	0	0	0
2005-10-08	0	0	0	0
2005-10-09	0.412	1.04	0.997	1.13
2005-10-10	0	0	0	0
2005-10-11	0	0	0	0
2005-10-12	0	0	0	0
2005-10-13	0	0	0	0
2005-10-14	1.06	1.25	1.06	1.02
2005-10-15	0	0	0	0
2005-10-16	0	0	0	0
2005-10-17	0	0	0	0
2005-10-18	0	0	0	0
2005-10-19	0	0	0	0
2005-10-20	1.05	0.865	0.969	0.928
2005-10-21	2.07	1.97	2.01	2.16
2005-10-22	2.27	1.89	2.21	2.18
2005-10-23	0	0	0	0.0561
2005-10-24	0	0	0	0
2005-10-25	11.4	10.4	11	11
2005-10-26	5.79	5.02	5.13	4.63
2005-10-27	0	0	0	0
2005-10-28	0	0	0	0
2005-10-29	3.55	4.14	3.96	4.13
2005-10-30	0.621	0.185	0.0352	0
2005-10-31	0.99	0.796	0.729	0.647
2005-11-01	2.08	1.69	1.76	1.55
2005-11-02	0	0	0	0
2005-11-03	0.368	0.644	0.892	0.438
2005-11-04	4.49	4.98	4.47	4.85
2005-11-05	2.18	1.4	1.77	1.2
2005-11-06	3.6	3.57	3.63	3.31
2005-11-07	1.57	1.48	1.61	1.37
2005-11-08	0	0	0	0
2005-11-09	0	0	0	0
2005-11-10	1.82	1.82	1.67	1.74
2005-11-11	0	0	0	0
2005-11-12	0	0.103	0	0
2005-11-13	0	0	0	0
2005-11-14	1.58	1.39	1.36	1.33
2005-11-15	8.24	7.6	8.08	8.58
2005-11-16	0	0	0	0
2005-11-17	0	0	0	0
2005-11-18	0	0	0	0
2005-11-19	0	0	0	0
2005-11-20	0	0	0	0
2005-11-21	1.45	1.66	1.47	1.59
2005-11-22	0	0	0	0
2005-11-23	0	0	0	0
2005-11-24	0	0.336	0	0.613
2005-11-25	2.28	2.19	2.15	2.18
2005-11-26	1.53	1.38	1.41	1.29
2005-11-27	0	0	0	0
2005-11-28	0	0	0	0
2005-11-29	0.537	0.125	0.0304	0
2005-11-30	0	0	0	0
2005-12-01	0	0	0	0
2005-12-02	0	0	0	0
2005-12-03	0	0	0	0
2005-12-04	4.48	4.12	4.22	4.06
2005-12-05	6.74	6.07	6.27	5.83
2005-12-06	3.69	3.17	3.29	2.79
2005-12-07	4.69	4.06	4.44	3.92
2005-12-08	0.816	0.189	0.0462	0
2005-12-09	0	0	0	0
2005-12-10	0	0.0162	0	0.00194
2005-12-11	2.74	2.72	2.52	2.34
2005-12-12	0	0	0	0
2005-12-13	0	0	0	0
2005-12-14	2.2	2.48	2.41	2.82
2005-12-15	0	0	0	0
2005-12-16	0	0	0	0
2005-12-17	0	0	0	0.135
2005-12-18	0	0	0	0
2005-12-19	3.67	3.59	3.65	3.73
2005-12-20	0	0	0	0
2005-12-21	0	0	0	0
2005-12-22	1.63	1.27	1.43	0.496
2005-12-23	3.54	2.71	3	2.3
2005-12-24	0	0	0	0
2005-12-25	3.94	4.43	4.2	4.36
2005-12-26	3.37	2.69	2.99	2.47
2005-12-27	0	0	0	0
2005-12-28	2.03	1.46	1.82	1.5
2005-12-29	8.57	7.37	7.84	6.99
2005-12-30	7.29	6.92	6.69	6.41
2005-12-31	2.93	2.56	2.71	2.41
2006-01-01	7.31	5.15	5.2	4.07
2006-01-02	1.28	0.88	0.924	0.707
2006-01-03	0	0	0	0
2006-01-04	0	0	0	0
2006-01-05	0	0	0	0
2006-01-06	0	0	0	0
2006-01-07	0	0	0	0
2006-01-08	0	0	0	0
2006-01-09	0	0	0	0
2006-01-10	0.813	0.71	0.662	0.623
2006-01-11	1.59	0.948	1.11	0.61
2006-01-12	0	0	0	0
2006-01-13	0	0	0	0
2006-01-14	0	0	0	0
2006-01-15	0	0	0	0
2006-01-16	0.196	0.13	0.18	0.0612
2006-01-17	2.58	1.99	1.94	1.68
2006-01-18	6.29	5.11	4.97	4.59
2006-01-19	2.15	1.79	1.71	1.59
2006-01-20	6.42	5.4	5.1	4.84
2006-01-21	2.88	2.03	1.94	1.51
2006-01-22	0.471	0.505	0.445	0.5
2006-01-23	0.736	0.551	0.564	0.493
2006-01-24	0.247	0.276	0.247	0.0899
2006-01-25	0.0343	0.00795	0.00194	0
2006-01-26	0	0	0	0
2006-01-27	0	0	0	0
2006-01-28	0	0	0	0
2006-01-29	0	0	0	0
2006-01-30	3.35	2.88	2.59	2.32
2006-01-31	2.95	2.39	2.09	1.71
2006-02-01	0	0	0	0
2006-02-02	0	0	0	0
2006-02-03	1.78	1.6	1.7	1.58
2006-02-04	0	0	0	0
2006-02-05	0	0	0	0
2006-02-06	6.95	6.89	7	7.44
2006-02-07	1.61	1.65	1.59	1.69
2006-02-08	1.03	0.972	0.987	1.06
2006-02-09	3.11	2.83	2.89	2.91
2006-02-10	0	0	0	0
2006-02-11	0.758	0.933	0.857	1.03
2006-02-12	0	0	0	0
2006-02-13	0	0	0	0
2006-02-14	0	0	0	0
2006-02-15	0	0	0	0
2006-02-16	2.73	2.22	2.36	2.07
2006-02-17	3.38	2.94	3.2	2.97
2006-02-18	3.52	3.63	3.58	3.73
2006-02-19	0.387	0.146	0.0219	0
2006-02-20	0	0	0	0
2006-02-21	0	0	0	0
2006-02-22	1.77	1.73	1.76	1.79
2006-02-23	0	0	0	0
2006-02-24	0	0	0	0
2006-02-25	0	0	0	0
2006-02-26	1.22	1.46	1.46	1.74
2006-02-27	0.266	0.586	0.645	0.811
2006-02-28	0	0	0	0
2006-03-01	4	3.62	3.73	3.51
2006-03-02	3.74	3.45	3.41	3.1
2006-03-03	5.29	4.18	4.63	3.87
2006-03-04	2.18	1.93	1.99	1.75
2006-03-05	0.328	0.196	0.0186	0.0499
2006-03-06	0	0	0	0
2006-03-07	0	0	0	0
2006-03-08	0	0	0	0
2006-03-09	0	0.0324	0	0
2006-03-10	0	0	0	0
2006-03-11	1.37	1.31	1.32	1.3
2006-03-12	0	0	0	0
2006-03-13	0	0	0	0
2006-03-14	0.292	0.0678	0.0166	0
2006-03-15	0	0	0	0
2006-03-16	0	0	0	0
2006-03-17	0	0	0	0
2006-03-18	0	0	0	0
2006-03-19	0.206	0.556	0.499	0.66
2006-03-20	0.692	0.687	0.758	0.863
2006-03-21	0	0	0	0
2006-03-22	0	0.00623	0	0
2006-03-23	0.643	0.648	0.612	0.634
2006-03-24	0	0	0	0
2006-03-25	0	0	0	0
2006-03-26	0	0	0	0
2006-03-27	7.35	6.94	6.75	6.44
2006-03-28	8.95	8.27	8.14	7.49
2006-03-29	8.38	8.06	7.81	7.5
2006-03-30	6.65	5.99	6.05	5.57
2006-03-31	0.93	0.564	0.78	0.529
2006-04-01	0	0	0	0
2006-04-02	2.43	2.09	2.22	1.97
2006-04-03	1.91	1.76	1.78	1.69
2006-04-04	2.19	2.45	2.57	3.02
2006-04-05	4.48	4.05	4.05	3.67
2006-04-06	0	0	0	0
2006-04-07	1.08	0.726	1.04	0.355
2006-04-08	1.02	0.601	0.973	0.332
2006-04-09	3.33	3.22	3.27	3.24
2006-04-10	0	0.0772	0	0
2006-04-11	0	0	0	0
2006-04-12	0	0	0	0
2006-04-13	1.92	1.78	1.78	1.79
2006-04-14	3.36	3.56	3.44	3.59
2006-04-15	0	0	0	0
2006-04-16	1.05	0.826	1.13	1.23
2006-04-17	0	0	0	0
2006-04-18	0	0	0	0
2006-04-19	0	0	0	0
2006-04-20	0	0.519	0	0.859
2006-04-21	0	0	0	0
2006-04-22	0	0	0	0
2006-04-23	0	0	0	0
2006-04-24	0	0	0	0
2006-04-25	0	0	0	0
2006-04-26	0	0.523	0	0.795
2006-04-27	17.4	15.1	15.7	13.8
2006-04-28	17	17.1	17.2	17.3
2006-04-29	0	0	0	0
2006-04-30	0	0	0	0
2006-05-01	0	0	0	0
2006-05-02	0	0	0	0
2006-05-03	0	0	0	0
2006-05-04	0	0	0	0
2006-05-05	0	0	0	0
2006-05-06	0	0	0	0
2006-05-07	0	0	0	0
2006-05-08	0	0	0	0
2006-05-09	0	0	0	0
2006-05-10	0	0	0	0
2006-05-11	1.21	1.47	1.38	1.52
2006-05-12	0	0	0	0
2006-05-13	13.9	13.4	14.5	14.7
2006-05-14	0	0	0	0
2006-05-15	0	0	0	0
2006-05-16	0	0	0	0
2006-05-17	4.39	4.17	4.49	4.65
2006-05-18	2.36	2.47	2.54	2.56
2006-05-19	0	0	0	0
2006-05-20	0	0	0	0
2006-05-21	0	0	0	0
2006-05-22	7.23	5.92	6.73	5.38
2006-05-23	0	0.24	0	0.801
2006-05-24	9.41	9.39	10.1	10.3
2006-05-25	0	0	0	0
2006-05-26	1.15	1.66	1.56	1.74
2006-05-27	0.866	0.556	0.94	0.323
2006-05-28	3.27	3.26	3	3.48
2006-05-29	5.64	5.56	5.46	5.37
2006-05-30	10.9	10.3	10.7	10.6
2006-05-31	10.3	9.76	9.85	9.83
2006-06-01	0.284	0.735	0.687	1.05
2006-06-02	1.31	2.43	1.7	2.68
2006-06-03	2.44	3.04	2.99	3.34
2006-06-04	0.216	0.496	0.0123	0.548
2006-06-05	0	0	0	0.0822
2006-06-06	0	0	0	0
2006-06-07	0.504	0.859	0.668	1.01
2006-06-08	0	0	0	0
2006-06-09	0	0	0	0
2006-06-10	0	0	0	0
2006-06-11	0	0	0	0
2006-06-12	0	0	0	0
2006-06-13	0	0	0	0
2006-06-14	0	0	0	0
2006-06-15	0	0	0	0
2006-06-16	0	0	0	0
2006-06-17	0	0	0	0
2006-06-18	0	0	0	0
2006-06-19	0	0	0	0
2006-06-20	6.04	8.53	7.18	9.44
2006-06-21	0.702	0.92	0.778	1.22
2006-06-22	2.55	1.98	2.03	1.63
2006-06-23	1.16	0.875	0.721	0.251
2006-06-24	0	0	0	0
2006-06-25	0	0	0	0
2006-06-26	0	0	0	0
2006-06-27	0.478	1.67	1.16	2.24
2006-06-28	4.99	7.31	5.95	8.66
2006-06-29	0	0	0	0
2006-06-30	0	0	0	0
2006-07-01	0.226	0.0524	0.0128	0
2006-07-02	0	0	0	0
2006-07-03	0	0	0	0
2006-07-04	0	0	0	0
2006-07-05	0	0.00802	0	0
2006-07-06	0	0	0	0
2006-07-07	1.62	1.69	1.87	1.78
2006-07-08	0	0	0	0
2006-07-09	0	0	0	0
2006-07-10	9.1	8.46	8.86	8.78
2006-07-11	2.86	2.74	2.89	2.85
2006-07-12	1.05	1.65	1.4	1.56
2006-07-13	2.26	2.48	2.38	2.69
2006-07-14	0	0	0	0
2006-07-15	0	0	0	0
2006-07-16	0	0	0	0
2006-07-17	0.144	0.368	0.348	0.443
2006-07-18	0	0	0	0
2006-07-19	0	0	0	0
2006-07-20	0.513	0.993	0.835	1.59
2006-07-21	13.7	11.7	13.7	13.1
2006-07-22	0	0	0	0
2006-07-23	3.89	5.04	5.06	6.45
2006-07-24	0	0	0	0
2006-07-25	0	0	0	0
2006-07-26	0	0	0	0
2006-07-27	0.651	0.883	0.774	0.893
2006-07-28	4.51	5.16	4.54	4.12
2006-07-29	0	0	0	0
2006-07-30	0	0	0	0
2006-07-31	0	0.0633	0	0.337
2006-08-01	13.9	16.3	16.8	19
2006-08-02	1.08	1.15	1.18	1.31
2006-08-03	0	0	0	0
2006-08-04	0	0	0	0
2006-08-05	0	0	0	0
2006-08-06	0	0	0	0
2006-08-07	0	0	0	0
2006-08-08	0	0	0	0
2006-08-09	0	0	0	0
2006-08-10	1.06	1.62	1.46	1.93
2006-08-11	0	0	0	0
2006-08-12	0	0	0	0
2006-08-13	0	0	0	0
2006-08-14	12.9	15.1	14.5	14.7
2006-08-15	32.1	37.4	32.7	35.9
2006-08-16	4.31	3.83	4.28	3.6
2006-08-17	1.55	3.26	2.65	3.54
2006-08-18	0	0	0	0
2006-08-19	0	0.379	0	0.567
2006-08-20	2.36	2.97	2.6	3.17
2006-08-21	11.2	10.7	11.3	10.3
2006-08-22	15	18.7	17.9	18.9
2006-08-23	1.7	2.75	2.63	3.5
2006-08-24	0	0	0	0
2006-08-25	1.35	1.4	1.31	1.27
2006-08-26	0.224	0.263	0.542	0.192
2006-08-27	6.23	5.21	5.47	4.95
2006-08-28	12.7	12	13.2	10.3
2006-08-29	6.45	9.86	8.05	8.78
2006-08-30	0	0	0	0
2006-08-31	0	0	0	0
2006-09-01	3.07	3.39	3.13	3.46
2006-09-02	4.97	4.75	4.86	5.07
2006-09-03	10.5	10.1	9.9	9
2006-09-04	7.42	9.34	7.75	10.2
2006-09-05	1.38	1.72	1.07	0.799
2006-09-06	0	0	0	0
2006-09-07	1.65	1.68	1.62	1.92
2006-09-08	1.74	1.42	1.4	0.972
2006-09-09	0	0.137	0	0.264
2006-09-10	0	0	0	0
2006-09-11	0	0.0204	0	0
2006-09-12	0	0	0	0
2006-09-13	0	0	0	0
2006-09-14	0	0.0232	0	0
2006-09-15	0	0	0	0
2006-09-16	0	0	0	0
2006-09-17	0	0	0	0
2006-09-18	0	0	0	0
2006-09-19	0	0	0	0
2006-09-20	0	0	0	0
2006-09-21	0	0	0	0
2006-09-22	0	0	0	0
2006-09-23	0	0	0	0
2006-09-24	0	0	0	0
2006-09-25	5.73	6.17	5.69	5.96
2006-09-26	0.304	0.178	0.288	0.0979
2006-09-27	3.2	2.64	2.57	1.89
2006-09-28	5.65	5.88	5.81	6.31
2006-09-29	6.31	6.54	5.9	6.07
2006-09-30	0.901	0.948	0.897	0.896
2006-10-01	3.82	4.18	4.13	4.33
2006-10-02	10.2	10.2	10.4	10.7
2006-10-03	9.89	9.27	8.81	7.76
2006-10-04	2.98	2.66	2.56	2.45
2006-10-05	1.24	1.57	1.37	1.48
2006-10-06	6.64	5.85	6.37	6.27
2006-10-07	8.11	7.8	7.68	7.84
2006-10-08	0	0	0	0
2006-10-09	0	0	0	0
2006-10-10	5.57	5.71	5.62	5.5
2006-10-11	0	0	0	0
2006-10-12	0	0	0	0
2006-10-13	0	0	0	0
2006-10-14	0	0	0	0
2006-10-15	0	0	0	0
2006-10-16	0	0	0	0
2006-10-17	0	0	0	0
2006-10-18	0.109	0.133	0.124	0.148
2006-10-19	8.09	9.25	8.43	8.84
2006-10-20	29.7	29	29.1	27.8
2006-10-21	8.08	7.74	8	7.78
2006-10-22	7.57	7.08	7.01	6.7
2006-10-23	12.9	10.9	11.7	11.2
2006-10-24	4.56	4.23	4.44	4.44
2006-10-25	0	0	0	0
2006-10-26	14.2	13.8	14.5	14.5
2006-10-27	18.3	18.9	18.4	17.8
2006-10-28	0	0	0	0
2006-10-29	0	0	0	0
2006-10-30	0	0	0	0
2006-10-31	14.3	14.3	14.9	15.7
2006-11-01	0	0	0	0
2006-11-02	0	0	0	0
2006-11-03	0.81	0.905	0.835	0.997
2006-11-04	4.99	5.41	5.23	5.71
2006-11-05	0.781	0.936	0.884	1.07
2006-11-06	1.75	1.59	1.8	1.6
2006-11-07	0	0	0	0
2006-11-08	0	0	0	0
2006-11-09	0	0	0	0
2006-11-10	0	0	0	0
2006-11-11	17.4	16.4	16.9	16.8
2006-11-12	0	0	0	0
2006-11-13	0	0	0	0
2006-11-14	4.75	4.7	4.8	5.1
2006-11-15	0	0	0	0
2006-11-16	9.88	9.23	9.69	10.1
2006-11-17	1.93	1.48	1.66	1.15
2006-11-18	0	0	0	0
2006-11-19	0	0	0	0
2006-11-20	1.02	1.55	1.41	1.71
2006-11-21	9.12	8.32	9.24	8.47
2006-11-22	2.7	2.81	2.8	3.14
2006-11-23	0.721	0.617	0.767	0.872
2006-11-24	3.58	3.45	3.49	3.61
2006-11-25	2.97	2.59	2.72	2.5
2006-11-26	0	0	0	0
2006-11-27	0	0	0	0
2006-11-28	0	0	0	0
2006-11-29	1	1.08	0.969	1.01
2006-11-30	0	0	0	0
2006-12-01	0	0	0	0
2006-12-02	1.06	1.02	1.02	1.04
2006-12-03	0	0	0	0
2006-12-04	2.81	2.86	3	2.99
2006-12-05	7.41	7.47	7.76	7.59
2006-12-06	0	0	0	0
2006-12-07	4.53	4.31	4.92	4.78
2006-12-08	2.97	3.23	3.26	3.38
2006-12-09	2.96	2.86	3.17	3.1
2006-12-10	0	0	0	0
2006-12-11	3.21	4.04	3.64	3.72
2006-12-12	0	0	0	0
2006-12-13	0.653	0.634	0.671	0.689
2006-12-14	0.844	1.09	0.854	0.889
2006-12-15	0	0	0	0
2006-12-16	0	0	0	0
2006-12-17	0	0	0	0
2006-12-18	0	0	0	0.0361
2006-12-19	2.1	2	2.22	1.98
2006-12-20	0.632	0.558	0.678	0.459
2006-12-21	0	0	0	0
2006-12-22	0	0	0	0
2006-12-23	0	0	0	0
2006-12-24	0	0	0	0
2006-12-25	0	0	0	0
2006-12-26	0	0	0	0
2006-12-27	0	0	0	0
2006-12-28	0	0.00538	0	0
2006-12-29	0	0	0	0
2006-12-30	3.75	3.97	4.13	4.17
2006-12-31	0.783	0.884	0.874	0.893
2007-01-01	4.26	3.98	4.01	3.95
2007-01-02	1.29	0.886	1.23	0.886
2007-01-03	0	0	0	0
2007-01-04	6.19	6.66	6.41	7.13
2007-01-05	0	0	0	0
2007-01-06	0	0	0	0
2007-01-07	1.52	1.47	1.5	1.48
2007-01-08	3.01	3.39	3.17	3.5
2007-01-09	4.28	4.84	4.64	5.19
2007-01-10	0.558	0.581	0.543	0.552
2007-01-11	0	0	0	0
2007-01-12	2.89	2.79	2.91	3.06
2007-01-13	3.14	2.63	2.66	2.26
2007-01-14	24.1	22.3	22.9	22.3
2007-01-15	1.43	1.64	1.56	1.76
2007-01-16	0	0	0	0
2007-01-17	1.41	1.28	1.39	1.46
2007-01-18	5.85	5.71	5.55	5.48
2007-01-19	0.579	0.546	0.528	0.496
2007-01-20	0.492	0.468	0.496	0.56
2007-01-21	0.571	0.482	0.52	0.426
2007-01-22	0	0	0	0
2007-01-23	0	0	0	0
2007-01-24	0	0	0	0
2007-01-25	0	0	0	0
2007-01-26	0	0	0	0
2007-01-27	0	0	0	0
2007-01-28	0	0	0	0.0461
2007-01-29	0	0	0	0
2007-01-30	1.38	1.57	1.46	1.67
2007-01-31	0.527	0.49	0.491	0.477
2007-02-01	0	0	0	0
2007-02-02	5.54	4.83	5	4.58
2007-02-03	0	0.00842	0	0.00101
2007-02-04	0	0	0	0
2007-02-05	2.1	1.82	2.02	1.85
2007-02-06	0	0	0	0
2007-02-07	0	0	0	0
2007-02-08	0.959	0.992	0.986	1.11
2007-02-09	0	0	0	0
2007-02-10	0	0	0	0
2007-02-11	0	0	0	0
2007-02-12	0	0	0	0
2007-02-13	0	0	0	0
2007-02-14	0.516	0.12	0.0292	0.0664
2007-02-15	0.292	0.632	0.706	0.656
2007-02-16	0	0	0	0
2007-02-17	0.892	0.903	0.806	0.935
2007-02-18	0	0	0	0
2007-02-19	5.35	5.33	5.31	5.56
2007-02-20	0	0	0	0
2007-02-21	1.22	1.02	1.11	1.02
2007-02-22	1.53	1.59	1.54	1.62
2007-02-23	0	0	0	0
2007-02-24	0	0	0	0
2007-02-25	2.84	2.57	2.65	2.57
2007-02-26	0.533	0.124	0.0302	0
2007-02-27	1.19	1.14	1.13	1.22
2007-02-28	1.58	1.51	1.52	1.56
2007-03-01	0.988	0.798	0.824	0.735
2007-03-02	0	0	0	0
2007-03-03	0	0	0	0
2007-03-04	0	0	0	0
2007-03-05	1.43	1.21	1.3	1.22
2007-03-06	3.38	2.94	3.12	3
2007-03-07	6.62	6.32	6.35	6.35
2007-03-08	2.78	3	2.78	3
2007-03-09	0.866	0.881	0.854	0.907
2007-03-10	1.93	2.07	1.94	2.07
2007-03-11	0	0.174	0	0.189
2007-03-12	0	0	0	0
2007-03-13	0	0	0	0
2007-03-14	0	0	0	0
2007-03-15	0	0	0	0
2007-03-16	0.479	0.539	0.509	0.577
2007-03-17	2.75	2.78	2.77	2.86
2007-03-18	8.89	9.06	8.86	9.24
2007-03-19	4.44	4.04	4.26	4.03
2007-03-20	0.246	0.164	0.282	0.097
2007-03-21	0	0	0	0
2007-03-22	0	0	0	0
2007-03-23	0	0	0	0
2007-03-24	0	0	0	0
2007-03-25	0	0	0	0
2007-03-26	0	0	0	0
2007-03-27	0	0	0	0
2007-03-28	0	0	0	0
2007-03-29	0	0	0	0
2007-03-30	0	0	0	0
2007-03-31	0	0	0	0
2007-04-01	0	0	0	0
2007-04-02	0	0	0	0
2007-04-03	0	0	0	0
2007-04-04	0	0	0	0
2007-04-05	0	0	0	0
2007-04-06	0	0	0	0
2007-04-07	0	0	0	0
2007-04-08	0	0	0	0
2007-04-09	0	0	0	0
2007-04-10	0	0.233	0	0.325
2007-04-11	0	0	0	0
2007-04-12	0	0	0	0
2007-04-13	0	0	0	0
2007-04-14	0	0	0	0
2007-04-15	0	0	0	0
2007-04-16	0	0	0	0
2007-04-17	0.548	0.283	0.421	0.141
2007-04-18	0	0	0	0
2007-04-19	3.53	3.8	3.11	3.62
2007-04-20	0	0.0589	0	0
2007-04-21	0	0	0	0
2007-04-22	0.644	0.635	0.574	0.611
2007-04-23	0	0.177	0	0.332
2007-04-24	0	0	0	0
2007-04-25	0	0	0	0
2007-04-26	0	0	0	0
2007-04-27	0	0	0	0
2007-04-28	0.549	0.405	0.359	0.171
2007-04-29	0.868	0.882	0.752	0.907
2007-04-30	0.817	0.868	0.758	0.897
2007-05-01	0	0	0	0
2007-05-02	0	0	0	0
2007-05-03	0	0	0	0
2007-05-04	0	0	0	0
2007-05-05	4.42	3.48	4.15	3.65
2007-05-06	0	0	0	0
2007-05-07	1.02	0.236	0.0577	0
2007-05-08	3.12	3.69	3.29	3.46
2007-05-09	0	0	0	0
2007-05-10	0	0	0	0
2007-05-11	0	0	0	0
2007-05-12	0	0	0	0
2007-05-13	3.54	3.71	3.86	4
2007-05-14	7.82	6.31	6.97	6.17
2007-05-15	1.12	1.32	0.0636	1.57
2007-05-16	0	0	0	0
2007-05-17	0	0	0	0
2007-05-18	3.6	3.55	3.96	3.5
2007-05-19	1.45	3.33	3.51	4.39
2007-05-20	0	0	0	0
2007-05-21	0	0	0	0
2007-05-22	0	0	0	0
2007-05-23	0	0	0	0
2007-05-24	2.64	2.19	2.45	0.862
2007-05-25	4.08	3.48	3.87	3.9
2007-05-26	0	0	0	0
2007-05-27	0	0	0	0
2007-05-28	5.22	3.31	4.55	3.59
2007-05-29	0	0	0	0
2007-05-30	0	0	0	0
2007-05-31	6.5	5.82	6.16	5.68
2007-06-01	0	0	0	0
2007-06-02	0	0	0	0
2007-06-03	0	0	0	0
2007-06-04	0	0	0	0
2007-06-05	0	0	0	0
2007-06-06	0	0	0	0
2007-06-07	0	0	0	0
2007-06-08	0	0	0	0
2007-06-09	0	0	0	0
2007-06-10	0	0	0	0
2007-06-11	0.385	0.322	0.369	0.356
2007-06-12	0.797	0.788	0.81	0.7
2007-06-13	9.37	8.27	7.78	6.81
2007-06-14	13.7	12.3	12.4	13.3
2007-06-15	0	0	0	0
2007-06-16	0	0	0	0
2007-06-17	0	0	0	0
2007-06-18	3.1	5.15	4.25	6.2
2007-06-19	0.814	0.534	0.597	0.427
2007-06-20	0	0	0	0
2007-06-21	0	0	0	0
2007-06-22	0	0	0	0
2007-06-23	0	0	0	0
2007-06-24	0	0	0	0
2007-06-25	0	0	0	0
2007-06-26	0.691	0.69	0.531	0.437
2007-06-27	0.0646	0.015	0.00366	0
2007-06-28	0.605	0.51	0.499	0.425
2007-06-29	0.0645	0.177	0.156	0.215
2007-06-30	1.12	1.58	1.48	1.84
2007-07-01	0	0	0	0
2007-07-02	0	0	0	0
2007-07-03	0	0	0	0
2007-07-04	2.87	2.81	2.63	2.84
2007-07-05	0	0	0	0
2007-07-06	0	0	0	0
2007-07-07	2.62	3.5	3.33	3.54
2007-07-08	2.8	3.24	3.18	3.28
2007-07-09	4.62	4.77	5.06	4.71
2007-07-10	3.56	3.21	3.53	3.15
2007-07-11	0	0	0	0
2007-07-12	4.23	4.4	4.07	3.76
2007-07-13	4.62	5.73	5.48	6.17
2007-07-14	2.98	3.31	3.21	3.4
2007-07-15	5.88	6.57	6.1	6.07
2007-07-16	0	0	0	0
2007-07-17	4.97	5.98	5.48	5.87
2007-07-18	0	0	0	0
2007-07-19	0	0	0	0
2007-07-20	0	0	0	0
2007-07-21	0	0	0	0
2007-07-22	0	0	0	0
2007-07-23	0	0	0	0
2007-07-24	0	0	0	0
2007-07-25	0	0	0	0
2007-07-26	0	0	0	0
2007-07-27	8.51	10.2	10.3	10.8
2007-07-28	0	0.92	0	1.1
2007-07-29	7.37	9.71	8.8	9.74
2007-07-30	13.8	11.1	11.3	9.01
2007-07-31	0	0	0	0
2007-08-01	0	0	0	0
2007-08-02	1.5	2.59	2.16	3.01
2007-08-03	0.838	1.07	1.1	1.28
2007-08-04	0	0	0	0
2007-08-05	0	0	0	0
2007-08-06	0	0	0	0
2007-08-07	0	0	0	0
2007-08-08	1.26	0.753	1.23	0.419
2007-08-09	1.65	1.36	1.32	0.564
2007-08-10	0	0.196	0	1.13
2007-08-11	1.17	1.28	1.21	1.16
2007-08-12	2.46	2.74	2.9	3.22
2007-08-13	4.67	4.74	4.55	5.65
2007-08-14	0	0	0	0
2007-08-15	6.65	8.28	8.15	9.63
2007-08-16	5.19	5.76	5.79	6.18
2007-08-17	0	0	0	0
2007-08-18	0	0.404	0	0.74
2007-08-19	0	0	0	0
2007-08-20	0	0	0	0
2007-08-21	0	0	0	0
2007-08-22	0	0	0	0
2007-08-23	0	0	0	0
2007-08-24	0	0	0	0
2007-08-25	0	0	0	0
2007-08-26	0	0	0	0
2007-08-27	6.62	7.04	7.99	7.85
2007-08-28	15.9	15.9	16.8	15.7
2007-08-29	0.599	1.29	1.45	1.72
2007-08-30	0	0	0	0
2007-08-31	0	0	0	0
2007-09-01	0	0	0	0
2007-09-02	4.36	4.58	4.13	4.15
2007-09-03	2.53	3.78	3.23	4.11
2007-09-04	0	0	0	0
2007-09-05	0	0	0	0
2007-09-06	0	0	0	0
2007-09-07	0	0	0	0
2007-09-08	6.29	6.81	6.37	7.33
2007-09-09	1.14	0.369	0.0648	0
2007-09-10	3.27	2.92	2.82	2.8
2007-09-11	0	0	0	0
2007-09-12	2.08	2.09	1.88	1.78
2007-09-13	0	0	0	0
2007-09-14	2.13	2.77	2.47	3.08
2007-09-15	2.42	2.05	2.26	1.97
2007-09-16	2.49	2.37	2.21	2.07
2007-09-17	6	7.01	6.24	6.91
2007-09-18	0	0	0	0
2007-09-19	0	0	0	0
2007-09-20	0	0	0	0
2007-09-21	0	0	0	0
2007-09-22	0	0.22	0	0.0129
2007-09-23	0	0	0	0
2007-09-24	0	0	0	0
2007-09-25	4.12	3.31	3.46	3.05
2007-09-26	0	0	0	0
2007-09-27	0	0	0	0
2007-09-28	0	0	0	0
2007-09-29	3.83	2.16	2.85	2.08
2007-09-30	0.65	1.33	1.57	1.6
2007-10-01	2.66	3.24	3.03	3.79
2007-10-02	0	0	0	0
2007-10-03	0	0	0	0
2007-10-04	0	0	0	0
2007-10-05	0	0	0	0
2007-10-06	0	0	0	0.0209
2007-10-07	1.34	1.93	1.99	2.13
2007-10-08	0	0	0	0
2007-10-09	0	0	0	0
2007-10-10	0	0	0	0
2007-10-11	4.23	4.61	4.7	5.12
2007-10-12	1.28	1.17	1.29	1.08
2007-10-13	0	0.0829	0	0.00342
2007-10-14	0.523	0.693	0.54	0.561
2007-10-15	0	0	0	0
2007-10-16	0	0	0	0
2007-10-17	0	0	0	0
2007-10-18	0	0.00567	0	0
2007-10-19	0	0	0	0
2007-10-20	1.57	1.93	1.9	2
2007-10-21	0	0	0	0
2007-10-22	0	0	0	0
2007-10-23	0	0	0	0
2007-10-24	0	0	0	0
2007-10-25	0	0	0	0
2007-10-26	0	0	0	0
2007-10-27	0.149	0.307	0.361	0.382
2007-10-28	0	0	0	0
2007-10-29	1.13	1.22	1.13	1.27
2007-10-30	0	0	0	0
2007-10-31	1.45	1.78	1.69	1.86
2007-11-01	0	0	0	0
2007-11-02	3.17	3.22	3.26	3.59
2007-11-03	8.1	8.62	8.56	9.43
2007-11-04	0	0	0	0
2007-11-05	4.57	4.74	4.77	5.39
2007-11-06	10.6	9.34	10	10.1
2007-11-07	0	0	0	0
2007-11-08	4.51	4.08	4.25	4.14
2007-11-09	8.2	7.55	7.65	7.28
2007-11-10	0	0	0	0
2007-11-11	1.57	1.54	1.49	1.36
2007-11-12	1.83	1.01	1.57	0.531
2007-11-13	3.85	3.25	3.47	3.19
2007-11-14	0	0	0	0
2007-11-15	0	0	0	0
2007-11-16	5.04	5.74	5.33	5.88
2007-11-17	0	0.0982	0	0
2007-11-18	0	0	0	0
2007-11-19	0	0	0	0
2007-11-20	0	0	0	0
2007-11-21	0	0	0	0
2007-11-22	3.96	3.79	3.93	4.11
2007-11-23	7.09	6.29	6.7	6.76
2007-11-24	1.35	0.794	1.28	0.438
2007-11-25	2.15	1.88	1.92	1.85
2007-11-26	0	0.0215	0	0.153
2007-11-27	0	0	0	0
2007-11-28	2.05	1.87	1.89	1.75
2007-11-29	9.93	9.67	9.77	10.1
2007-11-30	0	0.41	0	0.92
2007-12-01	18.2	16.2	16.9	16.4
2007-12-02	5.79	5.26	5.19	4.97
2007-12-03	3.67	2.77	3.17	2.51
2007-12-04	0.242	0.25	0.258	0.237
2007-12-05	4.29	4.09	4.16	4.14
2007-12-06	3.53	3.5	3.41	3.58
2007-12-07	14.4	12.3	13.1	12.1
2007-12-08	10.9	10.3	10.3	9.96
2007-12-09	0.158	0.124	0.171	0.18
2007-12-10	11.7	9.26	10.3	8.97
2007-12-11	0.463	0.333	0.375	0.296
2007-12-12	0	0	0	0
2007-12-13	0	0	0	0
2007-12-14	0	0	0	0
2007-12-15	0	0	0	0
2007-12-16	0	0	0	0
2007-12-17	0	0	0	0
2007-12-18	0	0	0	0
2007-12-19	0	0	0	0
2007-12-20	0	0	0	0
2007-12-21	0	0	0	0
2007-12-22	0	0	0	0
2007-12-23	0	0	0	0
2007-12-24	0	0.0464	0	0.00232
2007-12-25	1.99	1.87	1.94	1.96
2007-12-26	3.72	3.42	3.46	3.32
2007-12-27	0	0.00291	0	0
2007-12-28	0.0912	0.0539	0.0873	0.0298
2007-12-29	7	7.25	7.07	7.28
2007-12-30	0.763	0.789	0.734	0.699
2007-12-31	1.7	1.37	1.46	1.24
2008-01-01	9.41	8.37	8.94	8.67
2008-01-02	3.95	3.68	3.87	3.84
2008-01-03	3.66	3.49	3.58	3.59
2008-01-04	1.58	1.52	1.48	1.48
2008-01-05	2.69	2.67	2.6	2.77
2008-01-06	6.25	6.14	6.18	6.66
2008-01-07	0.256	0.3	0.619	0.219
2008-01-08	4.72	4.09	4.43	4.15
2008-01-09	4.53	4.54	4.49	4.72
2008-01-10	0	0	0	0
2008-01-11	5.57	5.75	5.57	6.09
2008-01-12	7.4	7.51	7.58	7.94
2008-01-13	0	0	0	0
2008-01-14	1.85	1.93	1.93	2.09
2008-01-15	0	0	0	0
2008-01-16	4.53	4.84	4.71	5.35
2008-01-17	1.75	2.12	1.92	2.28
2008-01-18	1.94	1.83	1.85	1.98
2008-01-19	6.32	6.26	6.21	6.53
2008-01-20	0	0	0	0
2008-01-21	0	0	0	0
2008-01-22	0	0	0	0
2008-01-23	1.1	1.19	1.18	1.41
2008-01-24	8.98	8.83	8.76	9.02
2008-01-25	0.941	1.27	1.14	1.38
2008-01-26	0	0	0	0
2008-01-27	0	0	0	0
2008-01-28	0	0	0	0
2008-01-29	0	0	0	0
2008-01-30	0	0	0	0
2008-01-31	2	2.14	2.07	2.37
2008-02-01	3.29	3.64	3.58	4.11
2008-02-02	4.12	3.91	4.07	4.1
2008-02-03	0.628	0.607	0.7	0.786
2008-02-04	0	0.0216	0	0
2008-02-05	0.415	0.342	0.494	0.481
2008-02-06	5.32	4.6	5.14	4.82
2008-02-07	1.08	1.06	1.12	1.14
2008-02-08	0	0	0	0
2008-02-09	1.02	0.748	0.818	0.681
2008-02-10	0	0	0	0
2008-02-11	0	0	0	0
2008-02-12	0	0	0	0
2008-02-13	0	0	0	0
2008-02-14	0	0	0	0
2008-02-15	0	0	0	0
2008-02-16	0	0	0	0
2008-02-17	0	0.00753	0	0.0589
2008-02-18	0	0.138	0	0.257
2008-02-19	0	0.00593	0	0.0453
2008-02-20	0	0	0	0
2008-02-21	0.469	0.26	0.405	0.137
2008-02-22	0	0	0	0
2008-02-23	0	0	0	0
2008-02-24	1.96	2.16	2.08	2.23
2008-02-25	0	0	0	0
2008-02-26	6.35	6.42	6.78	7.48
2008-02-27	0.788	1	0.837	0.934
2008-02-28	0	0	0	0
2008-02-29	1.16	1.31	1.34	1.62
2008-03-01	8.87	7.28	7.67	6.93
2008-03-02	1.83	1.7	1.73	1.74
2008-03-03	3.47	3.51	3.43	3.58
2008-03-04	0	0	0	0
2008-03-05	0	0	0	0
2008-03-06	0	0	0	0
2008-03-07	0	0	0	0
2008-03-08	5.27	5.1	5	5.15
2008-03-09	4.25	3.94	3.73	3.78
2008-03-10	2.89	2.81	2.75	2.87
2008-03-11	0	0.0767	0	0
2008-03-12	16.3	13.8	14.1	12.9
2008-03-13	3.82	3.12	3.32	2.92
2008-03-14	3.37	3.03	3.05	2.92
2008-03-15	0	0	0	0
2008-03-16	0.894	0.38	0.0506	0.935
2008-03-17	1.74	1.55	1.59	1.62
2008-03-18	2.71	2.28	2.51	2.27
2008-03-19	0.519	0.813	1.26	0.456
2008-03-20	0	0	0	0
2008-03-21	0	0	0	0
2008-03-22	0	0	0	0
2008-03-23	0	0	0	0
2008-03-24	0	0	0	0
2008-03-25	2.2	2.03	1.9	1.87
2008-03-26	0	0	0	0
2008-03-27	0	0	0	0
2008-03-28	0	0	0	0
2008-03-29	0	0	0	0
2008-03-30	0	0	0	0
2008-03-31	1.92	1.04	1.59	0.538
2008-04-01	0	0	0	0
2008-04-02	0.521	0.279	0.427	0.144
2008-04-03	0	0	0	0
2008-04-04	2.21	3.04	2.53	3.17
2008-04-05	0	0.032	0	0
2008-04-06	4.42	3.76	4.06	3.77
2008-04-07	14.1	12.4	12.5	11.9
2008-04-08	1.62	1.31	1.39	1.16
2008-04-09	6.95	6.95	6.5	6.52
2008-04-10	2.44	2.23	2.08	1.91
2008-04-11	0	0	0	0
2008-04-12	1.92	1.71	1.74	1.7
2008-04-13	4.66	4	3.97	3.5
2008-04-14	0.704	0.875	0.778	1.04
2008-04-15	0	0	0	0
2008-04-16	0	0	0	0
2008-04-17	0	0	0	0
2008-04-18	0	0	0	0
2008-04-19	0	0	0	0
2008-04-20	0	0	0	0
2008-04-21	0	0	0	0
2008-04-22	0	0	0	0
2008-04-23	0	0	0	0
2008-04-24	0	0	0	0
2008-04-25	0	0	0	0
2008-04-26	0.891	1.48	1.28	1.48
2008-04-27	0	0	0	0
2008-04-28	0	0	0	0
2008-04-29	0	0	0	0
2008-04-30	0	0	0	0
2008-05-01	0	0	0	0
2008-05-02	2.65	2.21	2.36	1.93
2008-05-03	1.07	1.14	1.18	1.12
2008-05-04	0	0	0	0
2008-05-05	0	0	0	0
2008-05-06	0	0	0	0
2008-05-07	0	0	0	0
2008-05-08	0	0	0	0
2008-05-09	0	0	0	0
2008-05-10	0	0	0	0
2008-05-11	0	0	0	0
2008-05-12	0	0	0	0
2008-05-13	0	0	0	0
2008-05-14	2.6	2.65	2.65	2.67
2008-05-15	0	0.015	0	0.143
2008-05-16	1.43	2.11	2.05	2.82
2008-05-17	1.78	1.71	2.03	2.18
2008-05-18	0	0	0	0
2008-05-19	0.989	1.06	1.12	1.01
2008-05-20	3.77	4.02	3.59	3.75
2008-05-21	0.478	1.13	1.16	1.36
2008-05-22	0	0	0	0
2008-05-23	0	0.0172	0	0.00206
2008-05-24	0	0	0	0
2008-05-25	0	0	0	0
2008-05-26	0	0	0	0
2008-05-27	0	0	0	0
2008-05-28	0	0	0	0
2008-05-29	0	0	0	0
2008-05-30	0	0	0	0
2008-05-31	0	0	0	0
2008-06-01	0	0	0	0
2008-06-02	0	0	0	0
2008-06-03	0	0	0	0
2008-06-04	0	0	0	0
2008-06-05	0	0	0	0
2008-06-06	0	0	0	0
2008-06-07	0	0	0	0
2008-06-08	1.8	2.04	2.04	1.85
2008-06-09	1.96	1.83	1.91	1.51
2008-06-10	9.56	10.6	9.39	10
2008-06-11	3.22	3.87	3.79	4.4
2008-06-12	0	0	0	0
2008-06-13	1.76	2.29	1.89	2.08
2008-06-14	8.9	5.84	5.67	5.15
2008-06-15	10.6	11	11.9	10.7
2008-06-16	0	0	0	0.132
2008-06-17	0.675	1.61	1.63	2.18
2008-06-18	0	0.104	0	0
2008-06-19	1.24	0.794	1.34	0.461
2008-06-20	2.11	2.43	2.39	2.53
2008-06-21	1	0.233	0.0569	0
2008-06-22	0	0	0	0
2008-06-23	12.2	13.5	12.7	12.8
2008-06-24	0	0	0	0
2008-06-25	0	0	0	0
2008-06-26	0	0	0	0
2008-06-27	0	0	0	0
2008-06-28	11.6	10	10.9	10.1
2008-06-29	0	0	0	0
2008-06-30	4.7	3.72	3.93	3.67
2008-07-01	0	0	0	0
2008-07-02	0	0	0	0.0948
2008-07-03	0	0	0	0
2008-07-04	0	0	0	0
2008-07-05	5.46	5.13	5.49	4.66
2008-07-06	1.82	2.73	2.54	2.75
2008-07-07	0	0	0	0.0651
2008-07-08	0	0	0	0
2008-07-09	1.77	1.06	1.47	0.495
2008-07-10	0	0	0	0
2008-07-11	2.17	1.87	1.93	2.09
2008-07-12	10.8	13.3	12.3	12.9
2008-07-13	2.89	2.93	3.08	3.58
2008-07-14	0	0	0	0
2008-07-15	3.79	3.57	3.65	3.61
2008-07-16	1.52	1.56	1.58	1.41
2008-07-17	3.43	2.36	2.78	2.34
2008-07-18	4.15	4.09	3.88	3.6
2008-07-19	0	0	0	0
2008-07-20	5.73	3.42	3.37	2.45
2008-07-21	0	0.473	0	0.526
2008-07-22	0	0	0	0
2008-07-23	0	0	0	0
2008-07-24	1.16	0.72	1.2	0.41
2008-07-25	0	0	0	0
2008-07-26	0	0	0	0
2008-07-27	0	0	0	0
2008-07-28	0	0	0	0
2008-07-29	0	0	0	0
2008-07-30	0	0	0	0
2008-07-31	0	0	0	0
2008-08-01	0	0.568	0	0.0262
2008-08-02	7.81	8.96	9.62	10.5
2008-08-03	21.5	21.6	22.8	22.3
2008-08-04	5.06	3.84	5.43	4.84
2008-08-05	0	0	0	0
2008-08-06	0	0	0	0
2008-08-07	3.73	3.18	3.55	2.92
2008-08-08	0	0	0	0
2008-08-09	0	0	0	0
2008-08-10	0	0	0	0.264
2008-08-11	6.24	6.15	6.26	6.28
2008-08-12	0	0	0	0
2008-08-13	4.52	4.82	4.46	4.17
2008-08-14	5.99	5.26	5.32	5.31
2008-08-15	0	0	0	0
2008-08-16	0	0	0	0
2008-08-17	9.91	9.62	9.27	8.93
2008-08-18	9.21	9.04	8.34	8.42
2008-08-19	3.41	3.28	2.57	2.6
2008-08-20	5.26	5.53	5.01	5.96
2008-08-21	6.29	6.57	6.12	6.39
2008-08-22	0	0	0	0
2008-08-23	0	0	0	0
2008-08-24	0	0	0	0
2008-08-25	0	0	0	0
2008-08-26	0	0	0	0
2008-08-27	9.59	10	9.75	8.92
2008-08-28	23.7	27.9	25.1	26.1
2008-08-29	2.26	2.75	2.63	2.9
2008-08-30	0	0	0	0
2008-08-31	0	0	0	0
2008-09-01	0	0	0	0
2008-09-02	9.29	7.77	7.46	6.6
2008-09-03	4.52	3.55	3.33	3.05
2008-09-04	0.889	1.01	0.831	0.883
2008-09-05	2.83	2.58	2.13	2.07
2008-09-06	0	0	0	0
2008-09-07	0	0	0	0
2008-09-08	0	0	0	0
2008-09-09	8.17	5.73	6.35	5.11
2008-09-10	1.21	0.76	0.828	0.716
2008-09-11	1.47	0.921	1.14	0.752
2008-09-12	0	0	0	0
2008-09-13	0	0	0	0
2008-09-14	0.238	0.0552	0.0135	0
2008-09-15	0	0	0	0
2008-09-16	0	0	0	0
2008-09-17	0.833	0.428	0.572	0.19
2008-09-18	2.14	1.24	1.24	0.71
2008-09-19	0	0	0	0
2008-09-20	0	0	0	0
2008-09-21	0	0	0	0
2008-09-22	0	0	0	0
2008-09-23	0	0	0	0
2008-09-24	0	0	0	0
2008-09-25	0	0	0	0
2008-09-26	0	0	0	0
2008-09-27	0.487	0.507	0.514	0.594
2008-09-28	0	0	0	0
2008-09-29	0	0	0	0
2008-09-30	3.3	2.53	2.74	2.55
2008-10-01	28.7	25.9	27.1	25
2008-10-02	25.3	22.8	23.5	20.8
2008-10-03	4.03	3.47	3.48	2.87
2008-10-04	2.15	2.37	2.26	2.51
2008-10-05	9.99	9.42	9.44	8.97
2008-10-06	0	0	0	0
2008-10-07	0	0	0	0
2008-10-08	0.255	0.732	0.618	0.812
2008-10-09	12.1	12.6	12	12.4
2008-10-10	0.635	0.47	0.635	0.596
2008-10-11	0.26	0.297	0.0147	0.00856
2008-10-12	0	0	0	0
2008-10-13	0	0	0	0
2008-10-14	0.469	0.109	0.0266	0
2008-10-15	0	0	0	0
2008-10-16	8.95	7.82	7.82	6.63
2008-10-17	1.11	1.04	0.991	0.889
2008-10-18	0	0	0	0
2008-10-19	0.581	0.418	0.584	0.201
2008-10-20	0	0.264	0	0.0104
2008-10-21	0	0	0	0
2008-10-22	0	0	0	0
2008-10-23	0.675	0.538	0.72	0.778
2008-10-24	0	0	0	0
2008-10-25	3.25	3.22	3.19	3.21
2008-10-26	0	0	0	0
2008-10-27	0	0.448	0	0.448
2008-10-28	0	0	0	0
2008-10-29	1.04	1.04	0.983	0.934
2008-10-30	0	0	0	0
2008-10-31	2.79	2.18	2.54	2.05
2008-11-01	0	0	0	0
2008-11-02	0	0	0	0
2008-11-03	0	0.249	0	0.0112
2008-11-04	0	0	0	0
2008-11-05	0	0	0	0
2008-11-06	0	0	0	0
2008-11-07	0	0.0814	0	0.442
2008-11-08	2.71	2.64	2.98	2.72
2008-11-09	2.7	2.77	2.81	2.95
2008-11-10	1.8	1.98	1.97	2.16
2008-11-11	0	0	0	0
2008-11-12	0	0	0	0
2008-11-13	0	0	0	0
2008-11-14	4.35	4.24	4.16	4.25
2008-11-15	3.02	3.21	3.02	3.06
2008-11-16	0	0	0	0
2008-11-17	0	0	0	0
2008-11-18	3.73	3.79	3.91	4.14
2008-11-19	0.801	0.873	0.844	0.955
2008-11-20	0	0	0	0
2008-11-21	0	0	0	0
2008-11-22	0	0	0	0
2008-11-23	0.754	0.436	0.699	0.238
2008-11-24	4.58	4.65	4.71	4.75
2008-11-25	0	0	0	0
2008-11-26	0.736	0.852	0.791	0.853
2008-11-27	0.746	1	0.86	0.968
2008-11-28	0	0	0	0
2008-11-29	6.98	6.71	6.87	6.82
2008-11-30	8.07	7.53	7.67	7.34
2008-12-01	0	0	0	0
2008-12-02	13.4	11.9	13	12
2008-12-03	11.5	12.4	12	12.4
2008-12-04	1.74	1.37	1.41	1.05
2008-12-05	0.919	0.868	0.928	0.966
2008-12-06	1.35	1.39	1.35	1.54
2008-12-07	0	0	0	0
2008-12-08	6.83	6.77	6.84	6.82
2008-12-09	0	0	0	0
2008-12-10	0.633	0.681	0.683	0.722
2008-12-11	5.83	5.61	5.71	5.43
2008-12-12	12.2	11	11.3	10
2008-12-13	0.355	0.0823	0.0201	0
2008-12-14	1.39	1.38	1.41	1.36
2008-12-15	0	0	0	0
2008-12-16	0	0	0	0
2008-12-17	0.686	0.822	0.794	0.92
2008-12-18	0.196	0.28	0.475	0.168
2008-12-19	0	0	0	0
2008-12-20	3.33	3.18	3.1	2.98
2008-12-21	5.46	5.26	5.35	5.16
2008-12-22	0.721	0.877	0.821	1.01
2008-12-23	0	0	0	0
2008-12-24	1.1	1.28	1.21	1.34
2008-12-25	0	0	0	0
2008-12-26	0	0	0	0
2008-12-27	0	0	0	0
2008-12-28	0	0	0	0
2008-12-29	0	0	0	0
2008-12-30	0	0	0	0
2008-12-31	0	0	0	0
2009-01-01	0	0	0	0
2009-01-02	0.554	0.8	0.645	0.819
2009-01-03	0.378	0.533	0.474	0.653
2009-01-04	0	0	0	0
2009-01-05	0	0	0	0
2009-01-06	0	0.0274	0	0.00163
2009-01-07	0	0	0	0
2009-01-08	1.71	2.03	1.71	1.94
2009-01-09	0	0	0	0
2009-01-10	0	0	0	0
2009-01-11	0.446	0.431	0.418	0.416
2009-01-12	0	0	0	0
2009-01-13	0	0	0	0
2009-01-14	1.67	1.75	1.59	1.71
2009-01-15	0	0	0	0
2009-01-16	0	0	0	0
2009-01-17	0	0	0	0
2009-01-18	0.247	0.315	0.266	0.378
2009-01-19	2.56	2.65	2.46	2.71
2009-01-20	8.76	8.48	7.9	7.81
2009-01-21	0.154	0.159	0.147	0.203
2009-01-22	0	0	0	0
2009-01-23	0.689	0.811	0.721	0.859
2009-01-24	4.8	4.18	4.41	4.24
2009-01-25	9.91	9.27	9.17	9.18
2009-01-26	1.07	0.915	0.875	0.739
2009-01-27	0.158	0.251	0.198	0.246
2009-01-28	0.0976	0.0811	0.0953	0.098
2009-01-29	0	0	0	0
2009-01-30	0	0	0	0
2009-01-31	0	0	0	0
2009-02-01	0	0	0	0
2009-02-02	0	0	0	0
2009-02-03	0	0	0	0
2009-02-04	0.541	0.817	0.616	0.732
2009-02-05	0.592	0.707	0.62	0.69
2009-02-06	2.57	2.52	2.54	2.47
2009-02-07	4.62	5.06	4.81	4.95
2009-02-08	9.71	10.7	10.2	10.9
2009-02-09	0	0	0	0
2009-02-10	0	0	0	0
2009-02-11	0	0	0	0
2009-02-12	0	0	0	0
2009-02-13	0	0	0	0
2009-02-14	0	0	0	0
2009-02-15	0	0	0	0
2009-02-16	0	0	0	0
2009-02-17	0	0	0	0
2009-02-18	0.912	1.18	1.08	1.31
2009-02-19	0	0	0	0
2009-02-20	0	0.315	0	0.486
2009-02-21	1.55	1.75	1.7	2.03
2009-02-22	5.59	5.15	5.31	4.83
2009-02-23	1.16	1.26	1.19	1.27
2009-02-24	0	0	0	0
2009-02-25	0.581	0.825	0.738	0.99
2009-02-26	8.93	9.23	9.17	9.07
2009-02-27	0.64	0.657	0.55	0.249
2009-02-28	0.705	0.658	0.684	0.574
2009-03-01	0.646	0.628	0.671	0.731
2009-03-02	4.24	3.94	4.07	3.85
2009-03-03	0	0	0	0
2009-03-04	1.1	0.808	1	0.932
2009-03-05	1.2	1.08	1.13	1
2009-03-06	0	0	0	0
2009-03-07	0	0	0	0
2009-03-08	9	8.82	8.92	9.01
2009-03-09	2.28	2.1	2.07	1.85
2009-03-10	6.61	6.29	6.42	6.11
2009-03-11	0	0	0	0
2009-03-12	0	0	0	0
2009-03-13	0	0	0	0
2009-03-14	0	0	0	0
2009-03-15	0	0	0	0
2009-03-16	1.31	1.25	1.24	1.16
2009-03-17	0	0	0	0
2009-03-18	0	0	0	0
2009-03-19	0	0	0	0
2009-03-20	0	0	0	0
2009-03-21	0.263	0.648	0.637	0.655
2009-03-22	1.42	1.65	1.65	2
2009-03-23	3.52	3.89	3.7	4.11
2009-03-24	0	0	0	0
2009-03-25	0	0	0	0
2009-03-26	0	0	0	0
2009-03-27	0.364	0.0845	0.0206	0
2009-03-28	7.19	5.87	6.57	5.62
2009-03-29	2.41	2.71	2.82	3.12
2009-03-30	0	0	0	0
2009-03-31	0	0	0	0
2009-04-01	0	0	0	0
2009-04-02	0	0	0	0
2009-04-03	1.02	1.33	0.889	1.02
2009-04-04	0	0.177	0	0.00752
2009-04-05	1.15	1.15	0.948	1.05
2009-04-06	0	0	0	0
2009-04-07	0	0	0	0
2009-04-08	2.02	1.98	1.65	1.84
2009-04-09	0	0.065	0	0
2009-04-10	0	0	0	0
2009-04-11	0	0	0	0
2009-04-12	0	0	0	0
2009-04-13	1.73	1.67	1.44	1.6
2009-04-14	0	0	0	0
2009-04-15	0.624	0.421	0.525	0.628
2009-04-16	1.94	1.62	1.65	1.7
2009-04-17	0	0	0	0
2009-04-18	0	0	0	0
2009-04-19	0	0	0	0
2009-04-20	0	0	0	0
2009-04-21	0	0	0	0
2009-04-22	0	0	0	0
2009-04-23	0	0	0	0
2009-04-24	0	0	0	0
2009-04-25	0	0	0	0
2009-04-26	0	0	0	0
2009-04-27	0	0	0	0
2009-04-28	0.857	0.879	0.64	0.662
2009-04-29	0	0	0	0
2009-04-30	0	0	0	0
2009-05-01	0	0	0	0
2009-05-02	0	0	0	0
2009-05-03	0	0	0	0.0974
2009-05-04	1.59	1.62	1.82	2.11
2009-05-05	6.4	5.71	6.03	5.67
2009-05-06	0	0.352	0	0.0148
2009-05-07	3.17	3.92	3.54	3.88
2009-05-08	0	0.129	0	0.681
2009-05-09	0	0	0	0
2009-05-10	1	1.12	1.02	0.935
2009-05-11	0	0	0	0
2009-05-12	0.621	0.278	0.0352	0.00185
2009-05-13	1.46	0.781	1.19	0.402
2009-05-14	0	0	0	0
2009-05-15	0	0	0	0
2009-05-16	0	0	0	0
2009-05-17	0	0	0	0
2009-05-18	0	0	0	0
2009-05-19	0	0	0	0
2009-05-20	2.3	3.3	3.05	3.02
2009-05-21	6.14	5.92	5.95	6.06
2009-05-22	0.639	1.46	1.55	1.83
2009-05-23	0	0	0	0
2009-05-24	0	0	0	0
2009-05-25	0	0	0	0
2009-05-26	1.43	1.33	1.39	1.28
2009-05-27	0	0.0235	0	0.00281
2009-05-28	0	0	0	0
2009-05-29	0	0	0	0
2009-05-30	0	0	0	0
2009-05-31	0	0	0	0
2009-06-01	0	0	0	0
2009-06-02	0	0	0	0
2009-06-03	2.3	1.92	1.96	1.6
2009-06-04	5.15	4.95	5	5.18
2009-06-05	0.535	0.124	0.0303	0
2009-06-06	1.16	3.23	2.8	4.05
2009-06-07	2.56	2.62	2.6	2.8
2009-06-08	0	0.0135	0	0.00161
2009-06-09	0	0	0	0
2009-06-10	5.18	5.36	5.07	5.15
2009-06-11	2.52	2.41	2.46	2.39
2009-06-12	0	0	0	0
2009-06-13	3.75	5.75	5.2	7.58
2009-06-14	21.1	22.4	20.6	22.5
2009-06-15	0	0.245	0	0.119
2009-06-16	0	0	0	0
2009-06-17	0	0	0	0
2009-06-18	0.44	0.988	1.06	1.3
2009-06-19	0.516	0.499	0.0292	0.868
2009-06-20	5.4	4.86	5.28	5.29
2009-06-21	0	0	0	0
2009-06-22	2.25	1.41	1.63	1.07
2009-06-23	2.77	1.44	1.92	0.637
2009-06-24	0	0	0	0
2009-06-25	0	0	0	0
2009-06-26	0	0	0	0
2009-06-27	0	0	0	0
2009-06-28	0	0	0	0
2009-06-29	0	0	0	0
2009-06-30	0	0	0	0
2009-07-01	0	0	0	0
2009-07-02	0	0	0	0
2009-07-03	4.67	4.96	4.93	5.25
2009-07-04	1.46	0.339	0.0828	0
2009-07-05	0	0	0	0
2009-07-06	10.4	13.6	11.9	13
2009-07-07	3.18	5.28	4.21	5.14
2009-07-08	0	0.681	0	0.0284
2009-07-09	16	14.1	15.9	14.1
2009-07-10	9.32	9.45	8.96	9.45
2009-07-11	0	0	0	0
2009-07-12	4.84	4.14	3.59	4.46
2009-07-13	7.32	7.11	6.21	6.99
2009-07-14	1.62	4.57	3.93	5.85
2009-07-15	0	0	0	0
2009-07-16	4.14	4.05	3.54	3.55
2009-07-17	0	0	0	0
2009-07-18	0	0	0	0
2009-07-19	12.8	12.3	14	13.5
2009-07-20	14.7	17.7	17.3	19.7
2009-07-21	0	0.399	0	0.024
2009-07-22	0	0	0	0
2009-07-23	9.57	10.8	10.6	12.2
2009-07-24	26	26.1	27	27.6
2009-07-25	5.31	3.45	4.7	3.7
2009-07-26	2.89	3.56	3.45	4.24
2009-07-27	0	0	0	0.156
2009-07-28	6.64	5.73	6.31	5.32
2009-07-29	0	0.337	0	1.71
2009-07-30	0	0	0	0
2009-07-31	0	0	0	0
2009-08-01	8.65	6.64	7.45	6.32
2009-08-02	2.25	2	2.32	2.17
2009-08-03	0	0	0	0
2009-08-04	1.01	1.35	1.34	1.7
2009-08-05	1.27	1.44	1.33	1.42
2009-08-06	0	0	0	0
2009-08-07	0	0	0	0
2009-08-08	0	0.223	0	0.0122
2009-08-09	0	0.207	0	0.936
2009-08-10	4.1	3.63	3.39	4.12
2009-08-11	4.65	6.23	5.61	7.01
2009-08-12	0	0	0	0
2009-08-13	0	0	0	0
2009-08-14	0	0	0	0
2009-08-15	1.26	0.997	1.35	1.5
2009-08-16	18.1	17.4	18.1	17.6
2009-08-17	0	0	0	0
2009-08-18	4.62	4.6	4.88	5.25
2009-08-19	0	0	0	0
2009-08-20	0	0	0	0
2009-08-21	11.2	13.5	13	16.5
2009-08-22	15.4	15	15.1	15.1
2009-08-23	0	0	0	0
2009-08-24	0	0	0	0
2009-08-25	0	0	0	0
2009-08-26	5.53	5.09	5.37	5.27
2009-08-27	0.462	0.632	1.12	0.534
2009-08-28	6.97	7.43	7.53	8.42
2009-08-29	0	0.0146	0	0.148
2009-08-30	0	0	0	0
2009-08-31	0.715	0.166	0.0405	0
2009-09-01	0	0	0	0
2009-09-02	0.703	0.953	0.806	0.948
2009-09-03	1.05	1.11	1.13	1.21
2009-09-04	22.2	21.6	20.7	21.1
2009-09-05	7.55	6.69	6.99	6.47
2009-09-06	0	0	0	0
2009-09-07	0	0	0	0
2009-09-08	0.797	0.943	0.896	0.891
2009-09-09	0	0	0	0
2009-09-10	0	0	0	0
2009-09-11	0	0	0	0
2009-09-12	1.62	1.98	1.83	1.84
2009-09-13	0	0	0	0
2009-09-14	0	0	0	0
2009-09-15	0	0	0	0
2009-09-16	0.59	0.797	0.667	0.715
2009-09-17	0	0	0	0
2009-09-18	0.256	0.711	0.62	0.763
2009-09-19	0	0	0	0
2009-09-20	3.79	3.77	4	4.03
2009-09-21	0	0	0	0
2009-09-22	1.36	1.08	1.17	0.749
2009-09-23	0	0	0	0
2009-09-24	0	0	0	0
2009-09-25	0.24	0.0558	0.0136	0.0619
2009-09-26	0	0	0	0
2009-09-27	2.58	2.53	2.87	2.89
2009-09-28	0	0.0136	0	0.00163
2009-09-29	0.478	0.713	0.611	0.67
2009-09-30	0	0	0	0
2009-10-01	0	0	0	0
2009-10-02	0	0	0	0
2009-10-03	11.1	10.3	10.9	10.4
2009-10-04	5.42	7.56	6.29	7.19
2009-10-05	0	0	0	0
2009-10-06	10.1	10.2	10.2	10.4
2009-10-07	1.32	1.68	1.5	1.87
2009-10-08	0	0	0	0
2009-10-09	0	0	0	0
2009-10-10	0	0	0	0
2009-10-11	0	0	0	0
2009-10-12	1.74	2.24	2.15	2.53
2009-10-13	0	0	0	0
2009-10-14	0	0	0	0
2009-10-15	0	0.0335	0	0
2009-10-16	9.01	7.86	8.58	7.8
2009-10-17	0	0	0	0
2009-10-18	6.41	6.11	6.11	5.97
2009-10-19	4.63	4.58	4.55	4.58
2009-10-20	0	0	0	0
2009-10-21	0	0	0	0
2009-10-22	0.294	0.445	0.408	0.524
2009-10-23	1.19	1.28	1.32	1.36
2009-10-24	1.87	1.89	1.93	1.93
2009-10-25	3.71	3.19	3.34	2.97
2009-10-26	1.74	1.49	1.58	1.36
2009-10-27	0	0	0	0
2009-10-28	0	0	0	0
2009-10-29	0	0	0	0
2009-10-30	0	0	0	0
2009-10-31	0	0	0	0
2009-11-01	0	0	0	0
2009-11-02	0	0.652	0	1.23
2009-11-03	0	0	0	0
2009-11-04	4.69	4.12	4.29	4.12
2009-11-05	11.5	10.3	11	10.3
2009-11-06	12.6	12.2	12.3	12.8
2009-11-07	2.25	1.94	2.06	1.8
2009-11-08	0	0	0	0
2009-11-09	0	0	0	0
2009-11-10	0	0	0	0
2009-11-11	0	0	0	0
2009-11-12	0	0	0	0
2009-11-13	0	0	0	0
2009-11-14	7.51	6.97	7.29	7.18
2009-11-15	5.68	5.29	5.7	5.78
2009-11-16	2.62	2.39	2.35	2.39
2009-11-17	4.64	3.97	4.1	3.9
2009-11-18	4.07	4.06	3.94	4.09
2009-11-19	1.44	0.974	1.4	0.478
2009-11-20	2.97	2.86	2.84	2.7
2009-11-21	0	0	0	0
2009-11-22	11.2	11.3	11	11
2009-11-23	1.73	1.01	1.63	0.557
2009-11-24	2.72	2.45	2.47	2.48
2009-11-25	8.88	8.37	8.52	7.81
2009-11-26	0	0	0	0
2009-11-27	0	0	0	0
2009-11-28	0	0	0	0
2009-11-29	1.68	2.16	1.96	2.5
2009-11-30	13	12	12.3	12.5
2009-12-01	0	0	0	0
2009-12-02	0	0	0	0
2009-12-03	0	0	0	0
2009-12-04	1.92	1.73	1.82	1.72
2009-12-05	2.05	2.08	2.21	2.38
2009-12-06	4.13	3.24	3.54	2.83
2009-12-07	3.3	3.08	3.2	3.12
2009-12-08	0.486	1.01	1.18	1.24
2009-12-09	0.805	0.27	0.0456	0
2009-12-10	0	0	0	0
2009-12-11	0	0	0	0
2009-12-12	0	0	0	0
2009-12-13	0	0	0	0
2009-12-14	3.06	3.6	3.54	4.02
2009-12-15	9.97	8.43	9.26	8.23
2009-12-16	2.09	1.4	1.93	1.51
2009-12-17	0	0	0	0
2009-12-18	0	0	0	0
2009-12-19	0	0	0	0
2009-12-20	12.5	10.9	11.9	10.5
2009-12-21	1.5	1.11	1.43	0.6
2009-12-22	0	0	0	0
2009-12-23	0	0	0	0
2009-12-24	2.73	3.17	3.1	3.42
2009-12-25	3.47	3.2	3.23	3.04
2009-12-26	12.5	11.7	12.3	11.7
2009-12-27	3	2.86	2.78	2.51
2009-12-28	3.85	3.09	3.26	2.69
2009-12-29	0	0	0	0
2009-12-30	0	0	0	0
2009-12-31	2.65	2.4	2.52	2.26
2010-01-01	5.9	4.7	4.86	4.15
2010-01-02	0.801	0.628	0.69	0.561
2010-01-03	0	0	0	0
2010-01-04	0.545	0.455	0.436	0.332
2010-01-05	0	0	0	0
2010-01-06	0	0	0	0
2010-01-07	0	0	0	0
2010-01-08	0	0	0	0
2010-01-09	0	0	0	0
2010-01-10	0	0	0	0
2010-01-11	0	0	0	0
2010-01-12	0	0	0	0
2010-01-13	0	0	0	0
2010-01-14	0.149	0.0345	0.00843	0
2010-01-15	0	0	0	0
2010-01-16	0.284	0.311	0.278	0.333
2010-01-17	0.854	0.887	0.771	0.932
2010-01-18	1.11	1.02	0.958	1.01
2010-01-19	0	0	0	0
2010-01-20	0.563	0.538	0.519	0.554
2010-01-21	0.789	0.768	0.714	0.73
2010-01-22	0.79	0.766	0.696	0.709
2010-01-23	0.0696	0.111	0.168	0.217
2010-01-24	0	0.0346	0	0.00189
2010-01-25	0.36	0.593	0.444	0.544
2010-01-26	0	0	0	0
2010-01-27	13.4	11.2	10.9	9.57
2010-01-28	7.59	6.38	6.39	5.75
2010-01-29	0.713	0.485	0.553	0.415
2010-01-30	0.363	0.197	0.258	0.0861
2010-01-31	0	0.0155	0	0
2010-02-01	4.23	4.2	4.23	4.52
2010-02-02	0	0	0	0
2010-02-03	3.29	2.59	2.75	2.4
2010-02-04	11.6	9.97	10.3	9.78
2010-02-05	0	0.266	0	0.011
2010-02-06	1.08	1.02	0.994	0.972
2010-02-07	0	0	0	0
2010-02-08	0	0	0	0
2010-02-09	0.781	0.448	0.715	0.304
2010-02-10	0	0	0	0
2010-02-11	0.827	0.94	0.845	0.94
2010-02-12	0	0	0	0
2010-02-13	0	0	0	0
2010-02-14	0	0	0	0
2010-02-15	0	0	0	0
2010-02-16	0	0	0	0
2010-02-17	3.88	3.13	3.43	3.01
2010-02-18	1.11	0.741	0.926	0.717
2010-02-19	2.37	2	2.2	2.05
2010-02-20	1.7	1.39	1.61	1.55
2010-02-21	4.4	3.95	4.08	3.93
2010-02-22	0	0	0	0
2010-02-23	0	0	0	0.0649
2010-02-24	0	0	0	0
2010-02-25	0	0	0	0
2010-02-26	4.28	4.06	4	3.98
2010-02-27	6.57	6.47	6.34	6.59
2010-02-28	3.95	3.77	3.67	3.62
2010-03-01	1.44	1.13	1.3	1.05
2010-03-02	0	0	0	0
2010-03-03	0	0	0	0
2010-03-04	0	0	0	0
2010-03-05	0	0	0	0
2010-03-06	0	0	0	0
2010-03-07	1.61	1.44	1.63	1.29
2010-03-08	0	0	0	0
2010-03-09	0	0	0	0
2010-03-10	0	0	0	0
2010-03-11	0	0	0	0
2010-03-12	0	0	0	0
2010-03-13	0	0	0	0
2010-03-14	0	0	0	0
2010-03-15	0	0	0	0
2010-03-16	0	0	0	0
2010-03-17	0	0	0	0
2010-03-18	1.13	1.21	1.14	1.15
2010-03-19	1.66	1.8	1.58	1.59
2010-03-20	0	0.0622	0	0
2010-03-21	0.558	0.441	0.506	0.179
2010-03-22	0	0	0	0
2010-03-23	0	0	0	0
2010-03-24	0	0	0	0
2010-03-25	1.64	1.74	1.52	1.44
2010-03-26	0	0	0	0
2010-03-27	5.34	5.71	5.28	5.24
2010-03-28	1.38	1.2	1.18	1.02
2010-03-29	0.916	0.921	0.91	0.919
2010-03-30	0.484	0.584	0.52	0.571
2010-03-31	0	0	0	0
2010-04-01	4.41	4.76	4.4	4.61
2010-04-02	0	0	0	0
2010-04-03	0	0.144	0	0.072
2010-04-04	0	0	0	0
2010-04-05	1.99	1.88	1.84	1.72
2010-04-06	0	0	0	0
2010-04-07	0	0	0	0
2010-04-08	0.858	1.17	0.883	1.09
2010-04-09	4.33	4.35	4.08	4.26
2010-04-10	0	0	0	0
2010-04-11	0	0	0	0
2010-04-12	0	0	0	0
2010-04-13	0	0	0	0
2010-04-14	0	0	0	0
2010-04-15	2.14	2.71	2.08	2.25
2010-04-16	0	0	0	0
2010-04-17	2.05	2.63	2.34	2.62
2010-04-18	0	0.033	0	0
2010-04-19	0	0.0489	0	0.222
2010-04-20	0	0	0	0
2010-04-21	0	0	0	0
2010-04-22	0	0	0	0
2010-04-23	2.02	2.05	1.86	2.13
2010-04-24	0	0	0	0
2010-04-25	0	0	0	0
2010-04-26	0	0	0	0
2010-04-27	0	0	0	0
2010-04-28	0	0	0	0
2010-04-29	0.467	0.44	0.344	0.125
2010-04-30	1.36	1.87	1.41	1.72
2010-05-01	2.76	3.5	3.05	3.26
2010-05-02	0	0	0	0
2010-05-03	0	0	0	0
2010-05-04	3.47	5.55	4.42	5.31
2010-05-05	0	0	0	0
2010-05-06	0	0	0	0
2010-05-07	0	0	0	0
2010-05-08	0	0	0	0
2010-05-09	0	0	0	0
2010-05-10	2.37	3	2.65	2.94
2010-05-11	0	0	0	0
2010-05-12	0	0	0	0
2010-05-13	3.49	5.14	4.56	6.21
2010-05-14	7.86	8.64	8.74	9.34
2010-05-15	0	0.0333	0	0.00399
2010-05-16	2.29	2.91	2.67	3.02
2010-05-17	0	0	0	0
2010-05-18	1.39	0.543	0.0789	0
2010-05-19	1.44	3.63	3.48	4.21
2010-05-20	5.79	5.69	5.35	5.76
2010-05-21	0	0	0	0
2010-05-22	2.78	2.78	3.06	3.1
2010-05-23	11.6	11.2	12.2	12.1
2010-05-24	0	0	0	0
2010-05-25	0	0	0	0
2010-05-26	0	0	0	0
2010-05-27	0	1.56	0	1.97
2010-05-28	2.77	2.38	3.05	1.08
2010-05-29	0	0	0	0
2010-05-30	0	0	0	0
2010-05-31	0	0	0	0
2010-06-01	0	0	0	0
2010-06-02	0	0	0	0
2010-06-03	0	0.15	0	0.67
2010-06-04	0	0	0	0
2010-06-05	0	0	0	0
2010-06-06	0.401	0.093	0.0227	0
2010-06-07	0	0	0	0
2010-06-08	0	0.415	0	0.0199
2010-06-09	0.261	1.25	0.631	0.362
2010-06-10	0	0	0	0
2010-06-11	1.03	0.56	0.867	0.293
2010-06-12	12.4	9.63	10.7	10
2010-06-13	2.12	2.08	1.92	2.02
2010-06-14	1.36	1.17	1.09	0.957
2010-06-15	3.27	1.86	2.4	1.5
2010-06-16	0	0	0	0
2010-06-17	3.42	3.41	3.46	3.34
2010-06-18	13.4	13.4	12.3	13.3
2010-06-19	4.2	3.91	3.78	3.95
2010-06-20	0.551	0.888	0.704	0.955
2010-06-21	0	0	0	0
2010-06-22	0	0	0	0
2010-06-23	0	0	0	0
2010-06-24	0	0	0	0
2010-06-25	6.48	5.95	5.25	5.18
2010-06-26	0	0	0	0
2010-06-27	0	0	0	0
2010-06-28	0	0	0	0
2010-06-29	0	0	0	0
2010-06-30	5.8	7.12	5.82	7.47
2010-07-01	0	0.202	0	0.00703
2010-07-02	0	0	0	0
2010-07-03	0	0	0	0
2010-07-04	4.58	4.38	4.28	4.91
2010-07-05	0	0	0	0
2010-07-06	0	0.101	0	0.456
2010-07-07	0	0	0	0
2010-07-08	0	0	0	0
2010-07-09	0	0	0	0
2010-07-10	0.654	0.455	0.798	0.276
2010-07-11	5.54	7.62	6.93	8.03
2010-07-12	0	0	0	0
2010-07-13	0.572	1.38	1.39	2
2010-07-14	0	0	0	0
2010-07-15	0	0.166	0	0.856
2010-07-16	3.8	4.29	4.33	3.91
2010-07-17	6.5	8.1	8.25	9.1
2010-07-18	0	0.058	0	0
2010-07-19	0	0	0	0
2010-07-20	0.827	0.192	0.0468	0.081
2010-07-21	0	0	0	0
2010-07-22	5.83	6.36	6.48	6.79
2010-07-23	0	0	0	0
2010-07-24	0	0	0	0
2010-07-25	29.5	32	34.6	35.1
2010-07-26	1.63	1.97	2.02	2.22
2010-07-27	0.309	0.636	0.747	0.93
2010-07-28	2.86	4	3.93	5.06
2010-07-29	8.51	8.95	9.77	9.48
2010-07-30	7.22	7.1	6.8	8.14
2010-07-31	2.71	3.21	3.31	4.12
2010-08-01	2.44	2.55	2.4	2.57
2010-08-02	0	0	0	0
2010-08-03	3.63	3.32	3.11	3.35
2010-08-04	4.15	3.97	4.02	3.86
2010-08-05	0	0	0	0
2010-08-06	0	0	0	0
2010-08-07	0	0	0	0
2010-08-08	2.46	2.15	2.23	1.75
2010-08-09	7.4	9.88	8.14	8.97
2010-08-10	6.06	7.18	6.95	9.19
2010-08-11	0.528	0.123	0.0299	0
2010-08-12	0	0.541	0	1.28
2010-08-13	0	0	0	0
2010-08-14	0	0	0	0
2010-08-15	0	0	0	0
2010-08-16	0	0	0	0
2010-08-17	0	0	0	0
2010-08-18	2.68	3.04	3.14	3.36
2010-08-19	0	0	0	0
2010-08-20	0	0	0	0
2010-08-21	1.57	2.03	2.01	2.14
2010-08-22	0.417	0.507	1.01	0.501
2010-08-23	0	0	0	0
2010-08-24	16.9	15	16.5	15.1
2010-08-25	10.3	10.4	9.65	10.5
2010-08-26	0	0	0	0
2010-08-27	0	0	0	0
2010-08-28	0	0	0	0
2010-08-29	0	0	0	0
2010-08-30	3.7	4.04	3.89	4.26
2010-08-31	2.77	2.69	2.44	2.47
2010-09-01	0	0	0	0
2010-09-02	0	0	0	0
2010-09-03	0	0	0	0
2010-09-04	0	0	0	0
2010-09-05	0	0	0	0
2010-09-06	0	0	0	0
2010-09-07	0	0	0	0
2010-09-08	0	0	0	0
2010-09-09	0	0	0	0
2010-09-10	0.729	0.641	0.709	0.584
2010-09-11	1.11	1.18	1.23	1.34
2010-09-12	5.58	5.87	5.61	5.69
2010-09-13	1.03	1.18	1.23	1.27
2010-09-14	5	4.38	4.15	3.86
2010-09-15	0	0.205	0	0.0628
2010-09-16	6.19	4.56	4.55	3.88
2010-09-17	4.52	5.44	4.96	5.92
2010-09-18	5.47	4.6	4.41	3.91
2010-09-19	1.41	1.14	1.52	1.05
2010-09-20	1.99	2.67	2.42	2.86
2010-09-21	8.85	9.17	9.1	9.31
2010-09-22	0	0	0	0
2010-09-23	3.2	3.48	3.64	4.07
2010-09-24	16	21.7	19.2	22.3
2010-09-25	9.05	9.03	9.07	9.25
2010-09-26	0	0	0	0
2010-09-27	0	0	0	0
2010-09-28	0	0	0	0
2010-09-29	0	0	0	0
2010-09-30	0	0	0	0
2010-10-01	0	0	0	0
2010-10-02	0	0	0	0
2010-10-03	0.386	0.42	0.418	0.411
2010-10-04	0.432	1.32	1.05	1.5
2010-10-05	0	0	0	0
2010-10-06	0	0	0	0
2010-10-07	2.75	2.44	2.64	2.34
2010-10-08	0	0	0	0
2010-10-09	0	0	0	0
2010-10-10	0	0	0	0
2010-10-11	0	0	0	0
2010-10-12	0	0	0	0
2010-10-13	0.987	1.1	1.05	1.15
2010-10-14	0	0.00325	0	0.0202
2010-10-15	0	0	0	0
2010-10-16	0	0	0	0
2010-10-17	0	0	0	0
2010-10-18	0.0988	0.151	0.239	0.267
2010-10-19	7.39	9.46	8.55	10
2010-10-20	1.52	2.31	1.94	2.43
2010-10-21	0	0	0	0
2010-10-22	0	0	0	0
2010-10-23	0.401	0.455	0.48	0.417
2010-10-24	0	0	0	0
2010-10-25	0.171	0.166	0.00969	0.00468
2010-10-26	0	0.0712	0	0.00324
2010-10-27	1.94	2.32	2.08	2.34
2010-10-28	0	0	0	0
2010-10-29	7.02	7.37	7.35	8.33
2010-10-30	3.43	3.18	3.29	3.11
2010-10-31	0	0	0	0
2010-11-01	0	0	0	0
2010-11-02	6.35	6.24	6.43	6.26
2010-11-03	2.1	1.4	1.88	1.26
2010-11-04	0	0	0	0
2010-11-05	3.36	2.97	3.18	2.94
2010-11-06	0	0	0	0
2010-11-07	0	0	0	0
2010-11-08	0	0	0	0
2010-11-09	2.47	1.97	2.3	1.95
2010-11-10	16.1	14.2	14.6	12.7
2010-11-11	0	0	0	0
2010-11-12	9.23	7.47	8.03	6.66
2010-11-13	3.27	2.59	2.82	2.23
2010-11-14	0.541	0.125	0.0306	0
2010-11-15	0	0	0	0
2010-11-16	0	0	0	0
2010-11-17	0	0	0	0
2010-11-18	0	0	0	0
2010-11-19	0	0	0	0
2010-11-20	2.64	2.35	2.56	2.24
2010-11-21	1.25	1.05	1.18	1.02
2010-11-22	0	0	0	0
2010-11-23	1.99	1.72	1.84	1.61
2010-11-24	1.81	1.66	1.79	1.69
2010-11-25	1.51	1.04	1.36	0.469
2010-11-26	3.07	2.27	2.66	1.98
2010-11-27	3.37	2.89	3.11	2.72
2010-11-28	0	0	0	0
2010-11-29	0	0	0	0
2010-11-30	0	0	0	0
2010-12-01	0	0	0	0
2010-12-02	0	0	0	0
2010-12-03	1.72	1.58	1.72	1.63
2010-12-04	0	0.167	0	0.00656
2010-12-05	0.723	0.929	0.839	1.05
2010-12-06	0	0	0	0
2010-12-07	0	0	0	0
2010-12-08	0	0	0	0
2010-12-09	0	0	0	0
2010-12-10	0	0	0	0
2010-12-11	1.42	1.57	1.5	1.64
2010-12-12	0	0	0	0
2010-12-13	0	0	0	0
2010-12-14	0	0	0	0
2010-12-15	0	0	0	0
2010-12-16	9	9.64	9.53	9.94
2010-12-17	9.72	10	9.78	9.85
2010-12-18	4.68	4.55	4.61	4.35
2010-12-19	5.61	5.25	5.57	5.2
2010-12-20	4.37	4.07	4.27	3.87
2010-12-21	1.83	1.74	1.9	2.1
2010-12-22	0.58	0.657	0.704	0.944
2010-12-23	0	0	0	0
2010-12-24	0	0	0	0
2010-12-25	1.58	1.6	1.6	1.54
2010-12-26	16.9	16	16.7	15.5
2010-12-27	2.9	2.6	2.68	2.33
2010-12-28	0.857	0.817	0.786	0.712
2010-12-29	0.216	0.0501	0.0122	0
2010-12-30	0.16	0.282	0.387	0.391
2010-12-31	6.87	7.58	7.41	7.89
2011-01-01	2.89	2.8	2.78	2.74
2011-01-02	0	0	0	0
2011-01-03	0	0	0	0
2011-01-04	0.889	0.701	0.854	0.861
2011-01-05	4.32	4.09	4.13	4.18
2011-01-06	8.43	8.09	7.66	7.49
2011-01-07	3.12	2.79	2.72	2.48
2011-01-08	4.23	4.03	3.96	3.92
2011-01-09	4.34	4.25	4.11	4.1
2011-01-10	1.04	1.02	0.962	0.971
2011-01-11	0.695	0.823	0.74	0.851
2011-01-12	1.02	1.24	1.03	1.05
2011-01-13	0	0	0	0
2011-01-14	0	0	0	0
2011-01-15	1.12	1.13	1.1	1.2
2011-01-16	7.57	7.4	7.22	6.96
2011-01-17	0	0.325	0	0.0138
2011-01-18	0	0	0	0
2011-01-19	0	0	0	0
2011-01-20	0	0	0	0
2011-01-21	0.993	1.33	1.25	1.45
2011-01-22	0.291	0.723	0.704	1
2011-01-23	4.06	4.77	4.36	4.97
2011-01-24	1.48	1.32	1.46	1.46
2011-01-25	0.812	0.739	0.832	0.296
2011-01-26	0	0	0	0
2011-01-27	0	0	0	0
2011-01-28	0	0	0	0
2011-01-29	0	0	0	0
2011-01-30	0	0	0	0
2011-01-31	0	0	0	0
2011-02-01	1.47	1.87	1.82	2.1
2011-02-02	1.87	1.8	1.32	0.891
2011-02-03	3.69	3.35	3.64	3.51
2011-02-04	3.08	2.75	3	2.71
2011-02-05	1.88	1.98	1.98	1.91
2011-02-06	0	0	0	0
2011-02-07	0	0	0	0
2011-02-08	0	0	0	0
2011-02-09	0	0	0	0
2011-02-10	16.7	15.9	16.9	16.2
2011-02-11	2.59	2.28	2.64	2.59
2011-02-12	0	0	0	0
2011-02-13	1.45	1.18	1.29	1.09
2011-02-14	0.493	0.288	0.464	0.158
2011-02-15	0.98	0.95	0.929	0.881
2011-02-16	3.27	2.87	2.77	2.42
2011-02-17	2.74	2.46	2.5	2.27
2011-02-18	0	0	0	0
2011-02-19	0	0	0	0
2011-02-20	0	0	0	0
2011-02-21	1.07	0.935	1	0.901
2011-02-22	0	0	0	0
2011-02-23	0	0	0	0
2011-02-24	0	0	0	0
2011-02-25	0	0	0	0
2011-02-26	0	0.174	0	0.266
2011-02-27	0	0	0	0
2011-02-28	0	0	0	0
2011-03-01	0	0	0	0
2011-03-02	0	0	0	0
2011-03-03	0	0	0	0
2011-03-04	0	0	0	0
2011-03-05	0	0	0	0
2011-03-06	0	0	0	0
2011-03-07	0.527	0.379	0.522	0.496
2011-03-08	0	0	0	0
2011-03-09	1.32	1.4	1.32	1.32
2011-03-10	4.08	3.2	3.52	3
2011-03-11	0.83	0.879	0.845	0.777
2011-03-12	0	0	0	0
2011-03-13	0.811	0.865	0.794	0.803
2011-03-14	0.886	0.809	0.82	0.766
2011-03-15	0	0	0	0
2011-03-16	0	0	0	0
2011-03-17	0	0	0	0
2011-03-18	8.58	7.95	8.01	7.54
2011-03-19	0	0	0	0
2011-03-20	0	0	0	0
2011-03-21	0	0	0	0
2011-03-22	1.14	1.22	1.27	1.44
2011-03-23	0	0.139	0	0.00596
2011-03-24	0	0	0	0
2011-03-25	0	0	0	0
2011-03-26	0	0	0	0
2011-03-27	0.618	0.902	0.8	0.86
2011-03-28	0	0	0	0
2011-03-29	1.1	1.07	1.12	1.15
2011-03-30	0	0	0	0
2011-03-31	0	0	0	0
2011-04-01	0.631	0.466	0.572	0.485
2011-04-02	0	0	0	0
2011-04-03	2.23	2.17	2.26	2.46
2011-04-04	0	0	0	0
2011-04-05	1.21	1.39	1.19	1.42
2011-04-06	0	0	0	0
2011-04-07	4.45	5.38	4.54	5.4
2011-04-08	0.826	1.01	0.799	0.978
2011-04-09	0	0	0	0
2011-04-10	1.1	1.5	1.25	1.64
2011-04-11	0	0.0976	0	0.371
2011-04-12	0	0.0828	0	0.005
2011-04-13	0	0	0	0
2011-04-14	0	0	0	0
2011-04-15	0	0	0	0
2011-04-16	0	0	0	0
2011-04-17	0	0	0	0
2011-04-18	0	0	0	0
2011-04-19	0	0	0	0
2011-04-20	0	0	0	0
2011-04-21	1.01	1.62	1.09	1.42
2011-04-22	0	0	0	0
2011-04-23	0	0	0	0
2011-04-24	0	0	0	0
2011-04-25	0	0	0	0
2011-04-26	0	0	0	0
2011-04-27	0	0	0	0
2011-04-28	0	0	0	0
2011-04-29	0	0	0	0
2011-04-30	0	0.149	0	0.0731
2011-05-01	0	0	0	0
2011-05-02	0	0	0	0
2011-05-03	0	0	0	0
2011-05-04	0	0	0	0
2011-05-05	1.17	2.97	2.83	3.12
2011-05-06	5.96	5.11	5.29	4.96
2011-05-07	0	0	0	0
2011-05-08	0	0	0	0
2011-05-09	0	0	0	0
2011-05-10	0	0	0	0
2011-05-11	0	0	0	0
2011-05-12	8.03	8.04	8.8	9.01
2011-05-13	5.14	5.48	5.08	4.93
2011-05-14	19.4	17.9	18.7	17
2011-05-15	4.82	4.86	4.98	4.65
2011-05-16	0	0	0	0
2011-05-17	7.6	7.47	7.41	8.03
2011-05-18	3.01	3.22	3.25	3.28
2011-05-19	2.89	3	2.77	2.63
2011-05-20	0	0	0	0
2011-05-21	0	0	0	0
2011-05-22	0	0	0	0
2011-05-23	2.89	1.76	2.91	1.24
2011-05-24	1.31	0.305	0.0744	0
2011-05-25	0	0	0	0
2011-05-26	0	0	0	0
2011-05-27	12	10.8	11.1	10.5
2011-05-28	0	0	0	0
2011-05-29	6.42	5.86	6.03	5.61
2011-05-30	0	0	0	0
2011-05-31	7.18	7.66	7.49	7.69
2011-06-01	2.57	2.39	2.47	2.33
2011-06-02	0	0	0	0
2011-06-03	0	0	0	0
2011-06-04	0	0	0	0
2011-06-05	0	0	0	0
2011-06-06	0	0	0	0
2011-06-07	0	0	0	0
2011-06-08	1.02	2.86	2.46	3.93
2011-06-09	0.39	0.872	0.944	1.07
2011-06-10	0	0	0	0
2011-06-11	0	0	0	0
2011-06-12	4.81	7.5	7.41	9.85
2011-06-13	16.3	16.5	16.5	17.5
2011-06-14	3.21	3.68	3.78	4.28
2011-06-15	9.14	9.51	9.33	9.15
2011-06-16	0.146	0.0339	0.00826	0
2011-06-17	2.61	2.45	2.54	2.47
2011-06-18	3.29	3.5	3.59	3.65
2011-06-19	0	0	0	0
2011-06-20	1.87	2.32	2.26	2.67
2011-06-21	1.71	2.5	2.1	2.38
2011-06-22	0	0	0	0
2011-06-23	5.12	6.32	5.79	6.96
2011-06-24	9.03	8.76	8.63	9.4
2011-06-25	0	0	0	0
2011-06-26	0	0	0	0
2011-06-27	0	0	0	0
2011-06-28	0	0	0	0
2011-06-29	0	0	0	0
2011-06-30	0	0	0	0
2011-07-01	12.4	9.75	11	8.3
2011-07-02	3.39	3.86	3.46	3.54
2011-07-03	0	0	0	0
2011-07-04	0	0	0	0
2011-07-05	0	0	0	0
2011-07-06	0	0	0	0
2011-07-07	0.606	0.141	0.0343	0
2011-07-08	0	0	0	0
2011-07-09	0	0	0	0
2011-07-10	3.3	2.21	2.24	1.51
2011-07-11	0	0	0	0
2011-07-12	9.82	8.97	9.12	8.35
2011-07-13	0	0	0	0
2011-07-14	0	0	0	0
2011-07-15	6.97	6.35	6.94	6.36
2011-07-16	1.58	1.2	1.19	1.03
2011-07-17	0.311	0.519	0.753	1.05
2011-07-18	15.5	17.7	18.1	19.8
2011-07-19	0	0	0	0
2011-07-20	1.76	1.37	1.15	1.13
2011-07-21	0	0	0	0
2011-07-22	8.41	8.73	9.33	8.91
2011-07-23	8.75	7.58	8.11	7.32
2011-07-24	3.87	3.32	3.2	3.15
2011-07-25	3.89	4.18	4.16	4.43
2011-07-26	0.272	0.673	0.658	0.671
2011-07-27	0.606	0.141	0.0343	0
2011-07-28	0	0	0	0
2011-07-29	0	0	0	0
2011-07-30	0	0	0	0
2011-07-31	0	0	0	0
2011-08-01	0	0	0	0
2011-08-02	0	0	0	0
2011-08-03	0.81	0.188	0.0459	0
2011-08-04	1.97	1.8	1.13	0.405
2011-08-05	3.58	3.94	3.8	4.09
2011-08-06	11.7	11.3	10.5	9.64
2011-08-07	22.4	23.7	23.4	23
2011-08-08	0	1.28	0	0.0545
2011-08-09	0	0.27	0	1.36
2011-08-10	0	0	0	0
2011-08-11	0	0	0	0
2011-08-12	0	0	0	0
2011-08-13	0	0	0	0
2011-08-14	0	0	0	0
2011-08-15	13.3	15	15.1	15.3
2011-08-16	4.1	3.74	3.35	2.92
2011-08-17	2.49	1.66	1.97	1.44
2011-08-18	6.41	5.95	6.39	5.78
2011-08-19	0	0	0	0.0922
2011-08-20	11.5	11.2	12	11.7
2011-08-21	2.03	2.08	2.21	2.13
2011-08-22	10.7	10.9	11.1	10.7
2011-08-23	0	0	0	0
2011-08-24	0	0	0	0
2011-08-25	0.795	1.98	1.93	2.71
2011-08-26	0	0	0	0
2011-08-27	0	0	0	0
2011-08-28	0	0	0	0
2011-08-29	0	0	0	0
2011-08-30	1.81	2.21	1.75	2.13
2011-08-31	4.17	4.65	5.02	5.08
2011-09-01	4.57	4.03	4.18	3.79
2011-09-02	0	0	0	0
2011-09-03	0	0	0	0
2011-09-04	0	0	0	0
2011-09-05	3.48	3.75	3.75	4.26
2011-09-06	8.04	7.55	7.78	7.59
2011-09-07	6.37	6.06	6.21	6.01
2011-09-08	5.07	5.51	4.96	6.13
2011-09-09	3.75	3.79	3.64	4.23
2011-09-10	0	0	0	0
2011-09-11	2.23	2.21	2.2	2.06
2011-09-12	3.72	3.59	3.84	3.78
2011-09-13	6.64	6.32	6.36	6.17
2011-09-14	5.12	5.43	5.54	6.3
2011-09-15	4.58	3.8	4.46	3.8
2011-09-16	0	0	0	0
2011-09-17	0	0	0	0
2011-09-18	0	0	0	0
2011-09-19	16.1	14.9	15.4	15.1
2011-09-20	0	0	0	0
2011-09-21	0	0	0	0
2011-09-22	11.1	11.1	11	11.4
2011-09-23	0	0	0	0
2011-09-24	0	0	0	0
2011-09-25	0	0	0	0
2011-09-26	0.317	0.488	0.768	0.878
2011-09-27	0	0	0	0
2011-09-28	0	0	0	0
2011-09-29	2.25	2.17	2.08	1.91
2011-09-30	0	0	0	0
2011-10-01	0	0	0	0
2011-10-02	0.43	0.463	0.438	0.454
2011-10-03	0.25	0.223	0.274	0.423
2011-10-04	0	0.0875	0	0.00323
2011-10-05	0	0	0	0
2011-10-06	1.71	2.56	2.2	2.75
2011-10-07	0	0	0	0
2011-10-08	0	0	0	0
2011-10-09	5.76	5.8	5.77	5.95
2011-10-10	0	0	0	0
2011-10-11	0	0	0	0
2011-10-12	0	0	0	0
2011-10-13	0	0	0	0
2011-10-14	0	0	0	0
2011-10-15	0	0	0	0
2011-10-16	0	0	0	0
2011-10-17	0	0	0	0
2011-10-18	6.06	4.84	5.19	4.32
2011-10-19	0	0.023	0	0
2011-10-20	0.419	0.598	0.512	0.559
2011-10-21	0.845	1.26	1.28	1.53
2011-10-22	0	0	0	0
2011-10-23	0	0	0	0
2011-10-24	0	0	0	0
2011-10-25	0	0	0	0
2011-10-26	0	0	0	0
2011-10-27	4.88	4.57	4.7	4.67
2011-10-28	1.98	1.94	2	1.91
2011-10-29	0	0	0	0
2011-10-30	1.78	1.36	1.57	1.22
2011-10-31	0	0	0	0
2011-11-01	0	0	0	0
2011-11-02	0	0.0374	0	0.227
2011-11-03	0.0998	0.264	0.242	0.34
2011-11-04	1.7	2.03	1.95	2.1
2011-11-05	0.355	0.289	0.32	0.112
2011-11-06	0	0	0	0
2011-11-07	0	0	0	0
2011-11-08	0	0	0	0
2011-11-09	0	0	0	0
2011-11-10	0	0	0	0
2011-11-11	0	0	0	0
2011-11-12	0	0	0	0
2011-11-13	0	0.00424	0	0
2011-11-14	0	0	0	0
2011-11-15	0	0	0	0
2011-11-16	0	0	0	0
2011-11-17	0	0	0	0
2011-11-18	0	0	0	0
2011-11-19	0.506	0.544	0.525	0.54
2011-11-20	8.89	9.53	9.12	9.49
2011-11-21	0	0.0198	0	0
2011-11-22	0.301	0.375	0.346	0.406
2011-11-23	0.393	0.38	0.351	0.33
2011-11-24	0.744	0.898	0.701	0.565
2011-11-25	0.253	0.304	0.266	0.318
2011-11-26	0	0	0	0
2011-11-27	10.7	10.5	11	11.4
2011-11-28	0	0	0	0
2011-11-29	1.54	1.52	1.54	1.53
2011-11-30	2.65	3.55	2.98	3.54
2011-12-01	0	0	0	0
2011-12-02	0	0	0	0
2011-12-03	4.67	4.3	4.5	4.31
2011-12-04	0.695	0.761	0.69	0.68
2011-12-05	0.593	0.604	0.599	0.568
2011-12-06	0	0	0	0
2011-12-07	0.54	0.331	0.548	0.187
2011-12-08	0	0	0	0
2011-12-09	25.3	25.7	25.5	25.1
2011-12-10	3	3.05	2.98	2.86
2011-12-11	0.394	0.291	0.43	0.187
2011-12-12	10.9	10.6	11	10.8
2011-12-13	3.18	2.99	3.05	2.92
2011-12-14	0	0	0	0
2011-12-15	1.21	1.25	1.32	1.36
2011-12-16	0.688	0.508	0.643	0.529
2011-12-17	3.19	2.65	2.99	2.57
2011-12-18	16.9	16.6	17.3	16.9
2011-12-19	4.28	4.61	4.58	4.76
2011-12-20	1.28	1.37	1.3	1.26
2011-12-21	0	0	0	0
2011-12-22	0	0	0	0
2011-12-23	0	0	0	0
2011-12-24	0	0	0	0
2011-12-25	0	0.0967	0	0.0053
2011-12-26	0	0.176	0	0.00759
2011-12-27	0	0.159	0	0.375
2011-12-28	2.67	2.79	2.7	2.67
2011-12-29	0.623	0.713	0.695	0.725
2011-12-30	0	0	0	0
2011-12-31	0	0	0	0
2012-01-01	5.65	6	5.56	5.91
2012-01-02	12.9	13.7	12.7	13.2
2012-01-03	3.3	3.4	3.31	3.54
2012-01-04	10.5	10.6	9.62	9.07
2012-01-05	3.32	3.65	3.27	3.35
2012-01-06	0	0	0	0
2012-01-07	0	0	0	0
2012-01-08	0	0	0	0
2012-01-09	1.14	1.36	1.22	1.41
2012-01-10	0	0	0	0
2012-01-11	0.711	0.637	0.701	0.722
2012-01-12	0	0	0	0
2012-01-13	0.409	1.11	0.99	1.37
2012-01-14	0	0	0	0
2012-01-15	1.83	2.48	2.17	2.69
2012-01-16	1.66	1.63	1.61	1.55
2012-01-17	0	0	0	0
2012-01-18	6.69	6.96	6.55	6.85
2012-01-19	1.79	1.74	1.6	1.44
2012-01-20	0	0	0	0
2012-01-21	0.377	0.48	0.395	0.397
2012-01-22	3.74	3.07	3.32	3.1
2012-01-23	0.758	0.675	0.678	0.623
2012-01-24	0	0	0	0
2012-01-25	0	0	0	0
2012-01-26	0	0.0305	0	0
2012-01-27	1.66	1.52	1.5	1.38
2012-01-28	1.18	1.11	1.06	0.949
2012-01-29	0	0	0	0
2012-01-30	0	0	0	0
2012-01-31	0.812	0.997	0.882	1
2012-02-01	1.05	0.968	1	0.915
2012-02-02	1.66	1.29	1.42	1.06
2012-02-03	0.525	0.122	0.0297	0
2012-02-04	0	0	0	0
2012-02-05	0	0	0	0
2012-02-06	0	0	0	0
2012-02-07	0	0	0	0
2012-02-08	0	0	0	0
2012-02-09	0	0	0	0
2012-02-10	0	0	0	0
2012-02-11	0	0	0	0
2012-02-12	0	0	0	0
2012-02-13	1.95	2.07	2.03	1.97
2012-02-14	2.62	2.96	2.94	3.09
2012-02-15	0	0	0	0
2012-02-16	2.66	2.46	2.57	2.48
2012-02-17	0	0	0	0
2012-02-18	3.13	2.75	2.78	2.43
2012-02-19	3.48	4.21	3.88	4.26
2012-02-20	0	0	0	0
2012-02-21	0	0	0	0
2012-02-22	2.56	2.55	2.39	2.29
2012-02-23	0	0	0	0
2012-02-24	1.54	1.7	1.59	1.6
2012-02-25	0.366	0.836	0.885	0.908
2012-02-26	0	0	0	0
2012-02-27	2.2	2.32	2.27	2.34
2012-02-28	2.87	2.65	2.71	2.49
2012-02-29	0	0	0	0
2012-03-01	2.11	2.02	2.19	2.15
2012-03-02	0	0	0	0
2012-03-03	0	0	0	0
2012-03-04	0	0	0	0
2012-03-05	0	0	0	0
2012-03-06	0	0	0	0
2012-03-07	0	0	0	0
2012-03-08	0.259	0.636	0.627	0.89
2012-03-09	0	0	0	0
2012-03-10	0.542	0.385	0.564	0.193
2012-03-11	0	0	0	0
2012-03-12	0.637	0.817	0.74	0.827
2012-03-13	0	0	0	0
2012-03-14	1.26	1.26	1.27	1.3
2012-03-15	0	0	0	0
2012-03-16	0	0	0	0
2012-03-17	0	0	0	0
2012-03-18	0.83	0.707	0.701	0.673
2012-03-19	0.319	0.323	0.0181	0.431
2012-03-20	0	0	0	0
2012-03-21	0	0.113	0	0.0067
2012-03-22	0	0	0	0
2012-03-23	0	0	0	0
2012-03-24	0	0	0	0
2012-03-25	0	0	0	0
2012-03-26	0	0	0	0
2012-03-27	3.17	3.53	3.45	4.1
2012-03-28	0.808	0.616	0.854	0.867
2012-03-29	0	0	0	0
2012-03-30	2.92	2.67	2.58	2.4
2012-03-31	0	0	0	0
2012-04-01	0.917	1.04	0.936	1.02
2012-04-02	0	0.016	0	0.0955
2012-04-03	0	0	0	0
2012-04-04	0	0	0	0
2012-04-05	1	1.18	1	0.93
2012-04-06	0	0	0	0
2012-04-07	0	0	0	0
2012-04-08	0.632	0.257	0.0358	0
2012-04-09	0	0	0	0.089
2012-04-10	5.44	5.17	5.15	5.17
2012-04-11	1.86	1.94	1.75	1.8
2012-04-12	0	0	0	0
2012-04-13	0	0	0	0
2012-04-14	0	0	0	0
2012-04-15	0	0	0	0
2012-04-16	0	0	0	0
2012-04-17	8.05	7.74	7.62	7.29
2012-04-18	0	0	0	0
2012-04-19	0	0	0	0
2012-04-20	8.11	7.29	7.56	6.99
2012-04-21	4.5	4.91	4.51	4.79
2012-04-22	0	0	0	0
2012-04-23	0.512	0.119	0.029	0
2012-04-24	0.473	1.3	1.14	2.26
2012-04-25	0	0	0	0
2012-04-26	6.35	6.46	6.11	6.1
2012-04-27	0.913	0.738	0.851	0.301
2012-04-28	0.418	1.06	1.01	1.2
2012-04-29	0	0	0	0
2012-04-30	0	0	0	0
2012-05-01	0	0	0	0
2012-05-02	0	0	0	0
2012-05-03	0	0	0	0
2012-05-04	14.7	14.1	14.9	14.7
2012-05-05	6.23	6.03	6.14	5.98
2012-05-06	0	0	0	0
2012-05-07	0	0	0	0
2012-05-08	0	0	0	0
2012-05-09	2.61	2.51	2.63	2.47
2012-05-10	7.95	7.6	8.04	7.94
2012-05-11	15	15	15.5	15.9
2012-05-12	2.01	1.71	2	1.8
2012-05-13	0	0	0	0
2012-05-14	0	0.645	0	1.02
2012-05-15	0	0	0	0
2012-05-16	1.96	1.27	1.83	0.624
2012-05-17	5.41	5.32	5.45	5.34
2012-05-18	0	0.398	0	0.0151
2012-05-19	2.13	2.82	2.53	3.02
2012-05-20	4.81	5.13	4.97	5.22
2012-05-21	0	0	0	0
2012-05-22	0	0	0	0
2012-05-23	2.02	1.37	1.92	1.5
2012-05-24	0	0	0	0
2012-05-25	0	0.216	0	1.09
2012-05-26	0	0	0	0
2012-05-27	0	0	0	0
2012-05-28	0	0	0	0
2012-05-29	0	0	0	0
2012-05-30	0	0	0	0
2012-05-31	2.38	1.24	1.87	0.628
2012-06-01	0	0	0	0
2012-06-02	15.3	16.2	16.2	16.3
2012-06-03	6.74	7.07	6.89	7.22
2012-06-04	7.3	6.42	6.08	6.1
2012-06-05	0.78	0.682	0.0442	0.0275
2012-06-06	2.34	3.54	3	4.17
2012-06-07	0	0	0	0
2012-06-08	0	0	0	0
2012-06-09	0	0	0	0
2012-06-10	6.23	6.49	5.58	5.97
2012-06-11	0	0.724	0	0.0309
2012-06-12	2.35	1.79	2.01	2.62
2012-06-13	0	0	0	0
2012-06-14	8.28	8.15	6.98	7.54
2012-06-15	0	0	0	0
2012-06-16	0.746	1.26	1.81	2.61
2012-06-17	0	0	0	0
2012-06-18	2.14	2.48	2.57	2.9
2012-06-19	6.52	6.17	6.12	5.35
2012-06-20	0	0	0	0
2012-06-21	0	0	0	0
2012-06-22	0	0	0	0
2012-06-23	0	0	0	0
2012-06-24	0	0.0444	0	0.369
2012-06-25	0	0	0	0
2012-06-26	4.2	5.7	5.21	5.97
2012-06-27	0	0	0	0
2012-06-28	0	0	0	0
2012-06-29	2.44	2.72	2.67	2.54
2012-06-30	8.53	8.44	8.97	8.99
2012-07-01	4.15	4.01	4.21	4.35
2012-07-02	0	0	0	0
2012-07-03	0	0	0	0
2012-07-04	0	0	0	0
2012-07-05	0	0	0	0
2012-07-06	1.44	1.09	1.55	1.35
2012-07-07	8.05	7.71	8.6	8.09
2012-07-08	7.91	9.03	9.82	10.9
2012-07-09	11.6	11.2	12.9	14.2
2012-07-10	5.61	5.09	5.61	5.12
2012-07-11	0.599	1.12	1.45	1.56
2012-07-12	2.43	2.53	2.57	2.85
2012-07-13	0	0.326	0	0.0108
2012-07-14	2.79	2.92	2.66	2.54
2012-07-15	14.9	12.5	13	12.5
2012-07-16	1.68	1.02	1.48	0.501
2012-07-17	0	0	0	0.0979
2012-07-18	0	0	0	0
2012-07-19	0	0	0	0
2012-07-20	0.891	0.207	0.0505	0
2012-07-21	0	0	0	0
2012-07-22	0	0	0	0
2012-07-23	0	0	0	0
2012-07-24	0	0	0	0
2012-07-25	0	0.146	0	0.664
2012-07-26	0	0	0	0
2012-07-27	0	0	0	0
2012-07-28	3.85	3.66	4.01	3.83
2012-07-29	0	0	0	0
2012-07-30	6.71	5.87	6.04	5.38
2012-07-31	4.56	4.28	3.99	3.9
2012-08-01	1.56	1.58	1.06	1.15
2012-08-02	1.19	1.56	1.59	1.84
2012-08-03	9.24	9.91	8.85	9.06
2012-08-04	9.31	9.68	9.74	9.57
2012-08-05	4.09	4.09	3.9	3.55
2012-08-06	0	0	0	0
2012-08-07	12.6	12.4	13.2	13.4
2012-08-08	0	0	0	0
2012-08-09	6.86	5.5	6.43	4.71
2012-08-10	0	0	0	0
2012-08-11	0	0	0	0
2012-08-12	0	0	0	0
2012-08-13	0	0	0	0
2012-08-14	0	0	0	0
2012-08-15	0	0	0	0
2012-08-16	0	0	0	0
2012-08-17	0	0	0	0
2012-08-18	0	0	0	0
2012-08-19	1.68	2.32	2.01	2.53
2012-08-20	0	0	0	0
2012-08-21	5.2	8.03	7.01	8.85
2012-08-22	0	0	0	0
2012-08-23	0	0	0	0
2012-08-24	0	0	0	0
2012-08-25	0	0	0	0
2012-08-26	11.9	12.6	12.5	12.8
2012-08-27	1.5	0.88	1.22	0.411
2012-08-28	0	0.523	0	1.1
2012-08-29	2.04	1.97	2.01	1.83
2012-08-30	9.52	10.5	10.4	10.8
2012-08-31	13.6	9.47	11.6	7.8
2012-09-01	2.38	1.33	1.63	0.542
2012-09-02	0.554	1.46	1.34	1.73
2012-09-03	3.27	3.24	3.21	3.39
2012-09-04	0.67	0.904	0.038	0.964
2012-09-05	0	0	0	0
2012-09-06	0	0	0	0
2012-09-07	0.335	0.978	0.811	1.18
2012-09-08	0	0	0	0
2012-09-09	0	0	0	0
2012-09-10	1.75	0.865	1.25	0.418
2012-09-11	0	0	0	0
2012-09-12	0	0	0	0
2012-09-13	0	0	0	0
2012-09-14	6.17	7.47	6.87	7.94
2012-09-15	0	0	0	0
2012-09-16	0	0	0	0
2012-09-17	11.6	13.5	12.6	14.2
2012-09-18	4.95	5.27	5.05	5.25
2012-09-19	10.2	10.3	9.9	9.96
2012-09-20	0	0	0	0
2012-09-21	0	0	0	0
2012-09-22	10	8.6	9.36	8.35
2012-09-23	1.16	1.8	1.51	1.7
2012-09-24	0	0	0	0
2012-09-25	1.78	1.59	1.77	1.49
2012-09-26	9.57	8.39	8.93	8.3
2012-09-27	10.2	9.19	9.47	8.69
2012-09-28	0	0	0	0
2012-09-29	6.04	6	5.92	5.94
2012-09-30	0	0	0	0
2012-10-01	0	0	0	0
2012-10-02	0	0	0	0
2012-10-03	3.07	2.24	2.66	2.6
2012-10-04	3.94	3.68	3.62	3.69
2012-10-05	0	0	0	0
2012-10-06	7.62	7.79	6.76	6.15
2012-10-07	4.33	4.84	4.77	4.98
2012-10-08	0	0	0	0
2012-10-09	0.816	1.53	1.97	0.722
2012-10-10	0	0	0	0
2012-10-11	0	0	0	0
2012-10-12	0	0	0	0
2012-10-13	2.41	1.79	2.43	2.48
2012-10-14	4.88	4.53	4.85	4.49
2012-10-15	7.11	5.83	6.78	5.64
2012-10-16	20.3	18.4	19	17.3
2012-10-17	6.46	6.48	6.68	6.85
2012-10-18	4.68	4.77	4.74	4.38
2012-10-19	1.19	1.2	0.0676	1.31
2012-10-20	7.95	7.72	8.05	9.33
2012-10-21	0	0	0	0
2012-10-22	0	0	0	0
2012-10-23	0	0	0	0
2012-10-24	0	0	0	0
2012-10-25	0	0	0	0
2012-10-26	2.41	2.57	2.55	2.51
2012-10-27	0	0	0	0
2012-10-28	0	0	0	0
2012-10-29	9.83	8.51	9.23	8.55
2012-10-30	2.15	2.67	2.53	2.91
2012-10-31	0	0	0	0
2012-11-01	0	0	0	0
2012-11-02	6.74	6.86	6.28	6.47
2012-11-03	0	0	0	0
2012-11-04	0	0	0	0
2012-11-05	0	0	0	0
2012-11-06	0	0	0	0
2012-11-07	0	0	0	0
2012-11-08	0	0	0	0
2012-11-09	0.816	1.19	0.955	1.23
2012-11-10	0.319	0.934	0.772	0.945
2012-11-11	5.33	6.6	5.42	6.44
2012-11-12	1.7	1.81	1.64	1.69
2012-11-13	0	0	0	0
2012-11-14	0	0	0	0
2012-11-15	0	0	0	0
2012-11-16	0	0	0	0
2012-11-17	0	0.312	0	0.0125
2012-11-18	0.729	0.512	0.674	0.299
2012-11-19	0	0	0	0
2012-11-20	1.66	1.54	1.63	1.71
2012-11-21	0	0	0	0
2012-11-22	0	0	0	0
2012-11-23	0	0	0	0
2012-11-24	1.46	1.62	1.47	1.64
2012-11-25	0	0	0	0
2012-11-26	2.04	1.86	1.96	1.97
2012-11-27	3.24	3.22	3.03	3.15
2012-11-28	1.14	0.981	1.05	0.967
2012-11-29	1.95	1.83	1.81	1.68
2012-11-30	9.29	8.48	9.15	9.4
2012-12-01	8.85	8.79	8.88	8.85
2012-12-02	0	0	0	0
2012-12-03	0	0	0	0
2012-12-04	0	0	0	0.0997
2012-12-05	0	0	0	0
2012-12-06	13.4	14.1	13.7	13.9
2012-12-07	5.79	5.24	4.92	4.91
2012-12-08	2.26	2.52	2.24	2.16
2012-12-09	0	0	0	0
2012-12-10	0	0	0	0
2012-12-11	0	0	0	0
2012-12-12	1.95	2.3	2.04	2.12
2012-12-13	0	0.0975	0	0
2012-12-14	0	0	0	0
2012-12-15	9.69	10.7	9.97	10.2
2012-12-16	3.83	3.9	3.75	3.69
2012-12-17	0	0	0	0
2012-12-18	0	0	0	0
2012-12-19	0	0	0	0
2012-12-20	2.18	2.81	2.37	2.7
2012-12-21	2.5	2.65	2.61	2.62
2012-12-22	1.9	2.08	2.05	2.23
2012-12-23	2.49	2.82	2.7	2.9
2012-12-24	2.36	2.65	2.48	2.49
2012-12-25	1.44	1.94	1.61	1.91
2012-12-26	4.47	5.34	4.79	5.26
2012-12-27	0	0	0	0
2012-12-28	0	0.372	0	0.0167
2012-12-29	6.2	7.62	6.79	7.6
2012-12-30	0	0	0	0
2012-12-31	1.93	2.1	2	2.12
2013-01-01	1.07	1.33	0.998	1.33
2013-01-02	1.41	1.61	1.24	1.58
2013-01-03	0	0.15	0	0.0429
2013-01-04	0	0	0	0
2013-01-05	0	0.173	0	0.27
2013-01-06	0.924	1.29	0.913	1.27
2013-01-07	0.365	0.412	0.321	0.398
2013-01-08	0	0	0	0
2013-01-09	0	0	0	0
2013-01-10	0.444	0.461	0.404	0.444
2013-01-11	0.394	0.215	0.334	0.113
2013-01-12	0	0	0	0
2013-01-13	0	0	0	0
2013-01-14	0	0	0	0
2013-01-15	0.568	0.682	0.494	0.582
2013-01-16	2.16	1.84	1.72	1.79
2013-01-17	0	0	0	0
2013-01-18	0	0	0	0
2013-01-19	0	0.0281	0	0
2013-01-20	0	0	0	0
2013-01-21	0	0	0	0
2013-01-22	0	0	0	0
2013-01-23	0	0	0	0
2013-01-24	0	0	0	0
2013-01-25	0	0	0	0
2013-01-26	0	0	0	0
2013-01-27	0.754	0.916	0.71	0.93
2013-01-28	0.513	0.58	0.444	0.545
2013-01-29	0	0	0	0
2013-01-30	2.07	2.4	1.85	2.33
2013-01-31	0	0	0	0
2013-02-01	0.213	0.702	0.516	0.714
2013-02-02	0	0	0	0
2013-02-03	0	0	0	0
2013-02-04	1.73	1.91	1.76	1.9
2013-02-05	7.32	7.07	7.23	7.17
2013-02-06	3.21	3	3.18	3.15
2013-02-07	0.836	0.81	0.848	0.839
2013-02-08	0	0	0	0
2013-02-09	1.75	1.85	1.79	1.87
2013-02-10	3.02	3.39	3.13	3.35
2013-02-11	2.61	2.76	2.74	2.9
2013-02-12	1.79	1.81	1.8	1.79
2013-02-13	1.46	1.53	1.46	1.51
2013-02-14	0	0	0	0
2013-02-15	0	0	0	0
2013-02-16	0	0	0	0
2013-02-17	0	0	0	0
2013-02-18	0.204	0.185	0.0116	0.0581
2013-02-19	0.573	0.609	0.604	0.62
2013-02-20	0	0	0	0
2013-02-21	0	0	0	0
2013-02-22	0	0	0	0
2013-02-23	0	0	0	0
2013-02-24	0	0	0	0
2013-02-25	0	0	0	0
2013-02-26	0.478	0.376	0.523	0.486
2013-02-27	0	0	0	0
2013-02-28	0	0	0	0
2013-03-01	2.35	1.87	1.96	1.5
2013-03-02	5.45	6.22	5.79	6.4
2013-03-03	0.45	0.409	0.418	0.38
2013-03-04	1.86	2.29	2.05	2.33
2013-03-05	0	0	0	0
2013-03-06	0	0	0	0
2013-03-07	0	0	0	0
2013-03-08	0	0	0	0
2013-03-09	0	0	0	0
2013-03-10	0	0	0	0
2013-03-11	0	0	0	0
2013-03-12	1.68	1.74	1.65	1.61
2013-03-13	0.465	0.552	0.512	0.593
2013-03-14	0	0	0	0
2013-03-15	0	0	0	0
2013-03-16	0	0	0	0
2013-03-17	0	0	0	0
2013-03-18	0.366	0.341	0.367	0.383
2013-03-19	1.42	1.26	1.39	1.33
2013-03-20	0	0	0	0
2013-03-21	0	0	0	0
2013-03-22	0	0	0	0
2013-03-23	0	0	0	0
2013-03-24	0	0	0	0
2013-03-25	0	0	0	0
2013-03-26	0	0.0908	0	0.00375
2013-03-27	0	0	0	0
2013-03-28	0	0	0	0
2013-03-29	0.708	0.909	0.802	0.871
2013-03-30	0	0	0	0
2013-03-31	0	0	0	0
2013-04-01	0	0	0	0
2013-04-02	0	0	0	0
2013-04-03	0	0	0	0
2013-04-04	0.977	0.703	0.812	0.84
2013-04-05	0	0	0	0
2013-04-06	3.69	3.59	3.71	3.56
2013-04-07	1	0.955	0.924	0.942
2013-04-08	0	0	0	0
2013-04-09	0	0	0	0
2013-04-10	0	0	0	0
2013-04-11	0	0	0	0
2013-04-12	0	0	0	0
2013-04-13	0.445	0.103	0.0252	0
2013-04-14	0	0.386	0	0.0936
2013-04-15	0	0	0	0
2013-04-16	0	0	0	0
2013-04-17	0	0.215	0	0.00815
2013-04-18	3.36	3.41	3.11	3.33
2013-04-19	0	0	0	0
2013-04-20	0	0	0	0
2013-04-21	0	0	0	0
2013-04-22	0	0	0	0
2013-04-23	2.99	3.38	3.1	3.5
2013-04-24	0	0	0	0
2013-04-25	0.309	0.601	0.749	0.275
2013-04-26	1.84	1.16	1.58	1.28
2013-04-27	0.413	0.0959	0.0234	0
2013-04-28	0	0	0	0
2013-04-29	4.18	3.92	3.86	4.12
2013-04-30	0	0.119	0	0.576
2013-05-01	0	0	0	0
2013-05-02	0	0	0	0
2013-05-03	0	0.33	0	0.0194
2013-05-04	4.94	5.24	4.98	5.11
2013-05-05	0	0	0	0
2013-05-06	0	0	0	0
2013-05-07	0	0	0	0
2013-05-08	3.32	2.93	3.22	3.21
2013-05-09	8.46	8.7	8.2	8.16
2013-05-10	3.4	3.34	2.99	2.63
2013-05-11	1.62	1.05	1.45	0.491
2013-05-12	2.52	4.15	3.75	5.05
2013-05-13	3.86	4.33	4.01	3.97
2013-05-14	7.27	7.77	7.64	7.77
2013-05-15	0	0	0	0
2013-05-16	0	0	0	0
2013-05-17	0	0	0	0
2013-05-18	0	0	0	0
2013-05-19	0	0	0	0
2013-05-20	7.07	6.97	7.29	6.58
2013-05-21	0.826	0.633	0.0468	0.0171
2013-05-22	2.88	2.59	2.75	2.26
2013-05-23	0.586	0.927	1.42	1.61
2013-05-24	0	0	0	0
2013-05-25	0	0	0	0
2013-05-26	0	0	0	0
2013-05-27	0	0	0	0
2013-05-28	0	0	0	0
2013-05-29	0	0	0	0
2013-05-30	0	0	0	0
2013-05-31	0	0	0	0
2013-06-01	1.49	1.78	1.52	1.78
2013-06-02	0	0	0	0
2013-06-03	3.92	6.18	5.11	6.79
2013-06-04	15.7	13.9	15.4	14
2013-06-05	8.97	9.27	8.91	9.19
2013-06-06	0	0	0	0
2013-06-07	0.458	0.537	1.11	0.392
2013-06-08	0	0	0	0
2013-06-09	2.26	2.2	1.9	2.64
2013-06-10	0	0	0	0
2013-06-11	0	0	0	0
2013-06-12	0	0	0	0
2013-06-13	10.5	11.2	10.8	11.1
2013-06-14	6.27	7.69	6.47	7.14
2013-06-15	0	0	0	0
2013-06-16	7.2	7.11	6.93	6.83
2013-06-17	0	0	0	0
2013-06-18	0	0	0	0
2013-06-19	2.05	2.11	2.1	2.23
2013-06-20	8.34	8.41	7.66	7.14
2013-06-21	0	0	0	0
2013-06-22	3.63	3.09	2.83	2.66
2013-06-23	0	0	0	0
2013-06-24	0	0.491	0	0.0188
2013-06-25	0	0	0	0
2013-06-26	8.89	8.22	7.98	7.67
2013-06-27	5.11	7.07	6.6	8.92
2013-06-28	0.664	0.176	0.0376	0.00258
2013-06-29	0	0	0	0
2013-06-30	0	0	0	0
2013-07-01	0	0	0	0
2013-07-02	2.46	3.34	2.84	3.04
2013-07-03	0	0	0	0
2013-07-04	1.09	1.06	1.01	0.976
2013-07-05	0	0	0	0
2013-07-06	0	0	0	0
2013-07-07	0	0	0	0
2013-07-08	0	0	0	0
2013-07-09	7.45	8.52	7.69	7.39
2013-07-10	0	0	0	0
2013-07-11	0	0	0	0
2013-07-12	0	0	0	0
2013-07-13	3.46	4.72	3.79	4.35
2013-07-14	0	0	0	0
2013-07-15	2.41	2.63	2.31	2.21
2013-07-16	0	0	0	0
2013-07-17	1.4	1.82	1.59	1.69
2013-07-18	6.24	6.92	6.78	7.07
2013-07-19	0	0	0	0
2013-07-20	2.93	2.28	2.49	1.84
2013-07-21	0	0	0	0
2013-07-22	0	0	0	0
2013-07-23	0	0	0	0
2013-07-24	0	0	0	0
2013-07-25	0	0	0	0
2013-07-26	0	0	0	0
2013-07-27	2.21	3.5	3.24	4.13
2013-07-28	1.05	1.14	1.02	0.979
2013-07-29	6.26	6.52	6.61	6.75
2013-07-30	17.2	17.5	16.7	16.4
2013-07-31	0	0.359	0	0.538
2013-08-01	12.1	10.1	10.9	8.68
2013-08-02	0	0	0	0
2013-08-03	0	0	0	0
2013-08-04	0	0	0	0
2013-08-05	0	0	0	0
2013-08-06	0	0	0	0
2013-08-07	8.14	9.33	9.02	8.94
2013-08-08	1.1	2.84	2.66	3.66
2013-08-09	4.03	5	4.95	5.87
2013-08-10	5.93	6.87	6.3	7.61
2013-08-11	12.6	11.7	12.6	12.4
2013-08-12	9.84	9.02	8.93	8.53
2013-08-13	9.33	8.74	9.23	7.31
2013-08-14	2.1	1.57	0.119	1.64
2013-08-15	0	0	0	0
2013-08-16	3.36	4.1	3.83	4.22
2013-08-17	14.1	13.1	13.8	12.1
2013-08-18	2.53	3.94	3.61	4.34
2013-08-19	0	0	0	0
2013-08-20	0	0	0	0
2013-08-21	0	0	0	0
2013-08-22	0	0	0	0
2013-08-23	0	0	0	0
2013-08-24	0	0	0	0
2013-08-25	0	0	0	0
2013-08-26	0	0	0	0
2013-08-27	0	0	0	0
2013-08-28	0	0	0	0
2013-08-29	3.79	5.36	4.76	5.36
2013-08-30	3.6	2.97	3.15	1.28
2013-08-31	2.51	2.28	2.78	2.94
2013-09-01	20.6	25.4	22.9	26.6
2013-09-02	1.12	1.7	1.58	2.25
2013-09-03	0	0	0	0
2013-09-04	0	0	0	0
2013-09-05	0	0	0	0
2013-09-06	0	0.00247	0	0
2013-09-07	0	0	0	0
2013-09-08	0	0	0	0
2013-09-09	0	0	0	0
2013-09-10	1.04	0.762	0.88	0.646
2013-09-11	1.15	1.06	1.11	1.07
2013-09-12	0	0.0299	0	0.00176
2013-09-13	0	0	0	0
2013-09-14	0	0	0	0
2013-09-15	1.22	0.832	0.93	0.663
2013-09-16	15.7	15.8	15.6	16.6
2013-09-17	10.5	10.3	9.43	8.36
2013-09-18	27.5	28.3	24.9	23
2013-09-19	10.2	12.1	10.9	10.7
2013-09-20	0.915	0.604	0.555	0.186
2013-09-21	0	0	0	0
2013-09-22	2.6	3.6	3.94	4
2013-09-23	3.25	3.48	3.15	3.29
2013-09-24	0.211	0.456	0.511	0.526
2013-09-25	0	0.0203	0	0.092
2013-09-26	0	0	0	0
2013-09-27	5.19	5.03	5.1	4.69
2013-09-28	1.68	1.36	1.43	1.21
2013-09-29	0	0	0	0
2013-09-30	0.953	0.708	0.838	0.616
2013-10-01	0	0	0	0
2013-10-02	0	0	0	0
2013-10-03	0	0	0	0
2013-10-04	0	0	0	0
2013-10-05	5.75	5.34	5.44	5.08
2013-10-06	0.612	0.807	0.643	0.658
2013-10-07	0	0	0	0
2013-10-08	3.65	3.67	3.49	3.38
2013-10-09	0.903	0.988	0.898	0.794
2013-10-10	0	0	0	0
2013-10-11	0	0	0	0
2013-10-12	0	0	0	0
2013-10-13	0	0	0	0
2013-10-14	0	0	0	0
2013-10-15	0	0	0	0
2013-10-16	0	0	0	0
2013-10-17	0.322	0.201	0.0182	0.0576
2013-10-18	0	0	0	0
2013-10-19	0	0	0	0
2013-10-20	0	0	0	0
2013-10-21	0	0	0	0
2013-10-22	15	13.3	13.6	12.2
2013-10-23	1.57	1.3	1.45	1.04
2013-10-24	1.64	1.82	1.63	1.65
2013-10-25	0	0	0	0
2013-10-26	2.14	2.06	1.99	1.91
2013-10-27	2.36	3.06	2.75	3.23
2013-10-28	0.902	0.923	0.752	0.699
2013-10-29	0	0	0	0
2013-10-30	0	0	0	0
2013-10-31	0.827	0.806	0.758	0.712
2013-11-01	0.702	0.763	0.661	0.588
2013-11-02	0.748	0.411	0.64	0.216
2013-11-03	9.52	8.65	9.11	8.59
2013-11-04	3.83	3.56	3.41	2.99
2013-11-05	1.13	0.622	0.965	0.326
2013-11-06	0	0	0	0
2013-11-07	2.6	2.31	2.46	2.39
2013-11-08	0	0	0	0
2013-11-09	4.55	4.13	4.38	4.15
2013-11-10	2.41	3.07	2.72	2.87
2013-11-11	0	0	0	0.0848
2013-11-12	0	0	0	0
2013-11-13	0	0	0	0
2013-11-14	3.2	2.91	2.94	2.77
2013-11-15	2.58	2.62	2.58	2.54
2013-11-16	0	0	0	0
2013-11-17	0	0	0	0
2013-11-18	4.08	3.33	3.65	3.31
2013-11-19	4.67	4.78	4.7	4.93
2013-11-20	0	0	0	0
2013-11-21	0	0	0	0
2013-11-22	0	0	0	0
2013-11-23	0	0.153	0	0.00589
2013-11-24	0	0	0	0
2013-11-25	0	0	0	0
2013-11-26	0.62	0.187	0.0351	0
2013-11-27	0	0	0	0
2013-11-28	0	0.0944	0	0.469
2013-11-29	0	0	0	0
2013-11-30	0.238	0.724	0.576	0.706
2013-12-01	0	0	0	0
2013-12-02	0	0	0	0
2013-12-03	0	0	0	0
2013-12-04	0	0	0	0
2013-12-05	10	9.29	10.3	10.2
2013-12-06	5.67	5.15	5.6	5.2
2013-12-07	0	0	0	0
2013-12-08	0	0	0	0.0997
2013-12-09	0.34	0.516	0.823	0.912
2013-12-10	2.99	3.35	3.19	3.38
2013-12-11	0	0	0	0
2013-12-12	0	0	0	0
2013-12-13	0	0	0	0
2013-12-14	7.69	7.72	7.72	7.72
2013-12-15	4.54	4.62	4.6	4.61
2013-12-16	1.71	2.07	1.84	2
2013-12-17	0.905	1.15	0.927	0.342
2013-12-18	0	0	0	0
2013-12-19	6.42	6.12	6.19	5.99
2013-12-20	0.669	0.155	0.0379	0
2013-12-21	2.42	2.52	2.44	2.43
2013-12-22	4.85	5.18	5.06	5.29
2013-12-23	0	0	0	0
2013-12-24	4.52	4.35	4.42	4.32
2013-12-25	1.44	1.43	1.43	1.34
2013-12-26	0	0	0	0
2013-12-27	2.52	2.23	2.38	2.19
2013-12-28	0	0	0	0
2013-12-29	0	0	0	0
2013-12-30	1.46	1.52	1.45	1.4
2013-12-31	0	0.439	0	0.565
2014-01-01	0	0	0	0
2014-01-02	0	0	0	0
2014-01-03	4.02	4.17	3.9	4.34
2014-01-04	1.26	1.36	1.24	1.37
2014-01-05	0	0	0	0
2014-01-06	1.99	2.09	1.93	2.14
2014-01-07	0	0	0	0
2014-01-08	0	0	0	0
2014-01-09	1.72	1.82	1.69	1.76
2014-01-10	1.52	1.76	1.59	1.86
2014-01-11	1.44	1.57	1.34	1.39
2014-01-12	1.18	1.02	1.07	0.379
2014-01-13	0	0	0	0
2014-01-14	0	0	0	0
2014-01-15	0	0.441	0	0.0176
2014-01-16	1.2	0.849	1.14	1.13
2014-01-17	1.56	1.58	1.48	1.52
2014-01-18	1.24	1.25	1.18	1.21
2014-01-19	0	0	0	0
2014-01-20	0	0	0	0
2014-01-21	0	0	0	0
2014-01-22	0	0	0	0
2014-01-23	0	0	0	0
2014-01-24	0	0	0	0
2014-01-25	0	0	0	0
2014-01-26	0	0	0	0
2014-01-27	0.469	1.16	1.14	1.41
2014-01-28	1.62	1.74	1.58	1.79
2014-01-29	0.748	0.626	0.0424	0.72
2014-01-30	2.61	2.7	2.54	2.83
2014-01-31	3.56	3.61	3.37	3.57
2014-02-01	2.28	2.46	2.29	2.35
2014-02-02	1.43	1.4	1.37	1.3
2014-02-03	0	0	0	0
2014-02-04	0	0	0	0
2014-02-05	0	0	0	0
2014-02-06	1.85	1.75	1.72	1.76
2014-02-07	6.34	6.31	6.34	6.12
2014-02-08	2.38	2.64	2.43	2.55
2014-02-09	6.19	6.35	6.26	6.39
2014-02-10	0	0	0	0
2014-02-11	0	0	0	0
2014-02-12	2	1.94	1.93	1.82
2014-02-13	4.6	4.77	4.68	4.71
2014-02-14	0	0	0	0
2014-02-15	6.92	7.11	6.95	6.87
2014-02-16	1.25	1.41	1.25	1.43
2014-02-17	0	0	0	0
2014-02-18	0.465	0.193	0.0263	0.00167
2014-02-19	0.297	0.872	0.718	0.956
2014-02-20	0	0	0	0
2014-02-21	10.3	10.9	10.6	10.9
2014-02-22	0	0	0	0
2014-02-23	0	0	0	0
2014-02-24	0	0	0	0
2014-02-25	0	0	0	0
2014-02-26	0	0.275	0	0.0105
2014-02-27	1.21	1.16	1.18	1.12
2014-02-28	0.896	0.939	0.992	1.2
2014-03-01	2.4	2.48	2.48	2.65
2014-03-02	1.81	1.88	1.8	1.84
2014-03-03	0	0.148	0	0.254
2014-03-04	0	0	0	0
2014-03-05	0	0	0	0
2014-03-06	0.373	0.397	0.386	0.393
2014-03-07	2.64	2.94	2.7	2.96
2014-03-08	0	0	0	0
2014-03-09	0	0	0	0
2014-03-10	0	0	0	0
2014-03-11	0	0	0	0
2014-03-12	0	0	0	0
2014-03-13	0	0	0	0
2014-03-14	0.389	0.496	0.493	0.633
2014-03-15	0.442	0.491	0.492	0.589
2014-03-16	0	0	0	0
2014-03-17	7.15	7.84	7.76	8.47
2014-03-18	0.439	0.339	0.408	0.142
2014-03-19	0.939	0.927	0.987	1.08
2014-03-20	3.09	3.35	3.22	3.48
2014-03-21	0	0.00451	0	0
2014-03-22	0	0	0	0
2014-03-23	0	0	0	0
2014-03-24	0	0	0	0
2014-03-25	0	0	0	0
2014-03-26	0	0	0	0
2014-03-27	0	0	0	0
2014-03-28	0	0	0	0
2014-03-29	0	0	0	0
2014-03-30	0	0	0	0
2014-03-31	0	0.0425	0	0.226
2014-04-01	0	0	0	0
2014-04-02	0	0	0	0
2014-04-03	0	0	0	0
2014-04-04	0	0	0	0
2014-04-05	0	0	0	0
2014-04-06	0	0	0	0
2014-04-07	5.9	5.6	5.71	6.38
2014-04-08	1.19	1.22	1.27	1.65
2014-04-09	0	0	0	0
2014-04-10	0.882	0.934	0.84	1.04
2014-04-11	0	0	0	0
2014-04-12	1.38	1.35	1.31	1.41
2014-04-13	0	0	0	0.0307
2014-04-14	0.521	0.612	0.601	0.695
2014-04-15	0	0.0433	0	0.196
2014-04-16	0	0	0	0
2014-04-17	3.42	3.38	3.36	3.73
2014-04-18	2.03	2.03	1.93	2.25
2014-04-19	0	0	0	0
2014-04-20	0	0	0	0
2014-04-21	0	0	0	0
2014-04-22	0	0	0	0
2014-04-23	0	0	0	0
2014-04-24	0	0	0	0
2014-04-25	0	0	0	0
2014-04-26	0	0	0	0
2014-04-27	0	0	0	0
2014-04-28	0	0	0	0
2014-04-29	0	0	0	0
2014-04-30	0.718	0.733	0.731	0.795
2014-05-01	0	0	0	0
2014-05-02	0	0	0	0
2014-05-03	0	0	0	0
2014-05-04	0	0	0	0
2014-05-05	0	0	0	0
2014-05-06	0	0	0	0
2014-05-07	0	0.323	0	0.0193
2014-05-08	2.67	2.52	2.85	2.77
2014-05-09	4.89	4.94	4.79	4.4
2014-05-10	0	0	0	0
2014-05-11	0	0	0	0
2014-05-12	0	0	0	0
2014-05-13	2.97	3.24	2.64	3.59
2014-05-14	2.18	1.41	2.15	0.733
2014-05-15	0	0	0	0
2014-05-16	0	0	0	0
2014-05-17	0	0	0	0
2014-05-18	0	0	0	0
2014-05-19	6.58	7.34	7.09	7.12
2014-05-20	0	1.34	0	1.58
2014-05-21	0	0	0	0
2014-05-22	0	0	0	0
2014-05-23	0	0	0	0
2014-05-24	3.79	4.37	4.54	4.88
2014-05-25	2.32	3.99	3.04	4
2014-05-26	2.68	3.28	3.03	3.2
2014-05-27	0	0	0	0
2014-05-28	0	0	0	0
2014-05-29	0	0	0	0
2014-05-30	5.81	5.84	6.08	5.93
2014-05-31	3.47	3.9	3.51	3.71
2014-06-01	0	0	0	0
2014-06-02	0	0	0	0
2014-06-03	0	0	0	0
2014-06-04	0	0.708	0	1.32
2014-06-05	0	0	0	0
2014-06-06	0	0	0	0
2014-06-07	0.804	2.22	1.95	2.64
2014-06-08	4.88	7.26	6.22	7.38
2014-06-09	4.34	3.51	3.13	3.66
2014-06-10	0	0	0	0
2014-06-11	6.86	7.17	6.86	6.88
2014-06-12	0	0	0	0
2014-06-13	3.64	2.13	2.95	0.993
2014-06-14	0	0	0	0
2014-06-15	0	0	0	0
2014-06-16	0	0	0	0
2014-06-17	0	0	0	0
2014-06-18	0	0	0	0
2014-06-19	2.56	1.89	2.24	2.17
2014-06-20	0	0	0	0
2014-06-21	3.01	3.26	3	3.04
2014-06-22	6.02	5.96	5.88	5.73
2014-06-23	1.06	0.246	0.0601	0
2014-06-24	3.72	3.85	3.5	4.13
2014-06-25	2.72	4.54	3.94	5.3
2014-06-26	5.22	5.5	5.27	5.7
2014-06-27	0	0.024	0	0.00287
2014-06-28	0	0	0	0
2014-06-29	4.11	3.9	4.05	4.21
2014-06-30	0	0.499	0	0.0299
2014-07-01	0	0.91	0	1.05
2014-07-02	2.35	2.02	2.29	1.78
2014-07-03	2.84	2.91	2.52	2.4
2014-07-04	0	0	0	0
2014-07-05	0	0	0	0
2014-07-06	0	0	0	0
2014-07-07	0	0	0	0
2014-07-08	0	0	0	0
2014-07-09	0	0	0	0
2014-07-10	0	0	0	0
2014-07-11	0	0	0	0
2014-07-12	0	0	0	0
2014-07-13	5.43	6.1	6.69	6.49
2014-07-14	2.86	3.36	3.39	3.71
2014-07-15	3.77	4.13	4.58	4.23
2014-07-16	6.6	4.95	5.67	4.73
2014-07-17	0.614	1.61	1.49	1.99
2014-07-18	15	14.9	14.1	13.6
2014-07-19	1.55	2.89	2.44	3.08
2014-07-20	0	0	0	0
2014-07-21	0	0	0	0
2014-07-22	0	0	0	0
2014-07-23	0.516	0.606	1.25	0.442
2014-07-24	0.912	0.212	0.0516	0.109
2014-07-25	0	0	0	0
2014-07-26	0.671	0.626	0.038	0.136
2014-07-27	0	0	0	0
2014-07-28	0	0	0	0
2014-07-29	1.79	1.27	1.81	1.39
2014-07-30	7.61	5.72	5.84	3.82
2014-07-31	0	0	0	0
2014-08-01	0	0	0	0
2014-08-02	0	0	0	0
2014-08-03	0	0	0	0
2014-08-04	0	0	0	0
2014-08-05	1.04	2.73	2.51	3.55
2014-08-06	3.54	6.81	5.39	7.85
2014-08-07	3.84	2.73	2.98	2.09
2014-08-08	2.46	3.58	3.23	3.38
2014-08-09	0	0	0	0
2014-08-10	0	0.0185	0	0.00222
2014-08-11	3.5	3.78	3.87	3.88
2014-08-12	0	0	0	0
2014-08-13	0	0	0	0
2014-08-14	0.9	0.209	0.051	0
2014-08-15	0	0	0	0
2014-08-16	0	0	0	0
2014-08-17	13	13.1	12.8	11.8
2014-08-18	7.49	7.76	7.6	6.77
2014-08-19	5.95	5.95	5.39	5.25
2014-08-20	5.52	5.38	5.3	4.88
2014-08-21	5.47	6.32	6.52	6.58
2014-08-22	0.954	0.859	1.12	1.48
2014-08-23	7.75	6.82	7.2	6.24
2014-08-24	7.61	6.33	6.63	6.37
2014-08-25	0	0.542	0	0.0232
2014-08-26	0	0	0	0
2014-08-27	0	0	0	0
2014-08-28	0	0	0	0
2014-08-29	0	0	0	0
2014-08-30	0	0	0	0
2014-08-31	0	0	0	0
2014-09-01	0.0243	0.0322	0.0588	0.0396
2014-09-02	0	0	0	0
2014-09-03	0	0	0	0
2014-09-04	0	0	0	0
2014-09-05	0	0	0	0
2014-09-06	0.182	0.164	0.132	0.101
2014-09-07	0.0568	0.0211	0.00322	0.0155
2014-09-08	1.28	1.14	1.15	1.27
2014-09-09	6.42	7.32	6.83	7.44
2014-09-10	1.48	1.72	1.54	1.99
2014-09-11	0	0.0114	0	0
2014-09-12	0.895	0.757	0.755	0.661
2014-09-13	0	0	0	0
2014-09-14	0	0	0	0
2014-09-15	0	0	0	0.00499
2014-09-16	0	0	0	0
2014-09-17	0	0	0	0
2014-09-18	0	0	0	0
2014-09-19	0	0	0	0
2014-09-20	0	0	0	0
2014-09-21	8.6	8.18	8.2	8.61
2014-09-22	0.248	0.222	0.252	0.262
2014-09-23	0	0	0	0
2014-09-24	0.686	0.718	0.633	0.665
2014-09-25	0	0	0	0
2014-09-26	7.42	6.44	6.48	5.78
2014-09-27	0	0	0	0
2014-09-28	0	0.004	0	0
2014-09-29	0	0	0	0
2014-09-30	0	0	0	0
2014-10-01	0	0	0	0
2014-10-02	3.21	3.35	3.36	3.47
2014-10-03	0	0	0	0
2014-10-04	0	0	0	0
2014-10-05	0	0	0	0
2014-10-06	1.21	0.825	1.12	0.949
2014-10-07	12	10.9	11.6	10.5
2014-10-08	25.1	24.1	24.4	24.2
2014-10-09	8.37	7.9	7.92	8.14
2014-10-10	3.6	4.01	3.79	3.95
2014-10-11	0	0	0	0
2014-10-12	7.3	6.86	7.14	7.07
2014-10-13	0	0.448	0	0.809
2014-10-14	0	0	0	0
2014-10-15	0	0	0	0
2014-10-16	0	0	0	0
2014-10-17	0	0	0	0
2014-10-18	7.38	7.46	7.5	7.5
2014-10-19	1.38	0.861	1.2	0.406
2014-10-20	0	0	0	0.109
2014-10-21	2.6	2.75	2.8	2.96
2014-10-22	2.56	2.47	2.68	2.76
2014-10-23	9.7	9.79	9.58	9.71
2014-10-24	12.1	11.7	11.5	11.2
2014-10-25	3.41	3.24	3.33	3.23
2014-10-26	0	0	0	0
2014-10-27	1.36	1.65	1.49	1.59
2014-10-28	0	0.452	0	0.0219
2014-10-29	13.8	13.3	14	14.7
2014-10-30	0	0	0	0
2014-10-31	0	0	0	0
2014-11-01	5.33	5.43	5.28	5.59
2014-11-02	1.77	1.61	1.85	1.9
2014-11-03	1.81	1.85	1.66	1.77
2014-11-04	22.3	21.8	21.8	22
2014-11-05	0	0	0	0
2014-11-06	0.212	0.0492	0.012	0
2014-11-07	0	0	0	0
2014-11-08	0	0	0	0
2014-11-09	0	0	0	0
2014-11-10	2.98	2.72	2.81	2.71
2014-11-11	1.53	1.63	1.46	1.55
2014-11-12	0.862	0.791	0.786	0.733
2014-11-13	0	0	0	0.0359
2014-11-14	0.149	0.175	0.36	0.127
2014-11-15	1.42	1.07	1.36	0.987
2014-11-16	0.393	0.379	0.42	0.362
2014-11-17	0	0.00406	0	0
2014-11-18	0	0	0	0
2014-11-19	0.221	0.0513	0.0125	0
2014-11-20	0	0.129	0	0.285
2014-11-21	0	0	0	0
2014-11-22	0.149	0.348	0.361	0.432
2014-11-23	0.49	0.572	0.537	0.675
2014-11-24	16.1	16.1	15.8	16.7
2014-11-25	0.528	0.613	0.554	0.644
2014-11-26	0	0	0	0
2014-11-27	0	0	0	0
2014-11-28	0	0	0	0
2014-11-29	0	0	0	0
2014-11-30	0	0	0	0
2014-12-01	0	0	0	0
2014-12-02	0	0.232	0	0.0107
2014-12-03	0	0	0	0
2014-12-04	0	0	0	0
2014-12-05	1.17	1.15	1.17	1.19
2014-12-06	0	0	0	0
2014-12-07	1.17	1.13	1.14	1.02
2014-12-08	0	0	0	0
2014-12-09	0	0	0	0
2014-12-10	1.32	1.51	1.42	1.57
2014-12-11	0	0	0	0
2014-12-12	0.563	0.471	0.561	0.572
2014-12-13	0	0	0	0
2014-12-14	0	0	0	0
2014-12-15	0	0	0	0
2014-12-16	0	0.132	0	0.00787
2014-12-17	0	0	0	0
2014-12-18	0.881	1	0.857	0.942
2014-12-19	1.35	1.36	1.38	1.33
2014-12-20	0	0	0	0
2014-12-21	0	0	0	0
2014-12-22	6.85	7.36	7.13	7.6
2014-12-23	2.2	2.54	2.07	1.98
2014-12-24	1.39	1.38	1.27	1.14
2014-12-25	0	0	0	0
2014-12-26	0	0	0	0
2014-12-27	0	0	0	0
2014-12-28	0	0	0	0
2014-12-29	1.97	2.48	2.17	2.51
2014-12-30	0.966	1.12	1.01	1.08
2014-12-31	0	0	0	0
2015-01-01	0	0.333	0	0.0144
2015-01-02	2.63	2.91	2.67	2.74
2015-01-03	0	0	0	0
2015-01-04	0	0	0	0
2015-01-05	0	0	0	0
2015-01-06	1.57	1.71	1.59	1.78
2015-01-07	1.13	1.21	1.13	1.22
2015-01-08	2.07	2.27	2.01	2.27
2015-01-09	0	0	0	0
2015-01-10	6.95	7.15	7.09	8.17
2015-01-11	2.54	2.19	2.36	2.16
2015-01-12	6.95	7.36	6.91	7.3
2015-01-13	0	0	0	0
2015-01-14	0	0	0	0
2015-01-15	1.12	1.1	1.06	1.11
2015-01-16	0.29	0.715	0.702	0.865
2015-01-17	0	0	0	0
2015-01-18	0.385	0.0893	0.0218	0
2015-01-19	0	0	0	0
2015-01-20	0.675	0.394	0.634	0.272
2015-01-21	0.989	0.985	0.964	0.981
2015-01-22	1.68	1.55	1.59	1.58
2015-01-23	0	0	0	0
2015-01-24	1.1	1.3	1.12	1.28
2015-01-25	0	0	0	0
2015-01-26	5.49	5.38	5.22	5.47
2015-01-27	0	0	0	0
2015-01-28	0	0.386	0	0.56
2015-01-29	3.18	3.44	3.08	3.3
2015-01-30	0.765	0.53	0.722	0.616
2015-01-31	8.59	8.12	8.13	8.11
2015-02-01	6.29	6.08	5.99	5.61
2015-02-02	2.43	2.65	2.48	2.51
2015-02-03	0.614	0.564	0.549	0.504
2015-02-04	0	0	0	0
2015-02-05	0.237	0.195	0.239	0.246
2015-02-06	0	0	0	0
2015-02-07	0	0	0	0
2015-02-08	1.16	1.17	1.09	1.02
2015-02-09	0	0	0	0
2015-02-10	0	0	0	0
2015-02-11	0	0	0	0
2015-02-12	0	0	0	0
2015-02-13	0	0	0	0
2015-02-14	0	0	0	0
2015-02-15	0	0	0	0
2015-02-16	0	0	0	0
2015-02-17	0	0	0	0
2015-02-18	0.367	0.361	0.32	0.32
2015-02-19	0	0.019	0	0
2015-02-20	0	0.0595	0	0.00354
2015-02-21	0	0	0	0
2015-02-22	0	0	0	0
2015-02-23	1.63	1.74	1.65	1.76
2015-02-24	0.357	0.378	0.381	0.402
2015-02-25	1.32	1.43	1.39	1.32
2015-02-26	0	0	0	0
2015-02-27	1.31	1.4	1.3	1.38
2015-02-28	0	0	0	0
2015-03-01	1.49	1.49	1.49	1.57
2015-03-02	0.383	0.951	0.928	1.16
2015-03-03	0	0	0	0
2015-03-04	0.418	0.244	0.0237	0.803
2015-03-05	1.48	1.58	1.53	1.3
2015-03-06	1.2	0.722	1.18	0.404
2015-03-07	0	0.162	0	0.0068
2015-03-08	0.974	1.09	1.07	1.06
2015-03-09	0	0	0	0
2015-03-10	1.17	1.44	1.36	1.55
2015-03-11	0	0	0	0
2015-03-12	0	0	0	0
2015-03-13	0	0	0	0
2015-03-14	0	0	0	0
2015-03-15	0	0	0	0
2015-03-16	0	0	0	0
2015-03-17	0	0	0	0
2015-03-18	0	0	0	0
2015-03-19	0	0	0	0
2015-03-20	0	0	0	0
2015-03-21	0	0	0	0
2015-03-22	0.838	1.01	0.919	1.03
2015-03-23	1.51	1.64	1.54	1.56
2015-03-24	0	0	0	0
2015-03-25	0	0	0	0
2015-03-26	2.96	2.73	2.95	2.95
2015-03-27	8.33	8.68	8.46	8.85
2015-03-28	0	0	0	0
2015-03-29	11.3	10.9	10.9	10.7
2015-03-30	2.56	2.01	2.2	1.76
2015-03-31	0	0	0	0
2015-04-01	0	0	0	0
2015-04-02	0.954	0.954	0.922	0.926
2015-04-03	0	0	0	0
2015-04-04	0	0	0	0
2015-04-05	0	0	0	0
2015-04-06	0	0	0	0
2015-04-07	0	0	0	0
2015-04-08	0	0	0	0
2015-04-09	0	0	0	0
2015-04-10	0	0	0	0
2015-04-11	0	0	0	0
2015-04-12	4.1	5.55	4.46	5.54
2015-04-13	0	0	0	0
2015-04-14	0	0	0	0.0801
2015-04-15	0	0.051	0	0
2015-04-16	1.02	1.3	1.07	1.47
2015-04-17	0.689	0.656	0.663	0.705
2015-04-18	0	0	0	0
2015-04-19	0	0	0	0
2015-04-20	0	0	0	0
2015-04-21	0	0	0	0
2015-04-22	0	0.461	0	0.471
2015-04-23	0	0	0	0
2015-04-24	0	0	0	0
2015-04-25	5.16	5.51	4.86	5.06
2015-04-26	1.13	1.05	0.887	0.735
2015-04-27	0	0.436	0	0.0235
2015-04-28	1.85	1.55	1.48	1.57
2015-04-29	0	0	0	0
2015-04-30	3.19	4.11	3.35	4.26
2015-05-01	0	0	0	0
2015-05-02	0	1.66	0	2.51
2015-05-03	0	0	0	0
2015-05-04	3.25	2.03	3.38	1.16
2015-05-05	3.69	3.58	3.75	3.62
2015-05-06	6.56	7.43	7.17	7.54
2015-05-07	0	1.29	0	2.97
2015-05-08	9.62	9.57	9.17	8.9
2015-05-09	0	0	0	0
2015-05-10	0	0.653	0	0.0388
2015-05-11	0	0	0	0
2015-05-12	5.11	4.94	5.18	5.14
2015-05-13	5.48	5.47	5.75	5.58
2015-05-14	0	0	0	0
2015-05-15	0	0	0	0
2015-05-16	0	0	0	0
2015-05-17	0	0	0	0
2015-05-18	0	0	0	0
2015-05-19	3.53	2.95	3.75	3.75
2015-05-20	0	0	0	0
2015-05-21	0	0	0	0
2015-05-22	0	0.0451	0	0.00539
2015-05-23	3.73	2.2	3.56	1.21
2015-05-24	0	0	0	0
2015-05-25	2.02	0.71	0.114	0
2015-05-26	1.9	5.31	4.6	5.79
2015-05-27	0	0	0	0
2015-05-28	0	0	0	0
2015-05-29	6.12	6.2	6.05	5.49
2015-05-30	5	4.97	5.5	5.81
2015-05-31	10.6	10.8	10.3	10.4
2015-06-01	3	2.99	2.75	2.97
2015-06-02	3.1	3.74	3.27	3.6
2015-06-03	4.21	4.12	3.93	3.49
2015-06-04	0	0	0	0
2015-06-05	0	0	0	0
2015-06-06	4.12	5.69	4.5	5.42
2015-06-07	3.67	4.07	3.84	4.31
2015-06-08	0	0	0	0
2015-06-09	0	0	0	0
2015-06-10	0	0.0144	0	0.00172
2015-06-11	0	0	0	0
2015-06-12	0	0	0	0
2015-06-13	0	0	0	0
2015-06-14	6.78	8.42	7.12	7.86
2015-06-15	0	0	0	0
2015-06-16	0	0	0	0
2015-06-17	0	0	0	0.079
2015-06-18	0.555	1.32	1.34	1.7
2015-06-19	0	0	0	0
2015-06-20	1.12	0.259	0.0632	0
2015-06-21	0	0	0	0
2015-06-22	2.93	3.51	3	3.49
2015-06-23	2.2	1.99	1.74	1.87
2015-06-24	2.77	1.51	2.1	1.14
2015-06-25	0	0	0	0
2015-06-26	0	0	0	0
2015-06-27	0	0.654	0	0.0245
2015-06-28	0	0	0	0
2015-06-29	3.23	3.1	3.16	3.22
2015-06-30	0	0	0	0
2015-07-01	0	0	0	0
2015-07-02	0	0	0	0
2015-07-03	0	0	0	0
2015-07-04	0	0	0	0
2015-07-05	0	0	0	0
2015-07-06	15.8	15.3	16	15.2
2015-07-07	2.42	1.37	1.75	0.583
2015-07-08	11.5	12.1	12.4	13.5
2015-07-09	11.2	13.9	12.2	14.3
2015-07-10	7.23	7.13	6.84	6.39
2015-07-11	0	0	0	0
2015-07-12	0	0	0	0
2015-07-13	0	0	0	0
2015-07-14	4.33	4.59	4.29	4.44
2015-07-15	0	0	0	0
2015-07-16	3.41	3.21	3.05	2.82
2015-07-17	0	0	0	0
2015-07-18	2.03	2.17	2	1.89
2015-07-19	2.79	3.15	2.84	2.91
2015-07-20	0	0	0	0
2015-07-21	5.39	6.23	6.51	7.32
2015-07-22	0	0	0	0
2015-07-23	8.56	9.26	8.45	9.62
2015-07-24	0	0.61	0	0.0242
2015-07-25	2.45	1.77	2.46	2.3
2015-07-26	21.8	20.3	21.6	19.3
2015-07-27	3.34	3.68	3.56	3.57
2015-07-28	0	0.861	0	1.36
2015-07-29	0	0	0	0
2015-07-30	3.31	4.11	3.59	3.99
2015-07-31	0	0	0	0
2015-08-01	0	0	0	0
2015-08-02	2.75	2.23	2.25	1.72
2015-08-03	0	0	0	0
2015-08-04	0	0	0	0
2015-08-05	6.41	6.78	6.76	7.08
2015-08-06	0.123	0.137	0.00695	0.0048
2015-08-07	0.0988	0.273	0.239	0.28
2015-08-08	5.95	5.24	6.18	5.73
2015-08-09	0	0	0	0.0201
2015-08-10	0	0	0	0
2015-08-11	0.673	0.461	0.561	0.446
2015-08-12	0	0.0748	0	0.00438
2015-08-13	0	0	0	0
2015-08-14	0	0	0	0
2015-08-15	0	0	0	0
2015-08-16	0	0	0	0
2015-08-17	0	0	0	0
2015-08-18	0	0	0	0
2015-08-19	0	0	0	0
2015-08-20	0	0	0	0
2015-08-21	0	0	0	0
2015-08-22	0	0	0	0
2015-08-23	0	0	0	0
2015-08-24	0	0	0	0
2015-08-25	1.51	1.76	1.78	1.81
2015-08-26	4.16	5.79	4.97	6.34
2015-08-27	7.58	8.75	7.92	8.48
2015-08-28	0.669	1.69	1.13	1.43
2015-08-29	0	0	0	0
2015-08-30	0	0	0	0
2015-08-31	2.05	1.9	1.92	1.42
2015-09-01	0	0	0	0
2015-09-02	0	0.277	0	1.49
2015-09-03	3.94	3.02	4.13	4.42
2015-09-04	0	0	0	0
2015-09-05	4.14	2.61	2.79	0.951
2015-09-06	0	0	0	0
2015-09-07	0	0	0	0
2015-09-08	0	0	0	0
2015-09-09	0	0	0	0
2015-09-10	0	0	0	0
2015-09-11	0	0	0	0
2015-09-12	2.6	1.52	2.16	0.73
2015-09-13	3.41	2.68	2.6	2.56
2015-09-14	0	0.329	0	0.0194
2015-09-15	7.85	7.07	7.44	7.13
2015-09-16	4.16	4.61	4.64	4.94
2015-09-17	18.4	18.9	18.9	19.7
2015-09-18	5.93	6.24	6.04	6.39
2015-09-19	0	1.22	0	1.59
2015-09-20	5.83	6.85	6.36	7.19
2015-09-21	4.72	5.01	4.72	5.47
2015-09-22	3.52	3.96	3.89	4.75
2015-09-23	5.77	5.76	5.84	5.58
2015-09-24	2.28	2.46	2.41	2.6
2015-09-25	2.94	3.49	3.37	3.64
2015-09-26	0	0	0	0
2015-09-27	0	0	0	0.224
2015-09-28	0	0	0	0
2015-09-29	0	0	0	0
2015-09-30	0	0	0	0
2015-10-01	0.239	0.445	0.122	0.0533
2015-10-02	0	0.167	0	0.00676
2015-10-03	0	0	0	0
2015-10-04	0	0	0	0
2015-10-05	0	0	0	0
2015-10-06	0	0	0	0
2015-10-07	0	0	0	0
2015-10-08	0	0	0	0
2015-10-09	0	0	0	0
2015-10-10	0	0	0	0
2015-10-11	0	0	0	0
2015-10-12	0	0	0	0
2015-10-13	0	0	0	0
2015-10-14	0	0	0	0
2015-10-15	0	0	0	0
2015-10-16	0	0	0	0
2015-10-17	0	0	0	0
2015-10-18	0	0	0	0
2015-10-19	0	0	0	0
2015-10-20	0.101	0.0636	0.0057	0.00143
2015-10-21	1.07	0.813	0.508	0.181
2015-10-22	0.813	0.589	0.357	0.124
2015-10-23	0	0.0376	0	0.00154
2015-10-24	0	0	0	0
2015-10-25	1.5	1.79	0.81	0.318
2015-10-26	0	0	0	0
2015-10-27	0	0	0	0
2015-10-28	0	0	0	0
2015-10-29	0	0	0	0
2015-10-30	0.125	0.0289	0.00706	0
2015-10-31	0.219	0.162	0.0809	0.0278
2015-11-01	0	0	0	0
2015-11-02	0	0	0	0
2015-11-03	0	0	0	0
2015-11-04	0	0	0	0
2015-11-05	0	0	0	0
2015-11-06	0	0	0	0
2015-11-07	4.16	4	3.9	3.79
2015-11-08	0	0	0	0
2015-11-09	3.53	3.31	3.21	3.06
2015-11-10	0	0	0	0
2015-11-11	0	0	0	0
2015-11-12	0	0	0	0
2015-11-13	3.38	2.96	2.89	2.61
2015-11-14	0	0	0	0
2015-11-15	0.612	0.576	0.576	0.526
2015-11-16	5.84	5.62	5.46	5.32
2015-11-17	1.18	1.08	0.935	0.798
2015-11-18	0.62	0.676	0.538	0.509
2015-11-19	0	0	0	0
2015-11-20	0	0	0	0
2015-11-21	0.553	0.315	0.406	0.136
2015-11-22	0	0	0	0
2015-11-23	0	0	0	0
2015-11-24	1.33	1.31	1.3	1.35
2015-11-25	1.17	0.953	0.978	0.819
2015-11-26	0	0.0989	0	0.00435
2015-11-27	0	0	0	0
2015-11-28	4.91	6.21	5.3	5.82
2015-11-29	2.67	2.8	2.65	2.78
2015-11-30	0	0	0	0
2015-12-01	0	0	0	0
2015-12-02	0.932	1.01	0.959	0.971
2015-12-03	0	0	0	0
2015-12-04	15.5	15.1	15.4	14.6
2015-12-05	2.05	2.69	1.72	1.59
2015-12-06	0.553	0.592	0.547	0.505
2015-12-07	0	0	0	0
2015-12-08	0.669	0.753	0.717	0.702
2015-12-09	0.373	0.397	0.369	0.166
2015-12-10	0.498	0.544	0.523	0.546
2015-12-11	0	0	0	0
2015-12-12	0	0	0	0
2015-12-13	0	0	0	0
2015-12-14	0	0	0	0
2015-12-15	0	0	0	0
2015-12-16	0	0	0	0
2015-12-17	3.5	3.35	3.37	3.42
2015-12-18	5.81	6.17	5.91	5.97
2015-12-19	0.45	0.42	0.453	0.457
2015-12-20	1.09	1.35	1.21	1.35
2015-12-21	0	0	0	0
2015-12-22	6.56	6.02	6.47	6.24
2015-12-23	0	0.0263	0	0
2015-12-24	0.434	0.399	0.436	0.385
2015-12-25	2.52	2.92	2.35	2.22
2015-12-26	0	0	0	0
2015-12-27	0	0	0	0
2015-12-28	0	0	0	0
2015-12-29	0	0	0	0
2015-12-30	0	0	0	0
2015-12-31	0	0	0	0
2016-01-01	0.699	1.07	0.837	1.25
2016-01-02	0.309	0.115	0.0175	0
2016-01-03	0	0	0	0
2016-01-04	1.46	1.59	1.36	1.46
2016-01-05	0	0	0	0
2016-01-06	0	0	0	0
2016-01-07	0.565	0.601	0.494	0.522
2016-01-08	1.27	1.26	1.19	1.28
2016-01-09	0	0	0	0
2016-01-10	3.45	3.99	3.43	4.08
2016-01-11	8.67	8.2	8.03	8.18
2016-01-12	3.16	3.22	2.98	3.17
2016-01-13	0.162	0.19	0.391	0.138
2016-01-14	0	0	0	0
2016-01-15	0	0	0	0
2016-01-16	0	0	0	0
2016-01-17	0.809	1.1	0.873	1.11
2016-01-18	0.954	1.09	0.813	0.854
2016-01-19	0	0.281	0	0.344
2016-01-20	0	0.133	0	0.0503
2016-01-21	0	0	0	0
2016-01-22	0	0	0	0
2016-01-23	1.27	1.53	1.21	1.46
2016-01-24	0	0	0	0
2016-01-25	0	0	0	0
2016-01-26	0	0	0	0
2016-01-27	0.956	1.11	0.945	1.21
2016-01-28	0.878	0.878	0.885	1.04
2016-01-29	1.54	1.87	1.53	1.81
2016-01-30	0	0	0	0
2016-01-31	0	0	0	0
2016-02-01	1.82	1.88	1.87	1.91
2016-02-02	0	0	0	0
2016-02-03	0	0	0	0
2016-02-04	0	0	0	0
2016-02-05	0	0	0	0
2016-02-06	3.85	3.46	3.52	3.36
2016-02-07	1.25	1.56	1.42	1.59
2016-02-08	1.31	1.28	1.3	1.33
2016-02-09	1.82	1.9	1.82	1.96
2016-02-10	5.66	5.03	5.38	4.83
2016-02-11	0	0	0	0
2016-02-12	5.39	5.27	5.26	5.09
2016-02-13	2.01	2.24	2.08	2.24
2016-02-14	0	0	0	0
2016-02-15	0	0	0	0
2016-02-16	0	0	0	0
2016-02-17	0	0	0	0
2016-02-18	1.75	1.86	1.87	2
2016-02-19	0	0	0	0
2016-02-20	4.06	4.14	4.02	4.15
2016-02-21	0.992	0.837	1.02	1.06
2016-02-22	1.57	1.65	1.62	1.66
2016-02-23	0	0	0	0
2016-02-24	0	0	0	0
2016-02-25	1.52	1.37	1.32	0.467
2016-02-26	0	0	0	0
2016-02-27	0	0	0	0
2016-02-28	0	0	0	0
2016-02-29	0	0	0	0
2016-03-01	0	0	0	0
2016-03-02	0	0.0464	0	0
2016-03-03	1.84	1.68	1.7	1.62
2016-03-04	6.39	5.74	5.92	5.68
2016-03-05	0	0	0	0
2016-03-06	1.95	1.89	1.86	1.87
2016-03-07	3.61	3.86	3.66	3.95
2016-03-08	0.72	0.809	0.737	0.783
2016-03-09	0	0	0	0
2016-03-10	0	0	0	0
2016-03-11	0	0	0	0
2016-03-12	0	0	0	0
2016-03-13	0	0	0	0
2016-03-14	0.675	0.668	0.666	0.583
2016-03-15	0	0	0	0
2016-03-16	0	0	0	0
2016-03-17	0	0	0	0
2016-03-18	0	0	0	0
2016-03-19	1.89	2.35	2.13	2.66
2016-03-20	1.38	1.74	1.56	1.88
2016-03-21	1.16	1.45	1.31	1.64
2016-03-22	2.2	2.47	2.36	2.74
2016-03-23	0	0.0789	0	0.319
2016-03-24	0	0	0	0
2016-03-25	0	0.122	0	0.0709
2016-03-26	0	0	0	0
2016-03-27	0	0	0	0
2016-03-28	0	0	0	0
2016-03-29	0	0	0	0
2016-03-30	0.267	0.313	0.646	0.284
2016-03-31	0	0	0	0
2016-04-01	0	0	0	0
2016-04-02	0	0	0	0
2016-04-03	0	0	0	0
2016-04-04	0	0	0	0
2016-04-05	1.82	1.25	0.103	1.36
2016-04-06	14.9	15.2	14.7	15.3
2016-04-07	0	0	0	0
2016-04-08	0	0	0	0
2016-04-09	0	0	0	0
2016-04-10	0	0	0	0
2016-04-11	0	0	0	0
2016-04-12	0	0	0	0
2016-04-13	0	0	0	0
2016-04-14	0	0	0	0
2016-04-15	2.74	1.78	2.37	2
2016-04-16	2.78	3.5	3.33	3.97
2016-04-17	0	0	0	0.211
2016-04-18	3.86	3.87	3.7	3.41
2016-04-19	3.45	3.06	3.49	3.4
2016-04-20	0	0	0	0
2016-04-21	1.26	2.38	3.06	2.86
2016-04-22	7.97	6.98	7.03	6.26
2016-04-23	3.5	3.56	3.33	3.91
2016-04-24	0	0.0291	0	0.00348
2016-04-25	2.46	2.34	2.24	0.8
2016-04-26	0	0	0	0
2016-04-27	3.53	3.89	3.76	4.08
2016-04-28	10.5	9.5	9.91	9.28
2016-04-29	2.39	2.82	2.64	3.13
2016-04-30	0	0	0	0
2016-05-01	0	0	0	0
2016-05-02	0	0	0	0
2016-05-03	0	0	0	0
2016-05-04	0	0	0	0
2016-05-05	0	0	0	0
2016-05-06	0	0	0	0
2016-05-07	0	0	0	0
2016-05-08	0	0	0	0
2016-05-09	0.609	1.74	1.47	1.97
2016-05-10	0.732	0.247	0.0415	0
2016-05-11	0	0	0	0
2016-05-12	4.85	6.33	5.75	6.55
2016-05-13	1.86	1.25	1.73	1.38
2016-05-14	0	0	0	0
2016-05-15	0	0	0	0
2016-05-16	0	0	0	0
2016-05-17	0	0	0	0
2016-05-18	3.34	3.29	3.29	3.23
2016-05-19	0	0.239	0	0.0143
2016-05-20	8.5	8.33	8.69	8.38
2016-05-21	6.41	6.5	6.24	6.26
2016-05-22	1.1	1.52	1.28	1.67
2016-05-23	9.95	12.5	11.3	13
2016-05-24	10.3	8.26	9.36	8.39
2016-05-25	5.82	4.28	5.47	4.11
2016-05-26	7.55	7.03	7.29	7.13
2016-05-27	4.16	3.93	4.23	4.18
2016-05-28	0	0	0	0
2016-05-29	0	0	0	0
2016-05-30	0	0	0	0
2016-05-31	0	0	0	0
2016-06-01	0	0	0	0
2016-06-02	0	0	0	0
2016-06-03	0	0	0	0
2016-06-04	0	0	0	0
2016-06-05	0	0	0	0
2016-06-06	0	0	0	0
2016-06-07	0	0	0	0
2016-06-08	0	0	0	0
2016-06-09	0	0	0	0
2016-06-10	3.73	3.96	3.7	3.83
2016-06-11	0	0.998	0	1.64
2016-06-12	0	0	0	0
2016-06-13	0	0	0	0
2016-06-14	1.5	2.88	2.26	2.7
2016-06-15	0	0	0	0
2016-06-16	3	3.68	3.18	3.81
2016-06-17	2.69	3.39	2.64	3
2016-06-18	2.73	1.59	2.17	0.731
2016-06-19	0	0	0	0
2016-06-20	0	0	0	0
2016-06-21	6.27	6.2	5.53	5.6
2016-06-22	0	0	0	0
2016-06-23	0	0	0	0
2016-06-24	0	0.756	0	0.207
2016-06-25	3.21	3.62	3.32	3.45
2016-06-26	0	0	0	0
2016-06-27	2.74	2.79	2.37	2.21
2016-06-28	2.35	2.48	2.37	2.54
2016-06-29	1.96	1.86	1.78	1.72
2016-06-30	0	0	0	0
2016-07-01	1.66	1.95	1.84	2.09
2016-07-02	6.37	7.34	7.12	7.69
2016-07-03	0	0	0	0
2016-07-04	0	0	0	0
2016-07-05	0	0	0	0
2016-07-06	0	0	0	0
2016-07-07	0	0	0	0
2016-07-08	0	0	0	0
2016-07-09	0	0	0	0
2016-07-10	0	0	0	0
2016-07-11	2.49	2.2	2.27	1.94
2016-07-12	8.34	8.47	8.15	7.26
2016-07-13	8	8.19	8.37	8.4
2016-07-14	1.32	0.719	1.11	0.375
2016-07-15	0.585	0.188	0.0331	0
2016-07-16	0.462	1.19	1.12	1.42
2016-07-17	9.27	9.21	9.07	9.27
2016-07-18	0	0	0	0
2016-07-19	0	0	0	0
2016-07-20	0	0	0	0
2016-07-21	0	0	0	0
2016-07-22	0	0	0	0
2016-07-23	0	0	0	0
2016-07-24	2.01	2.35	2.01	2.53
2016-07-25	0	0	0	0
2016-07-26	0	0.314	0	0.933
2016-07-27	0	0	0	0
2016-07-28	2.47	1.89	2.07	1.62
2016-07-29	0	0	0	0
2016-07-30	3.27	3.54	3.69	3.44
2016-07-31	2.69	3.11	3.29	3.52
2016-08-01	1.87	2.84	2.53	2.9
2016-08-02	1.59	0.495	0.0902	0
2016-08-03	0	0	0	0
2016-08-04	3.13	2.73	2.87	2.56
2016-08-05	10.3	9.14	8.6	7.37
2016-08-06	6.58	5.17	5.07	4.23
2016-08-07	0	0	0	0
2016-08-08	0	0.0212	0	0.128
2016-08-09	3.42	4.91	3.99	4.51
2016-08-10	15.6	17.9	17.3	19.2
2016-08-11	0	0	0	0
2016-08-12	6.5	7.9	7.95	8.44
2016-08-13	3.78	4.19	4.45	5.07
2016-08-14	0	0	0	0
2016-08-15	0	0	0	0
2016-08-16	0	0	0	0
2016-08-17	0	0	0	0
2016-08-18	2.35	2.67	2.29	3.04
2016-08-19	11.8	11.5	12.6	11.6
2016-08-20	0	0.536	0	1.09
2016-08-21	3.81	3.35	3.56	3.2
2016-08-22	0	0	0	0
2016-08-23	0	0	0	0
2016-08-24	0.649	0.761	1.57	0.556
2016-08-25	0	0	0	0
2016-08-26	5.78	5.91	6.07	6.52
2016-08-27	0	0	0	0
2016-08-28	0	0	0	0
2016-08-29	0	0	0	0
2016-08-30	0	0	0	0
2016-08-31	0	0	0	0
2016-09-01	1.02	1.21	0.964	0.843
2016-09-02	0	0	0	0
2016-09-03	15.1	14.5	14.1	14
2016-09-04	8.26	7.72	7.48	7.14
2016-09-05	0	0	0	0
2016-09-06	0.142	0.0329	0.00802	0
2016-09-07	0	0	0	0
2016-09-08	0	0	0	0
2016-09-09	0	0.115	0	0.00541
2016-09-10	0	0	0	0
2016-09-11	1.94	2.08	2.22	2.3
2016-09-12	0	0	0	0
2016-09-13	0	0	0	0
2016-09-14	0	0	0	0
2016-09-15	1.45	1.11	1.29	1.07
2016-09-16	0	0	0	0
2016-09-17	0.485	0.64	0.606	0.799
2016-09-18	0	0	0	0
2016-09-19	0	0	0	0
2016-09-20	0.144	0.169	0.348	0.123
2016-09-21	0	0.0537	0	0.302
2016-09-22	0	0	0	0
2016-09-23	3.51	3.47	3.59	3.84
2016-09-24	0.368	0.466	0.441	0.486
2016-09-25	0	0	0	0
2016-09-26	0	0	0	0
2016-09-27	0.98	1.04	1.2	1.13
2016-09-28	2.05	1.91	1.85	1.92
2016-09-29	7.22	7.3	6.99	7.53
2016-09-30	0	0	0	0
2016-10-01	0	0	0	0
2016-10-02	0	0	0	0
2016-10-03	0	0	0	0
2016-10-04	0	0	0	0
2016-10-05	0	0	0	0
2016-10-06	0	0	0	0
2016-10-07	0	0	0	0
2016-10-08	0.28	0.065	0.0159	0
2016-10-09	0	0	0	0
2016-10-10	0	0	0	0
2016-10-11	0	0	0	0
2016-10-12	0	0	0	0
2016-10-13	0	0	0	0
2016-10-14	0	0	0	0
2016-10-15	0	0	0	0
2016-10-16	0	0	0	0
2016-10-17	0	0	0	0
2016-10-18	0.165	0.417	0.399	0.502
2016-10-19	0	0.141	0	0.0529
2016-10-20	0	0	0	0
2016-10-21	0.684	0.405	0.544	0.183
2016-10-22	1.26	1.15	1.08	1.07
2016-10-23	2.23	1.97	1.89	1.8
2016-10-24	2.86	2.2	2.19	1.88
2016-10-25	1.05	0.944	0.9	0.816
2016-10-26	0	0	0	0
2016-10-27	0	0	0	0
2016-10-28	2.49	2.4	2.07	2.08
2016-10-29	0	0	0	0
2016-10-30	0	0	0	0
2016-10-31	0.481	0.566	0.48	0.563
2016-11-01	8.9	8.6	8.9	9.37
2016-11-02	3.1	2.75	2.84	2.58
2016-11-03	0	0	0	0
2016-11-04	0	0	0	0
2016-11-05	0	0	0	0
2016-11-06	1.45	0.47	0.0823	0
2016-11-07	5.11	4.44	4.82	4.11
2016-11-08	4.04	3.73	3.93	3.53
2016-11-09	7.2	6.64	6.9	6.14
2016-11-10	3.71	3.65	3.5	3.37
2016-11-11	0	0	0	0
2016-11-12	0	0	0	0
2016-11-13	0	0	0	0
2016-11-14	2.02	2.46	2.28	2.71
2016-11-15	9.54	8.92	8.61	7.89
2016-11-16	4.49	4.18	4.14	3.87
2016-11-17	3.84	4.32	3.93	4.01
2016-11-18	3.64	3.59	3.52	3.43
2016-11-19	0	0	0	0
2016-11-20	0	0	0	0
2016-11-21	9.76	9.44	9.55	8.88
2016-11-22	2.27	2.92	2.62	2.98
2016-11-23	0	0	0	0
2016-11-24	0	0	0	0
2016-11-25	4.4	4.69	4.42	4.4
2016-11-26	0	0	0	0
2016-11-27	0	0	0	0
2016-11-28	2.59	2.59	2.62	2.32
2016-11-29	0	0	0	0
2016-11-30	0	0	0	0
2016-12-01	0	0	0	0
2016-12-02	0	0	0	0
2016-12-03	0	0	0	0
2016-12-04	1.85	1.77	1.77	1.63
2016-12-05	0	0	0	0
2016-12-06	0	0	0	0
2016-12-07	0.747	0.775	0.828	0.936
2016-12-08	5.05	5.29	5.29	5.57
2016-12-09	0.72	0.809	0.778	0.841
2016-12-10	0.648	0.766	0.795	1.09
2016-12-11	1.78	1.66	1.83	1.91
2016-12-12	0	0	0	0
2016-12-13	2.66	2.66	2.61	2.57
2016-12-14	0	0	0	0
2016-12-15	0	0	0	0
2016-12-16	0	0	0	0
2016-12-17	0	0	0	0
2016-12-18	0.475	0.601	0.489	0.513
2016-12-19	2.3	1.57	1.82	1.32
2016-12-20	0	0	0	0
2016-12-21	0	0	0	0
2016-12-22	0	0	0	0
2016-12-23	0	0	0	0
2016-12-24	4.31	4.67	4.47	4.6
2016-12-25	0.595	0.819	0.653	0.705
2016-12-26	0	0.339	0	0.0463
2016-12-27	0	0	0	0
2016-12-28	0	0	0	0
2016-12-29	0	0	0	0
2016-12-30	0	0	0	0
2016-12-31	0	0	0	0
2017-01-01	1.03	1.25	1.16	1.3
2017-01-02	0.0828	0.171	0.2	0.219
2017-01-03	3.29	3.48	3.41	3.61
2017-01-04	1.42	1.36	1.45	1.46
2017-01-05	0	0	0	0
2017-01-06	1.73	1.55	1.56	1.46
2017-01-07	0.415	0.32	0.363	0.282
2017-01-08	0	0	0	0
2017-01-09	0	0	0	0
2017-01-10	0	0	0	0
2017-01-11	3.21	3.24	3.25	3.38
2017-01-12	2.94	2.89	2.9	2.79
2017-01-13	0	0	0	0
2017-01-14	0	0	0	0
2017-01-15	0.319	0.28	0.287	0.236
2017-01-16	0	0	0	0
2017-01-17	0.529	0.606	0.579	0.615
2017-01-18	0	0	0	0
2017-01-19	0	0	0	0
2017-01-20	0.949	0.923	0.901	0.838
2017-01-21	0.419	0.313	0.363	0.227
2017-01-22	0	0	0	0
2017-01-23	0	0	0	0
2017-01-24	0.0957	0.0411	0.00542	0.0098
2017-01-25	0	0	0	0
2017-01-26	0	0	0	0
2017-01-27	0	0	0	0
2017-01-28	0	0	0	0
2017-01-29	0	0.00189	0	0
2017-01-30	0	0	0	0
2017-01-31	0	0	0	0
2017-02-01	0	0	0	0
2017-02-02	0	0	0	0
2017-02-03	0	0	0	0
2017-02-04	0.587	0.62	0.638	0.667
2017-02-05	2.83	2.52	2.68	2.45
2017-02-06	1.26	1.09	1.24	1.09
2017-02-07	0	0	0	0
2017-02-08	0	0	0	0
2017-02-09	0	0	0	0
2017-02-10	0.102	0.137	0.248	0.0877
2017-02-11	0	0	0	0
2017-02-12	0	0	0	0
2017-02-13	0	0	0	0
2017-02-14	0	0	0	0
2017-02-15	0	0	0	0
2017-02-16	0	0.00366	0	0
2017-02-17	0	0	0	0
2017-02-18	0.371	0.608	0.438	0.496
2017-02-19	1.66	1.89	1.81	2.01
2017-02-20	3.9	4.15	4.23	4.62
2017-02-21	0	0	0	0
2017-02-22	10.3	9.74	9.89	9.57
2017-02-23	0.514	0.577	0.512	0.549
2017-02-24	0	0	0	0
2017-02-25	1.36	1.34	1.39	1.5
2017-02-26	0.917	0.806	0.813	0.707
2017-02-27	3.73	3.69	3.5	3.43
2017-02-28	4.66	5.04	4.82	5.04
2017-03-01	2.38	2.53	2.53	2.72
2017-03-02	1.67	1.72	1.34	1.14
2017-03-03	1.06	1.2	1.13	1.28
2017-03-04	0	0	0	0
2017-03-05	0	0	0	0
2017-03-06	0	0	0	0
2017-03-07	1.81	1.72	1.84	1.88
2017-03-08	4.68	4.43	4.59	4.28
2017-03-09	0	0	0	0
2017-03-10	0	0	0	0
2017-03-11	0	0	0	0
2017-03-12	0	0	0	0
2017-03-13	0.423	0.315	0.024	0.00933
2017-03-14	2.91	2.52	2.3	1.84
2017-03-15	0	0	0	0
2017-03-16	0	0	0	0
2017-03-17	0	0.0576	0	0
2017-03-18	0	0	0	0
2017-03-19	0	0	0	0
2017-03-20	0.317	0.638	0.766	0.873
2017-03-21	8.04	8.13	8.49	8.65
2017-03-22	0	0	0	0
2017-03-23	0	0	0	0
2017-03-24	0.845	0.939	0.937	1.01
2017-03-25	0	0	0	0
2017-03-26	0	0	0	0
2017-03-27	0	0	0	0
2017-03-28	0	0	0	0
2017-03-29	0	0	0	0
2017-03-30	3.15	3.24	3.25	3.36
2017-03-31	0.836	0.698	0.935	1.08
2017-04-01	3.13	2.92	2.84	2.52
2017-04-02	0	0	0	0
2017-04-03	0	0	0	0
2017-04-04	0	0	0	0
2017-04-05	0	0	0	0
2017-04-06	0	0	0	0
2017-04-07	0	0	0	0
2017-04-08	0	0.378	0	0.595
2017-04-09	0	0	0	0
2017-04-10	5.15	5.93	5.53	6.1
2017-04-11	0	0	0	0
2017-04-12	0	0	0	0
2017-04-13	0	0	0	0
2017-04-14	0	0	0	0
2017-04-15	0	0	0	0
2017-04-16	0	0	0	0
2017-04-17	0.967	0.916	0.817	0.988
2017-04-18	0	0	0	0
2017-04-19	0	0	0	0
2017-04-20	1.08	1.07	1.09	1.08
2017-04-21	0	0	0	0
2017-04-22	0	0	0	0
2017-04-23	0.298	0.35	0.722	0.324
2017-04-24	0	0	0	0
2017-04-25	7.59	7.06	7.54	7.2
2017-04-26	1.07	1.06	1.11	1.08
2017-04-27	1.4	0.925	1.29	0.969
2017-04-28	1.05	1.19	1.14	1.24
2017-04-29	0.363	0.298	0.0206	0.00916
2017-04-30	0	0	0	0
2017-05-01	0	0	0	0
2017-05-02	0	0	0	0
2017-05-03	0	0	0	0
2017-05-04	0	0	0	0
2017-05-05	0	0	0	0
2017-05-06	0	0	0	0
2017-05-07	3.75	3.79	3.88	4.01
2017-05-08	2.27	2.05	2.24	1.86
2017-05-09	2.3	2.64	2.49	3.24
2017-05-10	0.54	1.28	1.31	1.6
2017-05-11	0	0	0	0
2017-05-12	0.871	0.31	0.0493	0
2017-05-13	0	0	0	0
2017-05-14	1.93	1.4	1.93	1.89
2017-05-15	0	0	0	0
2017-05-16	0	0.021	0	0.00252
2017-05-17	3.13	2.66	2.78	2.18
2017-05-18	1.99	2.89	1.92	2.23
2017-05-19	0	0	0	0
2017-05-20	0	0	0	0
2017-05-21	0	0	0	0
2017-05-22	0	0	0	0
2017-05-23	0	0	0	0
2017-05-24	4.39	4.66	4.45	4.21
2017-05-25	0	0	0	0
2017-05-26	0	0	0	0
2017-05-27	0	0.401	0	0.0165
2017-05-28	0	0	0	0
2017-05-29	0	0	0	0
2017-05-30	4.46	3.53	4.59	4.39
2017-05-31	0	0	0	0
2017-06-01	0	0	0	0
2017-06-02	0	0	0	0
2017-06-03	0	0	0	0
2017-06-04	2.31	2.02	2.03	2
2017-06-05	7.97	7.3	7.63	6.92
2017-06-06	0	0	0	0
2017-06-07	2.31	1.78	2.29	2.08
2017-06-08	0	0	0	0
2017-06-09	0	0	0	0
2017-06-10	2.73	2.6	2.56	2.96
2017-06-11	1.27	1.23	0.072	1.51
2017-06-12	4.2	5.21	4.74	5.13
2017-06-13	5.84	5.54	5.68	5.45
2017-06-14	0	0	0	0
2017-06-15	0	0	0	0
2017-06-16	2.07	5.48	5	6.59
2017-06-17	0	0	0	0
2017-06-18	0	0	0	0
2017-06-19	4.31	4.3	4.44	4.44
2017-06-20	3.66	2.97	3.77	3.09
2017-06-21	0	0	0	0
2017-06-22	0	0	0	0
2017-06-23	0	0	0	0
2017-06-24	14	12.8	13.1	12.7
2017-06-25	2.84	2.57	2.83	2.78
2017-06-26	2.96	2.67	2.24	0.799
2017-06-27	0	0	0	0
2017-06-28	0	0	0	0
2017-06-29	0	0	0	0
2017-06-30	0	0	0	0
2017-07-01	0	0	0	0
2017-07-02	2.06	2.7	2.73	2.83
2017-07-03	6.75	5.16	4.94	3.84
2017-07-04	0	0	0	0
2017-07-05	0	0	0	0
2017-07-06	0	0	0	0
2017-07-07	0	0	0	0
2017-07-08	0	0	0	0
2017-07-09	2.13	2.72	2.55	2.89
2017-07-10	0	0	0	0
2017-07-11	4.2	4.97	4.8	5.22
2017-07-12	12.5	10.6	10.5	9.42
2017-07-13	4.36	5.2	4.94	5.32
2017-07-14	0	0	0	0
2017-07-15	0	0	0	0
2017-07-16	7.83	8.24	8.28	8.25
2017-07-17	1.63	1.17	1.36	0.477
2017-07-18	0	0.0834	0	0
2017-07-19	0	0	0	0
2017-07-20	0	0	0	0
2017-07-21	0	0.509	0	1.45
2017-07-22	3.93	4.27	4.88	5.21
2017-07-23	0	0	0	0
2017-07-24	3.67	3.82	3.91	4.06
2017-07-25	0	0.161	0	0.846
2017-07-26	0	0	0	0
2017-07-27	0	0	0	0
2017-07-28	8.07	8.33	8.65	8.81
2017-07-29	0	0	0	0
2017-07-30	1.61	1.02	1.46	0.496
2017-07-31	2.03	1.81	1.84	1.69
2017-08-01	0	0	0	0
2017-08-02	0.657	0.152	0.0372	0
2017-08-03	0	0	0	0
2017-08-04	14.9	13.6	14.6	13.9
2017-08-05	6.48	5.42	5.91	5.45
2017-08-06	5.02	5.84	5.81	6.07
2017-08-07	0.705	0.164	0.0399	0
2017-08-08	1.1	1.31	1.21	1.18
2017-08-09	2.93	3.21	3.05	3.46
2017-08-10	0.389	1.05	0.943	1.03
2017-08-11	0	0	0	0
2017-08-12	0	0	0	0
2017-08-13	1.84	1.71	1.72	1.66
2017-08-14	0	0	0	0
2017-08-15	0	0	0	0
2017-08-16	2.02	2.58	2.36	2.64
2017-08-17	0	0	0	0
2017-08-18	2.7	2.87	2.95	2.94
2017-08-19	10.9	10.6	10.3	10.2
2017-08-20	0	0	0	0
2017-08-21	0	0	0	0
2017-08-22	0	0	0	0
2017-08-23	0	0	0	0
2017-08-24	0.56	1.93	1.36	1.8
2017-08-25	0	0	0	0
2017-08-26	0	0	0	0
2017-08-27	0	0	0	0
2017-08-28	0	0	0	0
2017-08-29	0	0	0	0
2017-08-30	0	0	0	0
2017-08-31	1.31	1.11	1.22	1.15
2017-09-01	1.02	1.24	1.13	1.31
2017-09-02	0	0	0	0
2017-09-03	0	0	0	0
2017-09-04	0	0	0	0
2017-09-05	0	0	0	0
2017-09-06	0	0	0	0
2017-09-07	0.909	0.876	0.876	0.313
2017-09-08	2.4	2.69	2.55	2.64
2017-09-09	11.2	9.74	10.3	9.68
2017-09-10	8.85	8.93	8.87	8.69
2017-09-11	2.52	2.89	2.78	3.17
2017-09-12	5.49	4.71	5	4.22
2017-09-13	0	0	0	0
2017-09-14	4.72	5.11	5.03	5.72
2017-09-15	0.455	1.03	1.1	1.2
2017-09-16	0	0	0	0
2017-09-17	0	0	0	0
2017-09-18	1.48	1.54	1.56	1.61
2017-09-19	0.525	0.122	0.0298	0
2017-09-20	2.26	2.51	2.33	2.31
2017-09-21	0	0	0	0
2017-09-22	1.11	1.41	1.31	1.46
2017-09-23	0	0.114	0	0.587
2017-09-24	0	0	0	0
2017-09-25	0	0	0	0
2017-09-26	0	0	0	0
2017-09-27	0	0	0	0
2017-09-28	0	0	0	0
2017-09-29	0	0	0	0
2017-09-30	0	0	0	0
2017-10-01	0	0	0	0
2017-10-02	13.4	12.8	13	12.5
2017-10-03	3.91	3.74	3.76	3.72
2017-10-04	0	0.574	0	0.0249
2017-10-05	0	0.126	0	0.119
2017-10-06	0	0	0	0
2017-10-07	0	0	0	0
2017-10-08	3.24	3.44	3.39	3.47
2017-10-09	2.37	1.57	2.21	1.64
2017-10-10	2.25	1.83	1.98	0.693
2017-10-11	2.9	2.84	2.84	2.79
2017-10-12	15.5	15.8	16	16.4
2017-10-13	3.23	3.82	3.61	4.18
2017-10-14	0.887	0.206	0.0503	0
2017-10-15	1.75	1.96	1.93	2.13
2017-10-16	0	0	0	0
2017-10-17	7.14	7.3	7.34	7.59
2017-10-18	0	0	0	0
2017-10-19	0	0	0	0
2017-10-20	0	0	0	0
2017-10-21	0	0	0	0
2017-10-22	0	0	0	0
2017-10-23	1.67	1.28	1.76	1.78
2017-10-24	0	0	0	0
2017-10-25	15.8	15	15.2	14.4
2017-10-26	0	0	0	0
2017-10-27	0	0.727	0	1.04
2017-10-28	2.45	2.48	2.46	2.45
2017-10-29	0	0	0	0
2017-10-30	0	0	0	0
2017-10-31	0.768	1.92	1.86	2.4
2017-11-01	4.54	4.74	4.52	4.55
2017-11-02	0.814	0.256	0.0461	0
2017-11-03	0	0	0	0
2017-11-04	0	0	0	0
2017-11-05	2.77	3.11	2.93	3.21
2017-11-06	0	0.0129	0	0.00154
2017-11-07	0	0	0	0
2017-11-08	0	0	0	0
2017-11-09	2.13	2.23	2.18	2.27
2017-11-10	0	0	0	0
2017-11-11	4.1	3.41	3.81	3.38
2017-11-12	0	0	0	0
2017-11-13	0	0	0	0
2017-11-14	0	0	0	0
2017-11-15	0	0.189	0	0.127
2017-11-16	2.77	3.45	3.27	3.8
2017-11-17	3.3	3.36	3.36	3.52
2017-11-18	0	0	0	0
2017-11-19	3.63	3.5	3.48	3.29
2017-11-20	0.515	1.01	1.25	1.26
2017-11-21	1.53	1.38	1.29	0.459
2017-11-22	5.09	5.58	5.52	6.21
2017-11-23	18.4	18.8	18.5	18.5
2017-11-24	0	0	0	0
2017-11-25	0	0	0	0
2017-11-26	0	0	0	0
2017-11-27	2	1.3	1.79	1.36
2017-11-28	2.63	2.45	2.68	2.62
2017-11-29	6.6	5.64	6	5.74
2017-11-30	2.19	2.52	2.34	2.65
2017-12-01	0	0.342	0	0.015
2017-12-02	2.22	2.51	2.33	2.42
2017-12-03	0.626	0.145	0.0355	0
2017-12-04	0	0	0	0
2017-12-05	0	0	0	0
2017-12-06	0	0	0	0
2017-12-07	8.81	9.09	9.14	9.25
2017-12-08	1.12	1.38	1.27	1.48
2017-12-09	0.456	1.16	1.1	1.35
2017-12-10	1.94	2.18	2.1	2.36
2017-12-11	1.68	1.45	1.52	1.29
2017-12-12	0	0	0	0
2017-12-13	0.994	0.918	0.986	1.02
2017-12-14	7.26	6.34	6.65	5.99
2017-12-15	4.68	4.12	4.65	4.22
2017-12-16	0	0	0	0
2017-12-17	0	0	0	0
2017-12-18	0	0	0	0
2017-12-19	0	0.0757	0	0
2017-12-20	1.52	1	1.4	1.12
2017-12-21	0	0	0	0
2017-12-22	0	0	0	0
2017-12-23	0	0.136	0	0.653
2017-12-24	0	0	0	0
2017-12-25	1.04	0.994	0.901	0.323
2017-12-26	13.7	13.2	13.7	13.7
2017-12-27	2.82	4.38	3.57	4.27
2017-12-28	14.1	13.4	13.5	13
2017-12-29	7.03	7.23	7.16	7.33
2017-12-30	0	0	0	0
2017-12-31	3.87	3.75	3.84	3.96
2018-01-01	2.25	2.23	2.19	2.16
2018-01-02	0.498	0.657	0.543	0.603
2018-01-03	0.579	0.524	0.578	0.56
2018-01-04	8.42	7.49	7.97	7.54
2018-01-05	2.4	2.36	2.38	2.23
2018-01-06	0.206	0.135	0.222	0.0766
2018-01-07	0	0	0	0
2018-01-08	0	0	0	0
2018-01-09	0	0	0	0
2018-01-10	0	0	0	0
2018-01-11	0	0	0	0
2018-01-12	0	0	0	0
2018-01-13	0	0	0	0
2018-01-14	0	0	0	0
2018-01-15	0.351	0.455	0.416	0.522
2018-01-16	6.87	7.75	7.26	7.95
2018-01-17	4.11	4.01	4.06	4
2018-01-18	0.196	0.132	0.192	0.0654
2018-01-19	0	0.126	0	0.19
2018-01-20	0.505	0.573	0.546	0.577
2018-01-21	0	0	0	0
2018-01-22	0	0	0	0
2018-01-23	2.29	2.46	2.42	2.62
2018-01-24	3.12	3.37	3.18	3.29
2018-01-25	0.0884	0.282	0.214	0.262
2018-01-26	0	0	0	0
2018-01-27	0	0	0	0
2018-01-28	6.6	5.81	6.29	5.73
2018-01-29	1.41	1.33	1.39	1.35
2018-01-30	0	0	0	0
2018-01-31	7.54	7.76	7.58	7.71
2018-02-01	16.4	16.4	16.5	16.8
2018-02-02	0.956	1.02	0.985	0.964
2018-02-03	1.29	1.21	1.28	1.17
2018-02-04	0	0	0	0
2018-02-05	0	0	0	0
2018-02-06	0.447	0.457	0.433	0.379
2018-02-07	0	0	0	0
2018-02-08	0	0	0	0
2018-02-09	0	0	0	0
2018-02-10	0	0	0	0
2018-02-11	0.567	0.489	0.48	0.424
2018-02-12	4.8	4.78	4.77	4.8
2018-02-13	2.38	2.35	2.19	2.05
2018-02-14	0	0	0	0
2018-02-15	0	0	0	0
2018-02-16	1.47	1.35	1.4	1.29
2018-02-17	0	0.125	0	0.00422
2018-02-18	1.43	1.34	1.41	1.35
2018-02-19	0	0	0	0.0365
2018-02-20	0.537	0.706	0.663	0.829
2018-02-21	0	0	0	0
2018-02-22	0	0.00526	0	0
2018-02-23	0	0	0	0
2018-02-24	0.782	1.04	0.935	1.17
2018-02-25	0	0	0	0
2018-02-26	0.435	0.255	0.41	0.14
2018-02-27	1.38	1.38	1.42	1.47
2018-02-28	0	0	0	0
2018-03-01	0	0	0	0
2018-03-02	0	0	0	0
2018-03-03	0.524	0.547	0.51	0.524
2018-03-04	1.87	2.05	1.98	2.17
2018-03-05	1.63	1.52	1.53	1.42
2018-03-06	3.61	3.32	3.19	2.9
2018-03-07	1.59	1.65	1.56	1.6
2018-03-08	4.1	3.79	4.04	3.85
2018-03-09	2.57	2.35	2.45	2.21
2018-03-10	0	0	0	0
2018-03-11	0	0	0	0
2018-03-12	12.5	12.3	12.4	12.5
2018-03-13	0	0	0	0
2018-03-14	0	0	0	0
2018-03-15	0	0	0	0
2018-03-16	0	0	0	0
2018-03-17	0	0	0	0
2018-03-18	0	0	0	0
2018-03-19	0.821	1.14	0.985	1.22
2018-03-20	0.166	0.454	0.401	0.599
2018-03-21	0.779	0.556	0.792	0.67
2018-03-22	0	0.0081	0	0
2018-03-23	0.219	0.19	0.0124	0.00514
2018-03-24	0	0	0	0
2018-03-25	4.07	4.54	4.57	4.8
2018-03-26	0	0	0	0
2018-03-27	0	0	0	0
2018-03-28	0	0	0	0
2018-03-29	0	0	0	0
2018-03-30	0	0	0	0
2018-03-31	0	0	0	0
2018-04-01	0	0	0	0
2018-04-02	0	0	0	0
2018-04-03	0	0	0	0
2018-04-04	11.8	10.7	11	10.3
2018-04-05	4.12	3.93	3.9	3.8
2018-04-06	5.4	5.53	5.47	5.3
2018-04-07	0.108	0.025	0.00611	0
2018-04-08	2.23	2.2	2.28	2.34
2018-04-09	1.94	1.57	1.92	1.73
2018-04-10	0	0	0	0
2018-04-11	0	0	0	0
2018-04-12	0	0	0	0
2018-04-13	0	0	0	0
2018-04-14	0	0	0	0
2018-04-15	0	0	0	0
2018-04-16	0	0	0	0
2018-04-17	0	0	0	0
2018-04-18	0.674	0.956	0.839	1.1
2018-04-19	0	0	0	0
2018-04-20	11	10.3	10.4	9.49
2018-04-21	0	0	0	0
2018-04-22	0	0	0	0
2018-04-23	7.69	7.77	7.89	7.76
2018-04-24	0.749	1.18	1.05	1.18
2018-04-25	0	0	0	0
2018-04-26	0	0	0	0
2018-04-27	0	0	0	0
2018-04-28	0.322	1.12	0.78	1.71
2018-04-29	0.606	1.37	1.03	1.92
2018-04-30	0	0	0	0
2018-05-01	6	5.43	5.53	4.91
2018-05-02	1.32	1.68	1.58	1.77
2018-05-03	10.5	10.5	10.5	10.4
2018-05-04	0.496	0.507	0.425	0.368
2018-05-05	0	0	0	0
2018-05-06	0.0178	0.0559	0.00101	0.112
2018-05-07	0	0	0	0
2018-05-08	0	0	0	0
2018-05-09	0	0	0	0
2018-05-10	0	0	0	0
2018-05-11	0.418	1.15	1.01	1.56
2018-05-12	0.352	0.727	0.712	1.03
2018-05-13	0.0266	0.0336	0.0645	0.0473
2018-05-14	0	0	0	0
2018-05-15	0	0	0	0
2018-05-16	0.675	0.723	0.707	0.65
2018-05-17	5.5	4.49	4.79	4.39
2018-05-18	0	0	0	0
2018-05-19	0	0	0	0
2018-05-20	0	0	0	0
2018-05-21	0	0	0	0
2018-05-22	0	0	0	0
2018-05-23	0.0153	0.00356	0	0
2018-05-24	0	0	0	0
2018-05-25	0	0	0	0
2018-05-26	0	0	0	0
2018-05-27	0	0	0	0
2018-05-28	0	0	0	0
2018-05-29	0	0	0	0
2018-05-30	0	0	0	0
2018-05-31	0	0	0	0
2018-06-01	3.14	3.57	3.74	3.81
2018-06-02	0	0	0	0
2018-06-03	0	0	0	0
2018-06-04	0	0	0	0
2018-06-05	0.339	0.199	0.313	0.131
2018-06-06	0	0	0	0
2018-06-07	0	0	0	0
2018-06-08	0	0	0	0
2018-06-09	0	0	0	0
2018-06-10	0	0	0	0
2018-06-11	0.227	0.136	0.221	0.0753
2018-06-12	0	0	0	0
2018-06-13	0	0	0	0
2018-06-14	0.705	0.893	0.801	0.923
2018-06-15	0	0	0	0
2018-06-16	0	0.0958	0	0.136
2018-06-17	6.26	6.2	6.23	6.43
2018-06-18	3.2	3.19	3.23	3.26
2018-06-19	3.29	3.74	3.3	3.73
2018-06-20	0	0	0	0
2018-06-21	0.935	0.855	0.896	0.802
2018-06-22	0.973	0.681	0.856	0.587
2018-06-23	0	0	0	0
2018-06-24	0	0	0	0
2018-06-25	0	0	0	0
2018-06-26	0	0	0	0
2018-06-27	0	0	0	0
2018-06-28	4.9	4.39	4.37	4.08
2018-06-29	0	0	0	0
2018-06-30	0	0	0	0
2018-07-01	0	0	0	0
2018-07-02	0	0	0	0
2018-07-03	0	0	0	0
2018-07-04	0	0	0	0
2018-07-05	0	0.0234	0	0.0719
2018-07-06	0	0	0	0
2018-07-07	0	0	0	0
2018-07-08	0	0	0	0
2018-07-09	0	0	0	0
2018-07-10	0	0	0	0
2018-07-11	0.334	0.207	0.345	0.118
2018-07-12	1.16	2.87	2.51	3.31
2018-07-13	1.12	0.681	0.727	0.702
2018-07-14	1.34	1.07	1.08	1.07
2018-07-15	0	0	0	0
2018-07-16	0	0	0	0
2018-07-17	0	0	0	0
2018-07-18	0	0	0	0.0174
2018-07-19	0.192	0.207	0.137	0.155
2018-07-20	0.264	0.155	0.244	0.0832
2018-07-21	13.2	13.9	14.4	14.5
2018-07-22	13.2	11.5	11.2	8.83
2018-07-23	0.275	0.212	0.18	0.153
2018-07-24	0	0.0417	0	0.0615
2018-07-25	0	0	0	0
2018-07-26	0	0.0358	0	0.00241
2018-07-27	0	0	0	0
2018-07-28	10.1	10.1	10.3	10.7
2018-07-29	8.65	8.02	8.77	8
2018-07-30	3.31	3.23	2.8	3.99
2018-07-31	5.5	6.4	5.98	6.89
2018-08-01	4.28	3.58	3.77	3.15
2018-08-02	0.465	0.108	0.0264	0
2018-08-03	0	0	0	0
2018-08-04	3.43	3.54	3.61	3.59
2018-08-05	8.73	9.22	9.14	9.38
2018-08-06	0	0	0	0
2018-08-07	0	0	0	0
2018-08-08	0	0	0	0
2018-08-09	0	0	0	0
2018-08-10	11.4	11.2	11.2	11.8
2018-08-11	0	0	0	0
2018-08-12	0	0	0	0
2018-08-13	0	0	0	0
2018-08-14	0	0	0	0
2018-08-15	0	0	0	0
2018-08-16	0	0	0	0
2018-08-17	3.71	2.97	3.21	2.53
2018-08-18	3.01	3.69	3.48	3.88
2018-08-19	0	0	0	0
2018-08-20	0	0	0	0
2018-08-21	0	0	0	0
2018-08-22	5.33	6.29	5.9	6.07
2018-08-23	3.68	3.41	3.87	3.89
2018-08-24	9.35	8.89	9.18	8.41
2018-08-25	0	0	0	0.171
2018-08-26	4.65	4.43	4.31	4.45
2018-08-27	0	0	0	0
2018-08-28	0	0	0	0
2018-08-29	1.45	1.67	1.58	1.81
2018-08-30	3.91	4.33	4.09	4.28
2018-08-31	0	0	0	0
2018-09-01	0	0	0	0
2018-09-02	0	0	0	0
2018-09-03	0	0	0	0
2018-09-04	0	0	0	0
2018-09-05	0	0	0	0
2018-09-06	0	0	0	0
2018-09-07	0	0	0	0
2018-09-08	2.76	2.42	2.67	2.71
2018-09-09	0	0	0	0
2018-09-10	5.11	5.03	4.88	4.85
2018-09-11	8.23	8.17	8.02	8.23
2018-09-12	0	0	0	0
2018-09-13	0	0	0	0
2018-09-14	0	0	0	0
2018-09-15	3.84	3.99	3.9	3.78
2018-09-16	2.55	2.71	2.71	2.9
2018-09-17	1.91	1.76	1.61	1.41
2018-09-18	3.11	2.9	3.1	3.11
2018-09-19	0	0	0	0
2018-09-20	0	0	0	0
2018-09-21	4.82	4.56	4.72	4.53
2018-09-22	1.54	1.68	1.6	1.7
2018-09-23	0	0	0	0
2018-09-24	0	0	0	0
2018-09-25	0	0.18	0	0.0107
2018-09-26	2.05	2.1	2.02	2.03
2018-09-27	0.374	0.537	0.906	0.764
2018-09-28	0	0	0	0
2018-09-29	1.24	1.52	1.42	1.52
2018-09-30	0	0	0	0
2018-10-01	0	0	0	0
2018-10-02	0	0	0	0
2018-10-03	0.421	0.37	0.446	0.187
2018-10-04	0.355	0.421	0.372	0.407
2018-10-05	0.453	0.594	0.454	0.471
2018-10-06	0	0	0	0
2018-10-07	0	0	0	0
2018-10-08	3.14	3.23	3.14	3.15
2018-10-09	0.571	0.693	0.605	0.66
2018-10-10	0	0	0	0
2018-10-11	0	0	0	0
2018-10-12	0	0	0	0
2018-10-13	0	0	0	0
2018-10-14	0	0	0	0
2018-10-15	4.76	4.95	4.76	4.9
2018-10-16	0	0	0	0
2018-10-17	0	0	0	0
2018-10-18	0.963	0.985	0.937	0.907
2018-10-19	0	0	0	0
2018-10-20	0	0	0	0
2018-10-21	11.4	11.1	11.5	11.4
2018-10-22	0	0	0	0
2018-10-23	0.673	0.828	0.748	0.863
2018-10-24	0	0	0	0
2018-10-25	0	0	0	0
2018-10-26	0	0	0	0
2018-10-27	1.08	0.923	1.03	0.845
2018-10-28	0	0	0	0
2018-10-29	0.136	0.298	0.33	0.389
2018-10-30	20.9	20.3	20.3	20.4
2018-10-31	3.37	3.47	3.56	3.64
2018-11-01	0.421	0.646	0.507	0.515
2018-11-02	5.91	5.69	5.71	5.55
2018-11-03	0	0	0	0
2018-11-04	0	0	0	0
2018-11-05	0	0	0	0
2018-11-06	0.569	0.606	0.555	0.646
2018-11-07	0.614	0.653	0.569	0.595
2018-11-08	0.468	0.396	0.418	0.356
2018-11-09	0.325	0.33	0.347	0.343
2018-11-10	2.05	1.75	1.85	1.56
2018-11-11	2.84	3.3	3.42	3.71
2018-11-12	5.14	4.97	4.97	5.07
2018-11-13	0	0	0	0
2018-11-14	0	0	0	0
2018-11-15	0	0	0	0
2018-11-16	0	0	0	0
2018-11-17	0	0	0	0
2018-11-18	0	0	0	0
2018-11-19	0	0	0	0
2018-11-20	0	0	0	0
2018-11-21	0	0	0	0
2018-11-22	0	0	0	0
2018-11-23	0	0	0	0
2018-11-24	0	0	0	0
2018-11-25	0	0	0	0
2018-11-26	0	0	0	0
2018-11-27	0	0	0	0
2018-11-28	0	0	0	0
2018-11-29	0.221	0.214	0.218	0.21
2018-11-30	0	0	0	0
2018-12-01	0	0	0	0
2018-12-02	0.961	1.17	1.12	1.36
2018-12-03	12.6	12.1	12.4	11.9
2018-12-04	9.57	9.42	9.35	9.3
2018-12-05	0	0	0	0
2018-12-06	0	0	0	0
2018-12-07	2.5	2.16	2.27	2.09
2018-12-08	13.2	13.7	13.2	13.7
2018-12-09	3.95	4.17	4.03	4.06
2018-12-10	6.9	7.23	7.23	7.34
2018-12-11	0	0	0	0
2018-12-12	0	0	0	0
2018-12-13	0	0	0	0
2018-12-14	0	0	0	0
2018-12-15	0	0	0	0
2018-12-16	1.29	1.19	1.27	1.31
2018-12-17	4.1	4.1	4.12	4.08
2018-12-18	0	0	0	0
2018-12-19	0	0.043	0	0
2018-12-20	2.97	3.08	3.1	3.41
2018-12-21	2.1	1.85	2.02	1.81
2018-12-22	2.42	2.06	2.28	2.01
2018-12-23	0	0	0	0
2018-12-24	0.897	1.01	0.967	1.02
2018-12-25	0	0	0	0
2018-12-26	1.74	1.77	1.79	1.82
2018-12-27	0	0	0	0
2018-12-28	0	0	0	0
2018-12-29	0	0	0	0
2018-12-30	0.939	0.813	0.955	0.961
2018-12-31	5.33	5.65	5.4	5.41
2019-01-01	3.44	3.6	3.55	3.72
2019-01-02	0	0.0138	0	0.0917
2019-01-03	1.13	1.3	1.2	1.29
2019-01-04	7.25	7.56	7.37	7.46
2019-01-05	0.779	0.909	0.893	1.02
2019-01-06	0	0	0	0
2019-01-07	1.09	1.12	1.21	1.35
2019-01-08	2.19	2.1	2.27	2.37
2019-01-09	0	0	0	0
2019-01-10	0.428	0.495	0.46	0.453
2019-01-11	0	0	0	0
2019-01-12	0	0	0	0
2019-01-13	0	0	0	0
2019-01-14	0	0	0	0
2019-01-15	0	0	0	0
2019-01-16	4.37	4.38	4.48	4.63
2019-01-17	2.33	2.19	2.27	2.18
2019-01-18	0	0	0	0
2019-01-19	0.138	0.162	0.335	0.118
2019-01-20	0	0	0	0
2019-01-21	0	0	0	0
2019-01-22	0	0	0	0
2019-01-23	0.77	0.781	0.645	0.609
2019-01-24	1.11	1.21	0.875	0.832
2019-01-25	0	0	0	0
2019-01-26	1.31	1.23	1.18	1.05
2019-01-27	1.5	1.35	1.43	1.37
2019-01-28	5.1	4.82	4.94	4.83
2019-01-29	2.39	2.12	2.21	1.95
2019-01-30	0	0	0	0
2019-01-31	0	0	0	0
2019-02-01	4.08	3.94	4.14	4.2
2019-02-02	6.58	6.03	6.25	5.66
2019-02-03	6.35	6.36	6.31	6.2
2019-02-04	0	0	0	0
2019-02-05	1.11	1.03	1.15	1.2
2019-02-06	1.24	1.5	1.39	1.53
2019-02-07	1.04	1.27	1.17	1.34
2019-02-08	3.02	2.75	2.81	2.57
2019-02-09	3.98	4.06	3.87	3.88
2019-02-10	1.45	1.39	1.41	1.45
2019-02-11	0	0	0	0
2019-02-12	0.336	0.487	0.424	0.561
2019-02-13	0.172	0.0398	0.00973	0
2019-02-14	0	0	0	0
2019-02-15	0	0	0	0
2019-02-16	0	0	0	0
2019-02-17	0	0	0	0
2019-02-18	0	0	0	0
2019-02-19	0	0	0	0
2019-02-20	0	0	0	0
2019-02-21	0.0994	0.17	0.241	0.393
2019-02-22	0	0.124	0	0.00591
2019-02-23	0	0	0	0
2019-02-24	0	0	0	0
2019-02-25	0	0	0	0
2019-02-26	0	0	0	0
2019-02-27	0	0	0	0
2019-02-28	0.91	1.2	1.18	1.38
2019-03-01	0	0	0	0
2019-03-02	0	0.262	0	0.34
2019-03-03	3.92	4.13	4.2	4.5
2019-03-04	2.26	2.25	2.27	2.31
2019-03-05	0	0	0	0
2019-03-06	0	0	0	0
2019-03-07	8.25	7.89	8.03	7.76
2019-03-08	10.2	10.6	10.4	10.6
2019-03-09	0	0	0	0
2019-03-10	0.596	0.438	0.616	0.491
2019-03-11	0	0	0	0
2019-03-12	0	0	0	0
2019-03-13	12.4	12.1	12.3	12.1
2019-03-14	3.28	3.5	3.31	3.35
2019-03-15	0	0	0	0
2019-03-16	0.479	0.281	0.0271	0.00597
2019-03-17	12.4	12.5	12.3	12.3
2019-03-18	2.7	2.12	2.41	2.2
2019-03-19	0	0	0	0
2019-03-20	2	2.03	2.1	2.17
2019-03-21	0	0	0	0
2019-03-22	0.241	0.282	0.583	0.206
2019-03-23	0	0	0	0
2019-03-24	0	0	0	0
2019-03-25	0.588	0.676	0.648	0.658
2019-03-26	0.594	0.651	0.62	0.615
2019-03-27	0	0	0	0
2019-03-28	0	0	0	0
2019-03-29	0.723	0.881	0.814	0.922
2019-03-30	0	0	0	0
2019-03-31	0	0	0	0.0373
2019-04-01	0.0352	0.0908	0.0851	0.105
2019-04-02	0	0	0	0
2019-04-03	0	0	0	0
2019-04-04	2.03	1.96	1.92	1.78
2019-04-05	2.38	2.16	2.35	2.33
2019-04-06	6.51	6.73	6.65	6.83
2019-04-07	1.67	1.69	1.58	1.44
2019-04-08	0	0	0	0
2019-04-09	0.671	0.615	0.662	0.616
2019-04-10	0.0589	0.0673	0.0667	0.0743
2019-04-11	0	0	0	0
2019-04-12	0	0	0	0
2019-04-13	0	0	0	0
2019-04-14	0	0	0	0
2019-04-15	0	0	0	0
2019-04-16	0	0	0	0
2019-04-17	0	0	0	0
2019-04-18	0	0	0	0
2019-04-19	0	0	0	0
2019-04-20	0	0	0	0
2019-04-21	0	0	0	0
2019-04-22	0	0	0	0
2019-04-23	0	0	0	0
2019-04-24	0	0	0	0
2019-04-25	0	0	0	0
2019-04-26	0	0	0	0
2019-04-27	0	0	0	0
2019-04-28	0	0	0	0
2019-04-29	0.168	0.229	0.234	0.372
2019-04-30	0.0322	0.00748	0.00183	0
2019-05-01	0	0	0	0
2019-05-02	13.6	12.8	13.5	12.7
2019-05-03	0	0	0	0
2019-05-04	0	0	0	0
2019-05-05	0	0	0	0
2019-05-06	5.04	4.72	4.39	4.79
2019-05-07	6.08	6.01	5.86	5.89
2019-05-08	0	0	0	0
2019-05-09	0	0	0	0
2019-05-10	0	0	0	0
2019-05-11	0	1.09	0	1.95
2019-05-12	0	0	0	0
2019-05-13	0	0	0	0
2019-05-14	0	0	0	0
2019-05-15	0	0	0	0
2019-05-16	0	0	0	0
2019-05-17	0	0	0	0
2019-05-18	0	0	0	0
2019-05-19	4.58	4.9	5.26	5.33
2019-05-20	0	0	0	0
2019-05-21	0	0	0	0
2019-05-22	0	0	0	0
2019-05-23	6.54	6.35	6.42	5.81
2019-05-24	1.08	1.27	2.61	1.24
2019-05-25	1.76	0.604	0.0997	0
2019-05-26	3.65	4.49	4.05	4.99
2019-05-27	3.2	3.15	3.18	3.22
2019-05-28	3.11	3.12	3.05	2.65
2019-05-29	4.94	4.91	4.85	4.61
2019-05-30	5.3	5.53	5.62	5.75
2019-05-31	0	0	0	0
2019-06-01	5.74	5.72	6	6.27
2019-06-02	0	0	0	0
2019-06-03	3.61	3.59	3.68	3.85
2019-06-04	0	0	0	0
2019-06-05	0	0	0	0
2019-06-06	0	0	0	0
2019-06-07	0	0	0	0.219
2019-06-08	0	0	0	0
2019-06-09	4.77	4.14	4.49	4.16
2019-06-10	5.87	5.15	4.89	4.57
2019-06-11	0	0	0	0
2019-06-12	1.49	0.926	1.54	0.528
2019-06-13	8.8	9.09	9.17	9.62
2019-06-14	9.43	10.6	9.41	9.71
2019-06-15	0	0	0	0
2019-06-16	0	0	0	0
2019-06-17	0	0	0	0
2019-06-18	0	0	0	0
2019-06-19	0	0	0	0
2019-06-20	9.1	10.3	10.3	11.2
2019-06-21	0	0.0336	0	0.00402
2019-06-22	5.2	5.13	4.75	5.01
2019-06-23	2.95	2.35	1.91	1.68
2019-06-24	0	0	0	0
2019-06-25	1.95	1.94	2.15	2.42
2019-06-26	5.5	4.97	5.52	4.78
2019-06-27	0	0	0	0
2019-06-28	0	0	0	0
2019-06-29	0	0	0	0
2019-06-30	3.22	3.72	3.84	3.64
2019-07-01	3.53	3.86	3.71	4.07
2019-07-02	0	0	0	0
2019-07-03	0	0	0	0
2019-07-04	3.35	3.58	3.54	3.93
2019-07-05	1.03	0.362	0.0586	0
2019-07-06	5.13	4.47	4.26	3.93
2019-07-07	0	0	0	0
2019-07-08	2.86	3.32	2.79	3
2019-07-09	0	0	0	0
2019-07-10	0	0	0	0
2019-07-11	0	0	0	0
2019-07-12	4.54	4.77	4.98	4.7
2019-07-13	3.54	3.7	4.13	4.29
2019-07-14	0	0	0	0
2019-07-15	3.56	3.65	3.57	3.46
2019-07-16	7.36	6.54	7.11	6.47
2019-07-17	0	0	0	0
2019-07-18	0	0	0	0
2019-07-19	0.83	1.31	2.01	2.26
2019-07-20	0	0.484	0	0.0265
2019-07-21	2.17	2.71	2.51	3.31
2019-07-22	9.14	7.82	7.77	6.41
2019-07-23	0	0	0	0
2019-07-24	0	0	0	0
2019-07-25	0	0	0	0
2019-07-26	0	0	0	0
2019-07-27	0	0	0	0
2019-07-28	0	0	0	0
2019-07-29	5.26	5.72	5.85	6.44
2019-07-30	0	0	0	0
2019-07-31	0	0	0	0
2019-08-01	0	0	0	0
2019-08-02	0.604	1.04	1.46	1.45
2019-08-03	2.38	2.58	2.41	2.08
2019-08-04	0	0	0	0
2019-08-05	0	0	0	0
2019-08-06	4.33	4.63	4.41	4.7
2019-08-07	13.7	14.3	15.2	14.4
2019-08-08	7.46	7.6	7.49	7.89
2019-08-09	0	0.209	0	1.14
2019-08-10	1.97	2.32	2.31	2.66
2019-08-11	5.61	5.21	5.24	5.01
2019-08-12	6.12	5.11	4.25	4.67
2019-08-13	2.3	1.66	2.49	1.64
2019-08-14	0	0	0	0
2019-08-15	0	0	0	0
2019-08-16	0	0	0	0
2019-08-17	1.95	1.59	1.92	0.771
2019-08-18	0	0.353	0	0.0141
2019-08-19	0	0.252	0	0.129
2019-08-20	0	0	0	0
2019-08-21	1.41	0.327	0.0798	0
2019-08-22	1.9	2.13	2.07	2.18
2019-08-23	0	0	0	0
2019-08-24	0	0	0	0
2019-08-25	0	0	0	0
2019-08-26	0	0	0	0
2019-08-27	0	0	0	0
2019-08-28	0	0	0	0
2019-08-29	1.88	2.33	2.32	2.95
2019-08-30	0	0	0	0
2019-08-31	0	0	0	0
2019-09-01	3.21	2.11	2.81	2.46
2019-09-02	0	0	0	0
2019-09-03	7.47	7.81	7.81	7.98
2019-09-04	4.76	4.69	4.83	4.88
2019-09-05	11.6	11.3	11.1	10.9
2019-09-06	0	0	0	0
2019-09-07	11.2	11.6	11.6	12.1
2019-09-08	0	0	0	0
2019-09-09	2.77	1.58	2.5	0.849
2019-09-10	3.34	4.14	3.9	4.37
2019-09-11	1.76	1.28	0.0997	1.51
2019-09-12	0	0	0	0
2019-09-13	0	0	0	0
2019-09-14	1.12	2.45	2.7	2.99
2019-09-15	6.17	6.04	5.74	5.27
2019-09-16	2.83	3.41	3.36	3.72
2019-09-17	0	0	0	0
2019-09-18	0	0	0	0
2019-09-19	0	0	0	0
2019-09-20	9.63	10.8	10.8	11.4
2019-09-21	4.27	2.83	3.25	1.11
2019-09-22	0	0.277	0	1.29
2019-09-23	0	0	0	0
2019-09-24	0	0	0	0
2019-09-25	0	0	0	0
2019-09-26	0	0	0	0
2019-09-27	0	0	0	0
2019-09-28	3.51	3.74	3.82	4.36
2019-09-29	0	0.698	0	0.0314
2019-09-30	5.58	4.38	4.87	3.98
2019-10-01	10.5	11.5	10.5	11.1
2019-10-02	2.05	1.89	2.07	1.91
2019-10-03	0.339	0.397	0.82	0.29
2019-10-04	0	0	0	0
2019-10-05	0	0	0	0
2019-10-06	0	0	0	0
2019-10-07	0	0	0	0
2019-10-08	1.06	0.995	0.95	0.772
2019-10-09	0	0.0919	0	0
2019-10-10	0.561	0.13	0.0318	0
2019-10-11	0	0.0998	0	0.526
2019-10-12	3.64	4.04	3.85	4.02
2019-10-13	0	0	0	0
2019-10-14	0	0	0	0
2019-10-15	1.97	1.64	2	1.89
2019-10-16	7.92	7.1	7.77	7.45
2019-10-17	6.56	5.59	6.12	5.13
2019-10-18	0.874	0.927	0.849	0.899
2019-10-19	14.9	15.4	15	15.8
2019-10-20	3.95	3.28	3.9	3.62
2019-10-21	0	0	0	0
2019-10-22	0	0.303	0	0.0815
2019-10-23	0	0	0	0
2019-10-24	2.04	2.52	2.45	2.64
2019-10-25	2.29	2.72	2.33	2.58
2019-10-26	0	0	0	0
2019-10-27	0	0	0	0
2019-10-28	0	0	0	0
2019-10-29	0	0	0	0
2019-10-30	0	0	0	0
2019-10-31	0	0	0	0
2019-11-01	0	0	0	0
2019-11-02	0	0	0	0
2019-11-03	0	0	0	0
2019-11-04	0	0	0	0
2019-11-05	0	0	0	0
2019-11-06	0	0	0	0
2019-11-07	0	0	0	0
2019-11-08	0.291	0.179	0.295	0.101
2019-11-09	0	0	0	0
2019-11-10	2.35	2.27	2.22	2.01
2019-11-11	5.35	5.41	5.26	5.3
2019-11-12	6.26	6.89	6.51	6.81
2019-11-13	0	0	0	0
2019-11-14	0	0	0	0
2019-11-15	0	0	0	0
2019-11-16	5.95	5.55	5.89	5.76
2019-11-17	6.07	5.88	5.83	5.7
2019-11-18	1.39	1.79	1.6	1.94
2019-11-19	2.9	3.17	3.01	3.39
2019-11-20	0	0.0921	0	0.00441
2019-11-21	0.308	0.383	0.376	0.448
2019-11-22	3.41	3.51	3.59	3.72
2019-11-23	1.82	1.62	1.71	1.46
2019-11-24	0	0	0	0
2019-11-25	0	0	0	0
2019-11-26	2.67	2.64	2.6	2.56
2019-11-27	3.66	2.95	3.42	2.97
2019-11-28	6.4	6.49	6.49	6.65
2019-11-29	0	0	0	0
2019-11-30	0	0	0	0
2019-12-01	0	0	0	0
2019-12-02	0	0	0	0
2019-12-03	2.06	2.31	2.16	2.22
2019-12-04	0.377	0.0875	0.0214	0
2019-12-05	0	0.0242	0	0
2019-12-06	0.397	0.381	0.362	0.129
2019-12-07	0	0	0	0
2019-12-08	10.7	11	11	11.1
2019-12-09	0.818	1.08	0.999	1.21
2019-12-10	0.999	1.25	1.16	1.34
2019-12-11	1.08	1.15	1.11	1.18
2019-12-12	0	0	0	0
2019-12-13	1	0.841	0.938	0.861
2019-12-14	14.6	13.5	14.1	13.4
2019-12-15	4.79	4.83	4.61	4.39
2019-12-16	0	0	0	0
2019-12-17	0	0	0	0
2019-12-18	0	0	0	0
2019-12-19	2.93	2.9	3.08	3.15
2019-12-20	0	0	0	0
2019-12-21	0.694	0.995	0.909	1.2
2019-12-22	7.4	7.27	7.31	7.15
2019-12-23	0	0	0	0
2019-12-24	0	0.0717	0	0.362
2019-12-25	0.968	0.905	0.867	0.859
2019-12-26	0	0	0	0
2019-12-27	0	0	0	0
2019-12-28	0.146	0.224	0.353	0.407
2019-12-29	0	0	0	0
2019-12-30	0	0.136	0	0.00626
2019-12-31	0	0	0	0
2020-01-01	0	0	0	0
2020-01-02	0	0	0	0
2020-01-03	0	0.302	0	0.0125
2020-01-04	0	0	0	0
2020-01-05	0.939	1.09	1.02	1.15
2020-01-06	0	0	0	0
2020-01-07	0.339	0.251	0.0192	0.00808
2020-01-08	2.46	2.73	2.64	2.75
2020-01-09	0	0	0	0
2020-01-10	0	0	0	0
2020-01-11	0.84	0.782	0.762	0.758
2020-01-12	0	0	0	0
2020-01-13	0	0	0	0
2020-01-14	0.789	0.859	0.833	0.931
2020-01-15	3.03	3.02	3.08	3.27
2020-01-16	0	0	0	0
2020-01-17	0	0	0	0.0571
2020-01-18	2.08	1.92	2.02	1.82
2020-01-19	0.109	0.128	0.264	0.0932
2020-01-20	0	0	0	0
2020-01-21	0	0	0	0
2020-01-22	0	0	0	0
2020-01-23	0.111	0.187	0.269	0.363
2020-01-24	0.396	0.349	0.448	0.615
2020-01-25	0.409	0.474	0.432	0.406
2020-01-26	0.695	0.653	0.624	0.56
2020-01-27	1.9	2.08	1.91	2
2020-01-28	1.87	1.67	1.84	1.77
2020-01-29	12.2	11.2	11.6	10.7
2020-01-30	4.25	4.58	4.59	4.98
2020-01-31	2.98	3.15	3.1	3.24
2020-02-01	3.21	3.23	3.26	3.29
2020-02-02	0	0	0	0
2020-02-03	0	0	0	0
2020-02-04	0	0	0	0
2020-02-05	0.226	0.326	0.279	0.327
2020-02-06	0.0959	0.199	0.232	0.346
2020-02-07	0.805	0.601	0.651	0.422
2020-02-08	0	0	0	0
2020-02-09	1.69	1.77	1.73	1.87
2020-02-10	0.0852	0.0323	0.00483	0
2020-02-11	0	0	0	0
2020-02-12	0	0.00399	0	0.0275
2020-02-13	0	0	0	0
2020-02-14	0	0	0	0
2020-02-15	0.827	0.798	0.645	0.598
2020-02-16	3.51	3.91	3.74	3.99
2020-02-17	0.558	0.627	0.589	0.628
2020-02-18	0	0	0	0
2020-02-19	0	0	0	0
2020-02-20	1.19	1.21	1.19	1.22
2020-02-21	2.67	2.62	2.63	2.54
2020-02-22	6.31	5.85	6.22	5.92
2020-02-23	0	0	0	0
2020-02-24	0	0	0	0
2020-02-25	0	0	0	0
2020-02-26	0	0	0	0
2020-02-27	0	0	0	0
2020-02-28	0	0	0	0
2020-02-29	0	0	0	0
2020-03-01	6.18	6.06	6.35	6.45
2020-03-02	5.69	5.76	5.64	5.72
2020-03-03	2.22	2.04	2.21	2.14
2020-03-04	13.1	12.2	12.5	11.8
2020-03-05	1.31	1.3	1.24	1.15
2020-03-06	0	0	0	0
2020-03-07	0	0	0	0
2020-03-08	1.8	1.9	1.83	1.94
2020-03-09	0	0	0	0
2020-03-10	0	0	0	0
2020-03-11	0.971	0.902	0.896	0.823
2020-03-12	0.635	0.415	0.709	0.244
2020-03-13	0	0	0	0
2020-03-14	0	0	0	0
2020-03-15	0	0.141	0	0.414
2020-03-16	0	0	0	0
2020-03-17	0	0	0	0
2020-03-18	0	0	0	0
2020-03-19	0	0.163	0	0.00892
2020-03-20	0.818	1.04	0.98	1.16
2020-03-21	0	0	0	0
2020-03-22	0	0	0	0
2020-03-23	0	0	0	0
2020-03-24	0	0	0	0
2020-03-25	0	0	0	0
2020-03-26	0.965	1.29	1.1	1.34
2020-03-27	0	0	0	0
2020-03-28	0	0	0	0
2020-03-29	0.807	1.01	0.869	1.03
2020-03-30	0	0	0	0
2020-03-31	0.605	0.854	0.73	0.846
2020-04-01	1.1	0.89	1.12	0.975
2020-04-02	6.35	5.8	6.1	5.68
2020-04-03	2.12	2.26	2.19	2.24
2020-04-04	0	0	0	0
2020-04-05	0	0	0	0
2020-04-06	0	0	0	0
2020-04-07	3.12	2.79	2.93	2.94
2020-04-08	1.7	1.88	1.82	1.94
2020-04-09	0	0	0	0
2020-04-10	0	0	0	0
2020-04-11	1.06	0.785	1.06	1.1
2020-04-12	0	0.408	0	0.0179
2020-04-13	0.551	0.317	0.0312	0.0939
2020-04-14	2.32	2.41	2.41	2.51
2020-04-15	1.77	1.81	1.62	1.66
2020-04-16	0	0	0	0
2020-04-17	0	0	0	0
2020-04-18	0	0	0	0
2020-04-19	0	0	0	0
2020-04-20	0	0	0	0
2020-04-21	0	0	0	0
2020-04-22	0	0	0	0
2020-04-23	0	0	0	0
2020-04-24	0	0	0	0
2020-04-25	0	0.0124	0	0.00149
2020-04-26	0	0	0	0
2020-04-27	0	0	0	0
2020-04-28	0.563	1.28	1.36	1.48
2020-04-29	0	0	0	0
2020-04-30	0	0	0	0
2020-05-01	8.73	8.03	8.3	7.6
2020-05-02	2.07	2.49	2.21	2.22
2020-05-03	1.39	1.11	1.33	0.464
2020-05-04	0	0	0	0
2020-05-05	0	0	0	0
2020-05-06	0	0	0	0
2020-05-07	0	0	0	0
2020-05-08	2.57	2.66	2.64	2.86
2020-05-09	1.52	1.32	1.31	1.14
2020-05-10	9.12	9.44	9.65	10.3
2020-05-11	0	0	0	0
2020-05-12	0	0	0	0
2020-05-13	0	0	0	0
2020-05-14	0	0	0	0
2020-05-15	0.476	1.08	1.15	1.34
2020-05-16	0	0	0	0
2020-05-17	4.03	3.74	3.43	3.77
2020-05-18	0	0	0	0
2020-05-19	0.654	0.152	0.0371	0
2020-05-20	0	0	0	0
2020-05-21	0	0	0	0
2020-05-22	0	0	0	0
2020-05-23	1.31	1.58	1.56	1.81
2020-05-24	1.73	1.99	1.98	2.14
2020-05-25	0	0	0	0
2020-05-26	0	0	0	0
2020-05-27	0	0.0149	0	0.00178
2020-05-28	0	0	0	0
2020-05-29	0	0	0	0
2020-05-30	0	0	0	0
2020-05-31	0	0	0	0
2020-06-01	0.519	0.203	0.236	0.0749
2020-06-02	1.31	2.31	2.14	2.58
2020-06-03	1.68	2.47	1.94	2.24
2020-06-04	0	0	0	0
2020-06-05	0.201	0.259	0.267	0.29
2020-06-06	13.5	12.3	13.2	12.3
2020-06-07	1.77	1.62	1.52	1.45
2020-06-08	0.464	0.957	0.805	1.01
2020-06-09	0	0.0711	0	0.114
2020-06-10	0	0	0	0
2020-06-11	0	0	0	0
2020-06-12	0	0	0	0
2020-06-13	0	0	0	0
2020-06-14	0	0	0	0
2020-06-15	0	0	0	0
2020-06-16	0	0	0	0
2020-06-17	12	10.8	11.5	10.8
2020-06-18	0	0	0	0
2020-06-19	0.127	0.0579	0.00717	0
2020-06-20	0	0	0	0
2020-06-21	0	0	0	0
2020-06-22	0	0	0	0
2020-06-23	0	0	0	0
2020-06-24	0	0	0	0
2020-06-25	0	0	0	0
2020-06-26	0	0	0	0
2020-06-27	0	0	0	0
2020-06-28	0.164	0.383	0.396	0.638
2020-06-29	8.04	8.46	7.76	8.3
2020-06-30	1.07	0.937	1.05	1.1
2020-07-01	0	0	0	0
2020-07-02	9.7	7.84	8.75	7.34
2020-07-03	0	0.0326	0	0.0039
2020-07-04	1.12	0.26	0.0635	0
2020-07-05	10.4	9.83	9.98	9.69
2020-07-06	4.13	6.87	5.09	6.1
2020-07-07	0	0	0	0
2020-07-08	11	9	9.77	9.41
2020-07-09	3.43	2.97	3	2.31
2020-07-10	0	0	0	0
2020-07-11	2.68	3	3.78	3.57
2020-07-12	0	0	0	0.207
2020-07-13	0	0	0	0
2020-07-14	0	0	0	0
2020-07-15	1.01	2.22	2.46	3.01
2020-07-16	2.99	3.8	3.41	4.07
2020-07-17	0	0	0	0
2020-07-18	0	0	0	0
2020-07-19	0	0	0	0
2020-07-20	13.4	14.7	13.6	15
2020-07-21	0	0	0	0
2020-07-22	0	0	0	0
2020-07-23	6.23	5.93	5.59	5.29
2020-07-24	4.97	5.38	5.29	5.64
2020-07-25	0	0	0	0
2020-07-26	0	0	0	0
2020-07-27	6.96	6.65	6.84	6.71
2020-07-28	4.39	3.83	4.19	3.96
2020-07-29	4.38	4.46	4.46	4.08
2020-07-30	10	10.1	10.6	10.4
2020-07-31	0	0	0	0
2020-08-01	0	0	0	0
2020-08-02	0.891	1.26	1.19	1.4
2020-08-03	2.45	3.44	2.63	2.92
2020-08-04	0	0	0	0
2020-08-05	0	0.144	0	0.00869
2020-08-06	0	0	0	0
2020-08-07	0	0	0	0
2020-08-08	0	0	0	0
2020-08-09	0	0	0	0
2020-08-10	0	0	0	0
2020-08-11	0	0	0	0
2020-08-12	0	0	0	0
2020-08-13	1.81	1.94	2.19	2.49
2020-08-14	0	0	0	0
2020-08-15	0	0	0	0
2020-08-16	0	0	0	0
2020-08-17	0	0	0	0
2020-08-18	9.18	7.51	8.01	6.66
2020-08-19	0	0	0	0
2020-08-20	1.23	0.719	0.874	0.292
2020-08-21	2.91	3.28	3.38	3.99
2020-08-22	0	0.0747	0	0.392
2020-08-23	3.4	3.82	3.46	3.94
2020-08-24	1.81	1.73	1.62	1.54
2020-08-25	0	0	0	0
2020-08-26	0	0	0	0
2020-08-27	0	0	0	0
2020-08-28	0	0	0	0
2020-08-29	1.65	1.41	1.43	1.26
2020-08-30	4.09	4.09	4.63	4.53
2020-08-31	0	0	0	0
