DATE	6284	8447	18451	18834
1979-02-01	-12.62	-13.19	-12.35	-13.01
1979-02-02	-15.26	-15.81	-15.06	-15.73
1979-02-03	-18.31	-18.62	-17.93	-18.48
1979-02-04	-17.04	-17.78	-16.84	-17.61
1979-02-05	-20.82	-21.3	-20.46	-21.13
1979-02-06	-19.42	-19.75	-18.98	-19.31
1979-02-07	-9.12	-9.35	-8.59	-8.91
1979-02-08	-8.21	-9.02	-8.01	-8.76
1979-02-09	-9.2	-9.69	-8.81	-9.3
1979-02-10	-7.44	-8.03	-7.16	-7.75
1979-02-11	-8.11	-8.76	-7.87	-8.57
1979-02-12	-8.1	-8.21	-7.48	-7.63
1979-02-13	-20.71	-21.19	-20.19	-20.61
1979-02-14	-22.51	-23.3	-22.3	-22.87
1979-02-15	-16.84	-17.47	-16.83	-17.63
1979-02-16	-9.15	-10.05	-9.34	-10.67
1979-02-17	-10.08	-11.21	-10.21	-11.52
1979-02-18	-13.53	-13.96	-12.91	-13.51
1979-02-19	-13.14	-13.15	-12.44	-12.63
1979-02-20	-11	-11.27	-10.53	-10.83
1979-02-21	-10.32	-10.45	-9.43	-9.72
1979-02-22	-7.22	-7.71	-6.84	-7.35
1979-02-23	-7.04	-7.54	-6.73	-7.28
1979-02-24	-3.61	-4.31	-3.44	-4.2
1979-02-25	-1.03	-1.65	-0.81	-1.49
1979-02-26	-0.82	-1.4	-0.58	-1.22
1979-02-27	-3.75	-4.45	-3.53	-4.25
1979-02-28	-1.71	-2.1	-1.33	-1.79
1979-03-01	-1.74	-2.3	-1.44	-2.16
1979-03-02	-1.96	-2.74	-1.73	-2.59
1979-03-03	3.15	2.45	3.45	2.68
1979-03-04	0.68	-0.12	0.87	-0.02
1979-03-05	1.33	0.54	1.52	0.66
1979-03-06	2.9	2.19	3.13	2.32
1979-03-07	0.39	-0.23	0.64	-0.15
1979-03-08	-0.14	-0.68	0.17	-0.57
1979-03-09	-0.06	-0.65	0.26	-0.47
1979-03-10	-0.85	-1.43	-0.51	-1.22
1979-03-11	-1	-1.55	-0.65	-1.34
1979-03-12	-2.36	-2.99	-2.07	-2.87
1979-03-13	-2.66	-3.35	-2.42	-3.22
1979-03-14	-2.76	-3.54	-2.57	-3.45
1979-03-15	-6.62	-7.08	-6.2	-6.82
1979-03-16	-13.21	-13.72	-12.81	-13.5
1979-03-17	-15.55	-16.28	-15.25	-16.1
1979-03-18	-13.1	-13.79	-12.84	-13.73
1979-03-19	-9.54	-9.75	-8.86	-9.2
1979-03-20	-1.83	-2.49	-1.61	-2.4
1979-03-21	-1.72	-2.19	-1.31	-2
1979-03-22	-5.6	-6.05	-5.19	-5.76
1979-03-23	-1.75	-2.27	-1.36	-1.99
1979-03-24	-1.83	-2.5	-1.61	-2.44
1979-03-25	-0.58	-1.17	-0.24	-0.99
1979-03-26	0.61	0.13	1.01	0.38
1979-03-27	0.56	0.1	0.98	0.38
1979-03-28	0.31	-0.04	0.78	0.27
1979-03-29	-0.05	-0.45	0.37	-0.21
1979-03-30	-0.45	-0.92	-0.11	-0.74
1979-03-31	0.06	-0.51	0.34	-0.39
1979-04-01	0.35	-0.13	0.63	0.13
1979-04-02	0.68	0.2	0.96	0.44
1979-04-03	0.14	-0.26	0.47	0.01
1979-04-04	0.44	-0.04	0.74	0.26
1979-04-05	0.5	0.13	0.85	0.42
1979-04-06	0.06	-0.44	0.32	-0.21
1979-04-07	0.68	0.19	0.98	0.51
1979-04-08	0.64	-0.08	0.84	0.18
1979-04-09	-0.18	-0.79	0.06	-0.46
1979-04-10	0.64	0.34	1.09	0.75
1979-04-11	2.83	2.4	3.18	2.74
1979-04-12	0.79	0.96	1.61	1.76
1979-04-13	-3.21	-3.64	-2.84	-3.27
1979-04-14	-2.3	-3.06	-2.12	-2.76
1979-04-15	-3.54	-4.21	-3.34	-3.95
1979-04-16	-2.53	-2.84	-2.13	-2.4
1979-04-17	-1.63	-2.28	-1.46	-2
1979-04-18	-0.47	-0.8	-0.08	-0.4
1979-04-19	2.3	1.87	2.63	2.16
1979-04-20	2.56	2.36	3.11	2.9
1979-04-21	1.06	0.73	1.48	1.15
1979-04-22	0.81	0.42	1.21	0.86
1979-04-23	0.73	0.29	1.07	0.61
1979-04-24	1.09	0.73	1.42	0.96
1979-04-25	1.58	1.14	1.86	1.34
1979-04-26	2.11	1.71	2.43	1.99
1979-04-27	2.63	2.25	2.92	2.56
1979-04-28	4.11	3.56	4.34	3.81
1979-04-29	3.45	2.81	3.64	3.1
1979-04-30	1.46	0.92	1.65	1.15
1979-05-01	0.66	0.24	0.99	0.41
1979-05-02	0.06	-0.41	0.47	-0.1
1979-05-03	1.34	0.75	1.64	0.99
1979-05-04	0.74	0.25	1.13	0.6
1979-05-05	0.55	0.2	0.97	0.58
1979-05-06	1.1	0.74	1.42	1.12
1979-05-07	1.65	1.13	1.9	1.47
1979-05-08	2.46	2.19	2.75	2.53
1979-05-09	3.56	3.04	3.79	3.34
1979-05-10	1.29	1.13	1.78	1.34
1979-05-11	3.82	3.16	4.06	3.34
1979-05-12	5.02	4.33	5.27	4.58
1979-05-13	6.19	5.75	6.6	6.16
1979-05-14	12.26	11.54	12.47	11.79
1979-05-15	10.41	9.74	10.59	9.96
1979-05-16	7.54	7.54	8.16	8.19
1979-05-17	13.4	13.05	13.78	13.48
1979-05-18	10.69	9.96	10.8	10.08
1979-05-19	8.47	7.7	8.57	7.81
1979-05-20	7.37	6.64	7.6	6.96
1979-05-21	7.31	7.06	7.79	7.57
1979-05-22	8.9	8.83	9.46	9.34
1979-05-23	11.09	10.67	11.38	10.99
1979-05-24	8.6	8.6	9.17	9.21
1979-05-25	11	10.77	11.43	11.16
1979-05-26	10.49	9.88	10.68	10.07
1979-05-27	10.12	9.79	10.58	10.29
1979-05-28	9.53	9.38	9.98	9.8
1979-05-29	12.65	11.86	12.71	12
1979-05-30	15.33	14.58	15.41	14.75
1979-05-31	14.15	13.82	14.49	14.25
1979-06-01	14.2	14.5	14.99	15.23
1979-06-02	13.2	12.34	13.42	12.52
1979-06-03	11.81	11.5	12.2	11.82
1979-06-04	16.64	16.03	16.91	16.29
1979-06-05	13.16	13.12	13.71	13.56
1979-06-06	16.51	16.49	17.01	16.92
1979-06-07	20.13	19.45	20.31	19.69
1979-06-08	17.93	17.48	18.22	17.94
1979-06-09	8.75	8.01	8.95	8.05
1979-06-10	9.25	8.55	9.58	8.76
1979-06-11	13.59	12.87	13.85	13.23
1979-06-12	13.9	13.5	14.2	13.96
1979-06-13	12.64	12.52	13.11	12.92
1979-06-14	8.99	8.78	9.58	9.26
1979-06-15	13.36	12.89	13.69	13.11
1979-06-16	13.73	12.83	13.86	12.94
1979-06-17	10.46	9.7	10.73	9.89
1979-06-18	9.4	8.66	9.73	8.9
1979-06-19	10.47	9.72	10.74	9.86
1979-06-20	14.23	13.65	14.59	13.91
1979-06-21	19.51	18.98	19.78	19.11
1979-06-22	19.48	18.89	19.68	18.97
1979-06-23	18.8	18.05	18.88	18.12
1979-06-24	17.9	17.6	18.31	17.89
1979-06-25	15.02	14.82	15.51	15.04
1979-06-26	14.25	13.6	14.51	13.62
1979-06-27	11.55	10.84	11.81	10.88
1979-06-28	12.77	12.03	13.06	12.15
1979-06-29	11.92	11.06	12.1	11.1
1979-06-30	9.59	8.9	9.88	9.05
1979-07-01	11.18	10.32	11.39	10.46
1979-07-02	11.09	10.28	11.29	10.41
1979-07-03	10.28	9.65	10.61	9.79
1979-07-04	12.05	11.26	12.25	11.32
1979-07-05	12.96	12.12	13.12	12.15
1979-07-06	12.04	11.45	12.39	11.63
1979-07-07	14.61	14.2	15.04	14.45
1979-07-08	14.39	13.92	14.76	14.08
1979-07-09	14.47	14.09	14.93	14.41
1979-07-10	14.55	13.91	14.77	13.93
1979-07-11	13.89	13.05	14.04	13.08
1979-07-12	15.15	14.46	15.41	14.61
1979-07-13	14.36	13.97	14.78	14.18
1979-07-14	16.55	16.04	16.92	16.23
1979-07-15	13.15	12.46	13.52	12.83
1979-07-16	13.69	13	13.93	13.1
1979-07-17	16.07	15.46	16.37	15.65
1979-07-18	15.65	15.08	16.01	15.3
1979-07-19	13.63	13.14	14.05	13.27
1979-07-20	13.2	12.77	13.61	12.89
1979-07-21	14	13.32	14.34	13.55
1979-07-22	14.13	13.43	14.47	13.63
1979-07-23	11.84	11.02	12.03	11.07
1979-07-24	12.22	11.47	12.41	11.43
1979-07-25	13.35	12.78	13.71	12.91
1979-07-26	14.19	13.72	14.57	13.89
1979-07-27	14.6	14.14	15.01	14.35
1979-07-28	14.03	13.5	14.39	13.73
1979-07-29	14.41	13.94	14.85	14.2
1979-07-30	13.48	12.89	13.86	13.05
1979-07-31	14.72	14.26	15.12	14.49
1979-08-01	14.59	14.13	14.96	14.29
1979-08-02	14.92	14.29	15.18	14.41
1979-08-03	12.65	11.83	12.88	11.98
1979-08-04	10.59	9.83	10.84	9.95
1979-08-05	10.82	10.01	11.03	10.1
1979-08-06	12	11.5	12.41	11.75
1979-08-07	14.17	13.83	14.72	14.18
1979-08-08	15.54	15.04	15.9	15.2
1979-08-09	14.39	13.85	14.72	14
1979-08-10	14.14	13.75	14.54	13.92
1979-08-11	13.22	12.6	13.55	12.73
1979-08-12	13.8	13.3	14.18	13.43
1979-08-13	14.07	13.56	14.49	13.8
1979-08-14	14.56	14.07	14.97	14.32
1979-08-15	15.29	14.7	15.63	14.83
1979-08-16	15.29	14.71	15.62	14.87
1979-08-17	16.45	15.9	16.8	16.17
1979-08-18	16.83	16.63	17.33	16.94
1979-08-19	15.65	15.3	16.09	15.55
1979-08-20	14.98	14.41	15.26	14.52
1979-08-21	15.31	14.82	15.69	15.07
1979-08-22	13.78	13.02	14.03	13.14
1979-08-23	12.47	11.74	12.71	11.83
1979-08-24	12.43	11.62	12.66	11.75
1979-08-25	12.03	11.42	12.34	11.6
1979-08-26	10.05	9.53	10.44	9.65
1979-08-27	9.84	8.79	9.92	8.71
1979-08-28	9.82	9	10.01	9
1979-08-29	12.48	11.86	12.8	12.01
1979-08-30	14.45	13.66	14.72	13.87
1979-08-31	9.55	8.77	9.82	8.91
1979-09-01	9.75	9.06	10	9.18
1979-09-02	10.63	10.15	10.98	10.22
1979-09-03	10.34	9.73	10.69	9.9
1979-09-04	12.58	12.06	12.91	12.14
1979-09-05	10.9	10.29	11.23	10.42
1979-09-06	11.69	11.49	12.26	11.83
1979-09-07	13.09	12.85	13.68	13.2
1979-09-08	14.26	13.82	14.63	13.97
1979-09-09	10.8	10.12	11.06	10.18
1979-09-10	10.43	9.94	10.83	10.07
1979-09-11	9.27	8.59	9.57	8.69
1979-09-12	8.09	7.37	8.36	7.45
1979-09-13	8.14	7.38	8.44	7.54
1979-09-14	6.43	5.75	6.72	5.87
1979-09-15	6.37	5.65	6.62	5.71
1979-09-16	5.85	5.15	6.14	5.26
1979-09-17	7.06	6.48	7.46	6.75
1979-09-18	9.36	8.76	9.71	8.96
1979-09-19	9.01	8.33	9.33	8.49
1979-09-20	8.49	7.84	8.77	7.96
1979-09-21	7.46	6.84	7.75	6.89
1979-09-22	6.66	5.91	6.9	5.99
1979-09-23	6.04	5.37	6.33	5.45
1979-09-24	7.28	6.47	7.56	6.64
1979-09-25	7.54	7.07	7.98	7.24
1979-09-26	9.06	8.38	9.36	8.6
1979-09-27	7.33	6.44	7.52	6.55
1979-09-28	5.99	5.29	6.32	5.47
1979-09-29	4.75	4.05	5.02	4.14
1979-09-30	4.46	3.75	4.73	3.83
1979-10-01	1.96	1.24	2.22	1.36
1979-10-02	1.52	1.14	2.01	1.4
1979-10-03	2.43	1.84	2.72	1.94
1979-10-04	3.07	2.5	3.42	2.62
1979-10-05	0.82	0.31	1.22	0.56
1979-10-06	1.41	0.95	1.79	1.11
1979-10-07	2.45	1.92	2.86	2.3
1979-10-08	2.36	1.97	2.85	2.25
1979-10-09	6.09	5.59	6.42	5.68
1979-10-10	6.43	6.14	6.9	6.46
1979-10-11	8.16	7.75	8.59	8.16
1979-10-12	5.66	5.34	6.15	5.77
1979-10-13	3.28	2.82	3.63	3.01
1979-10-14	4.37	3.96	4.74	4.15
1979-10-15	3.46	2.89	3.79	3.2
1979-10-16	1.21	0.6	1.51	0.79
1979-10-17	0.88	0.12	1.05	0.32
1979-10-18	1.43	0.68	1.64	0.82
1979-10-19	2.1	1.35	2.32	1.48
1979-10-20	4.41	3.65	4.65	3.91
1979-10-21	2.21	1.53	2.43	1.66
1979-10-22	0.72	0.1	0.99	0.24
1979-10-23	1.29	0.51	1.44	0.53
1979-10-24	0.22	-0.44	0.46	-0.27
1979-10-25	0.17	-0.43	0.5	-0.29
1979-10-26	-1.3	-1.85	-0.94	-1.63
1979-10-27	-1.57	-2.2	-1.22	-1.99
1979-10-28	-0.86	-1.5	-0.57	-1.35
1979-10-29	-1.1	-1.56	-0.7	-1.36
1979-10-30	-1.76	-2.41	-1.48	-2.33
1979-10-31	-1.94	-2.64	-1.7	-2.61
1979-11-01	-0.92	-1.74	-0.64	-1.75
1979-11-02	-1.63	-2.54	-1.36	-2.54
1979-11-03	-2.02	-2.74	-1.65	-2.66
1979-11-04	0.33	-0.26	0.78	0
1979-11-05	-0.34	-0.99	0.33	-0.42
1979-11-06	0.32	-0.36	0.93	0.18
1979-11-07	0.96	0.39	1.33	0.49
1979-11-08	-0.06	-0.6	0.28	-0.78
1979-11-09	-2.8	-3.87	-2.91	-4.75
1979-11-10	-6.03	-6.84	-5.95	-7.47
1979-11-11	-6.79	-7.77	-6.73	-8.15
1979-11-12	-2.96	-3.84	-2.87	-4.16
1979-11-13	0.98	0.36	1.31	0.41
1979-11-14	-2.04	-2.49	-1.63	-2.49
1979-11-15	-8.43	-9.05	-8.44	-10.01
1979-11-16	-6.55	-7.85	-6.66	-8.14
1979-11-17	1.07	0.43	1.4	0.55
1979-11-18	-0.04	-0.44	0.43	-0.29
1979-11-19	0.16	-0.36	0.57	-0.23
1979-11-20	-1.52	-2.11	-1.07	-1.87
1979-11-21	-6.65	-7.08	-6.04	-6.78
1979-11-22	-1.1	-1.72	-0.63	-1.42
1979-11-23	2.45	1.88	2.87	2.08
1979-11-24	-3.4	-4.19	-3	-4.07
1979-11-25	-7.31	-8.56	-7.05	-8.34
1979-11-26	-2.38	-3.66	-2.06	-3.08
1979-11-27	-3.19	-3.79	-2.72	-3.45
1979-11-28	-5.69	-6.46	-5.35	-6.35
1979-11-29	-0.07	-0.69	0.28	-0.55
1979-11-30	0.56	-0.03	0.93	0.06
1979-12-01	-4.58	-4.83	-3.96	-4.8
1979-12-02	-0.88	-1.44	-0.47	-1.4
1979-12-03	-2.19	-2.75	-1.76	-2.74
1979-12-04	-2.23	-2.99	-1.89	-2.9
1979-12-05	2.22	1.53	2.45	1.45
1979-12-06	0	-0.79	0.14	-1
1979-12-07	-3.63	-4.41	-3.53	-4.77
1979-12-08	-8.84	-9.63	-8.65	-9.94
1979-12-09	-10.01	-11	-9.88	-11.29
1979-12-10	-15.92	-17.49	-16.04	-17.79
1979-12-11	-17	-17.95	-16.67	-17.83
1979-12-12	-17.48	-18.32	-17.1	-18.3
1979-12-13	-19.4	-20.24	-18.95	-20.24
1979-12-14	-19.75	-20.77	-19.25	-20.9
1979-12-15	-12.06	-13.69	-12.21	-13.87
1979-12-16	-11.34	-12.27	-10.99	-12.19
1979-12-17	-13.19	-13.46	-12.32	-13.18
1979-12-18	-13.12	-13.85	-12.68	-13.81
1979-12-19	-11.25	-11.78	-10.78	-11.95
1979-12-20	-12.46	-13.57	-12.2	-13.53
1979-12-21	-12.47	-13.47	-12.1	-13.49
1979-12-22	-10.7	-11.99	-10.34	-11.55
1979-12-23	-3.06	-4.12	-2.85	-4.13
1979-12-24	-0.04	-0.62	0.27	-0.67
1979-12-25	-1.75	-2.19	-1.32	-2.19
1979-12-26	-2.5	-2.92	-2.06	-2.92
1979-12-27	-0.76	-1.3	-0.38	-1.29
1979-12-28	0.39	-0.23	0.7	-0.24
1979-12-29	-0.85	-1.52	-0.56	-1.55
1979-12-30	-2.3	-2.85	-1.98	-2.91
1979-12-31	-4.34	-5.12	-4.08	-5.19
1980-01-01	-8.42	-9.23	-8.23	-9.12
1980-01-02	-15.06	-15.84	-14.77	-15.6
1980-01-03	-16.09	-17.12	-15.98	-17
1980-01-04	-17.72	-18.9	-17.63	-19.03
1980-01-05	-12.1	-12.43	-11.35	-12.02
1980-01-06	-8.99	-9.24	-8.37	-9.04
1980-01-07	-9.67	-10.02	-9.05	-9.77
1980-01-08	-10.13	-10.93	-9.72	-10.58
1980-01-09	-11.29	-12.13	-10.93	-12.06
1980-01-10	-10.69	-11.94	-10.58	-11.89
1980-01-11	-17.35	-18.39	-17.25	-18.35
1980-01-12	-13.38	-14.45	-13.42	-14.87
1980-01-13	-3.3	-4.18	-3.25	-4.31
1980-01-14	-3.91	-4.51	-3.69	-4.48
1980-01-15	-5.6	-5.96	-5.18	-5.78
1980-01-16	-7.65	-7.57	-6.88	-7.17
1980-01-17	-1.89	-2.35	-1.64	-2.46
1980-01-18	-3.72	-4.27	-3.5	-4.34
1980-01-19	-8.65	-8.66	-7.99	-8.56
1980-01-20	-6.74	-7.28	-6.39	-7.17
1980-01-21	-4.47	-5.13	-4.3	-5.14
1980-01-22	-4.11	-4.78	-3.94	-4.82
1980-01-23	-5.13	-5.82	-4.89	-5.63
1980-01-24	-11.94	-12.96	-11.87	-12.92
1980-01-25	-21.01	-21.68	-20.68	-21.48
1980-01-26	-18	-18.59	-17.69	-18.53
1980-01-27	-15.66	-16.25	-15.27	-16.04
1980-01-28	-16.96	-17.71	-16.62	-17.66
1980-01-29	-16.19	-17.06	-16	-16.98
1980-01-30	-21.75	-22.22	-21.1	-21.84
1980-01-31	-20.45	-20.86	-19.82	-20.55
1980-02-01	-22.02	-22.31	-21.33	-21.85
1980-02-02	-17.26	-17.65	-16.82	-17.59
1980-02-03	-15.79	-16.38	-15.51	-16.2
1980-02-04	-13.33	-13.97	-13.21	-13.97
1980-02-05	-16.78	-18.05	-17.09	-18.34
1980-02-06	-15.77	-16.69	-15.72	-16.58
1980-02-07	-16.92	-17.42	-16.66	-17.08
1980-02-08	-23.22	-23.92	-22.98	-23.45
1980-02-09	-26.86	-26.92	-26.09	-26.12
1980-02-10	-23.91	-24.64	-23.72	-24.32
1980-02-11	-17.82	-18.27	-17.54	-17.99
1980-02-12	-15.83	-16.08	-15.56	-15.85
1980-02-13	-12.38	-12.5	-11.82	-11.88
1980-02-14	-4.81	-5.26	-4.37	-4.69
1980-02-15	-2.61	-2.94	-2.33	-2.67
1980-02-16	-3.04	-3.33	-2.69	-2.88
1980-02-17	-6.57	-6.71	-6.12	-6.25
1980-02-18	-7.57	-7.9	-7.13	-7.33
1980-02-19	-5.72	-6.32	-5.23	-5.41
1980-02-20	-6.62	-7.12	-6.1	-6.2
1980-02-21	-6.98	-7.28	-6.42	-6.52
1980-02-22	-5.29	-5.53	-4.96	-5.21
1980-02-23	-6.18	-6.66	-6.02	-6.51
1980-02-24	-9.41	-9.58	-9.03	-9.4
1980-02-25	-9.31	-9.7	-8.98	-9.46
1980-02-26	-10.36	-10.65	-10.11	-10.32
1980-02-27	-4.63	-4.96	-4.47	-4.86
1980-02-28	-2.26	-2.46	-2.03	-2.33
1980-02-29	-2.27	-2.66	-2.08	-2.47
1980-03-01	-1.07	-1.92	-0.99	-1.81
1980-03-02	-5.79	-6.54	-5.66	-6.41
1980-03-03	-9.66	-10.48	-9.48	-10.22
1980-03-04	-11.72	-12.62	-11.58	-12.37
1980-03-05	-4.52	-4.84	-4.07	-4.54
1980-03-06	-2.1	-2.81	-1.96	-2.72
1980-03-07	-3.93	-4.48	-3.65	-4.23
1980-03-08	-5.03	-5.6	-4.74	-5.29
1980-03-09	-5.21	-5.74	-4.91	-5.45
1980-03-10	-7.06	-7.48	-6.67	-7.14
1980-03-11	-7.91	-8.26	-7.48	-7.9
1980-03-12	-6.14	-6.74	-5.88	-6.5
1980-03-13	-3.38	-3.83	-3.03	-3.51
1980-03-14	-4.42	-4.82	-4.05	-4.5
1980-03-15	-6.81	-7.16	-6.38	-6.78
1980-03-16	-9.06	-9.42	-8.67	-9.07
1980-03-17	-9.55	-10.13	-9.29	-9.93
1980-03-18	-10.8	-11.32	-10.53	-11.08
1980-03-19	-12.15	-12.72	-11.93	-12.48
1980-03-20	-11.42	-11.14	-10.56	-10.41
1980-03-21	-9.21	-9.51	-8.76	-9.13
1980-03-22	-8.29	-8.68	-7.92	-8.38
1980-03-23	-7.45	-8.06	-7.2	-7.91
1980-03-24	-6.57	-7.24	-6.31	-6.96
1980-03-25	-5.76	-6.08	-5.27	-5.7
1980-03-26	-8.66	-8.51	-7.99	-8.04
1980-03-27	-8.2	-8.49	-7.8	-8.2
1980-03-28	-6.97	-7.57	-6.75	-7.37
1980-03-29	-2.44	-3.16	-2.28	-2.96
1980-03-30	-0.78	-1.32	-0.52	-1.07
1980-03-31	-0.38	-0.84	-0.08	-0.55
1980-04-01	1.22	0.82	1.63	1.05
1980-04-02	-0.2	-0.5	0.27	-0.23
1980-04-03	1.36	0.81	1.66	0.94
1980-04-04	1.57	0.75	1.74	0.81
1980-04-05	2.25	1.59	2.52	1.71
1980-04-06	4.7	3.99	4.93	4.1
1980-04-07	2.34	1.84	2.73	2.08
1980-04-08	1.82	1.18	2.12	1.37
1980-04-09	0.63	0.14	1	0.34
1980-04-10	1.66	1.09	1.98	1.26
1980-04-11	2.87	2.22	3.18	2.44
1980-04-12	4.6	3.95	4.92	4.15
1980-04-13	4.26	3.78	4.62	3.92
1980-04-14	3.22	2.65	3.44	2.82
1980-04-15	3.01	2.61	3.44	2.78
1980-04-16	3.21	3.02	3.77	3.39
1980-04-17	2.56	1.99	2.94	2.22
1980-04-18	2.33	1.82	2.71	2.08
1980-04-19	0.9	0.42	1.26	0.64
1980-04-20	1.71	1.09	1.98	1.23
1980-04-21	2.39	1.67	2.61	1.76
1980-04-22	2.26	1.8	2.69	2.1
1980-04-23	3.03	2.97	3.75	3.32
1980-04-24	2.64	1.85	2.84	1.92
1980-04-25	2.76	2.13	3.05	2.34
1980-04-26	3.71	3.27	4.03	3.49
1980-04-27	2.44	1.97	2.79	2.15
1980-04-28	4.26	3.58	4.53	3.85
1980-04-29	4.53	3.69	4.73	3.9
1980-04-30	6.75	5.39	6.66	5.54
1980-05-01	3.18	2.31	3.27	2.62
1980-05-02	4.66	3.67	4.62	4.07
1980-05-03	4.67	4.12	5.03	4.61
1980-05-04	5.99	5.22	6.24	5.68
1980-05-05	5.93	5.49	6.34	5.93
1980-05-06	8.89	8.54	9.41	9.14
1980-05-07	7.9	7.5	8.41	8.06
1980-05-08	6	5.72	6.43	6.01
1980-05-09	3.42	2.71	3.65	2.83
1980-05-10	4.24	3.48	4.44	3.61
1980-05-11	3.76	3.08	3.99	3.21
1980-05-12	3.79	3.4	4.16	3.66
1980-05-13	7.02	6.78	7.46	7.08
1980-05-14	11.78	11.1	11.98	11.28
1980-05-15	12.3	11.52	12.47	11.68
1980-05-16	12.29	11.67	12.43	11.88
1980-05-17	12.74	12.23	12.91	12.5
1980-05-18	10.67	10.12	10.95	10.4
1980-05-19	3.88	3.44	4.23	3.65
1980-05-20	2.55	2.15	2.91	2.36
1980-05-21	2.38	2.18	2.86	2.44
1980-05-22	5.99	5.27	6.2	5.44
1980-05-23	5.68	4.93	5.84	5.02
1980-05-24	4.6	4.17	4.96	4.39
1980-05-25	4.62	4.29	5.02	4.56
1980-05-26	5.7	5.31	6.09	5.65
1980-05-27	6.48	6.01	6.82	6.26
1980-05-28	8.99	8.79	9.44	9.19
1980-05-29	8.57	8.7	9.18	9.15
1980-05-30	11.25	11.19	11.67	11.41
1980-05-31	8.54	8.53	9.09	8.92
1980-06-01	10.63	10.21	11	10.42
1980-06-02	14.16	13.51	14.39	13.67
1980-06-03	15.69	14.9	15.8	15.05
1980-06-04	17.53	17.09	17.81	17.47
1980-06-05	15.98	15.74	16.41	16.14
1980-06-06	15.36	15.26	15.9	15.68
1980-06-07	15.79	15.85	16.39	16.37
1980-06-08	18.18	18.06	18.7	18.53
1980-06-09	19.11	18.35	19.22	18.46
1980-06-10	18.06	17.33	18.17	17.58
1980-06-11	14.43	13.59	14.59	13.82
1980-06-12	9.76	8.87	9.88	9
1980-06-13	14.88	14.11	15.11	14.35
1980-06-14	14.77	14.04	14.96	14.15
1980-06-15	15.02	14.87	15.5	15.24
1980-06-16	16.11	15.91	16.58	16.28
1980-06-17	16.86	16.65	17.34	17.05
1980-06-18	15.55	15.19	15.89	15.39
1980-06-19	12.18	11.81	12.6	12.09
1980-06-20	12.18	11.62	12.55	11.84
1980-06-21	12.37	11.67	12.69	11.81
1980-06-22	13.33	12.54	13.54	12.65
1980-06-23	10.6	10.03	10.97	10.15
1980-06-24	12.13	11.49	12.52	11.74
1980-06-25	12.49	11.92	12.84	12.15
1980-06-26	13.22	12.72	13.57	12.91
1980-06-27	13.86	13.09	14.02	13.25
1980-06-28	12.75	11.89	13.01	12.06
1980-06-29	11.43	10.82	11.83	10.99
1980-06-30	13.75	13.23	14.12	13.39
1980-07-01	15.32	14.84	15.7	15.11
1980-07-02	14.92	14.5	15.33	14.76
1980-07-03	15.14	14.77	15.59	15.05
1980-07-04	14.63	14.24	15.07	14.5
1980-07-05	14.29	13.83	14.64	14.05
1980-07-06	14.34	13.81	14.67	14.01
1980-07-07	15.65	15.18	16	15.43
1980-07-08	17.04	16.1	17.03	16.18
1980-07-09	15.23	14.67	15.55	14.91
1980-07-10	14.57	13.98	14.92	14.25
1980-07-11	14.13	13.54	14.47	13.81
1980-07-12	12.18	11.57	12.49	11.69
1980-07-13	13.61	13.17	13.98	13.35
1980-07-14	14.37	13.92	14.74	14.13
1980-07-15	13.96	13.51	14.33	13.77
1980-07-16	14.73	14.21	15.05	14.45
1980-07-17	12.82	12.34	13.22	12.53
1980-07-18	13.99	13.2	14.27	13.42
1980-07-19	12.88	12.39	13.32	12.71
1980-07-20	12.38	11.9	12.8	12.16
1980-07-21	13.11	12.55	13.48	12.83
1980-07-22	14.74	13.96	14.96	14.19
1980-07-23	16.09	15.7	16.52	16.09
1980-07-24	18.07	17.44	18.33	17.62
1980-07-25	17.75	17.19	18.05	17.43
1980-07-26	18.66	18.07	18.91	18.29
1980-07-27	18.78	18.41	19.15	18.7
1980-07-28	19.02	18.53	19.35	18.74
1980-07-29	19.48	18.97	19.8	19.14
1980-07-30	20.2	19.54	20.36	19.68
1980-07-31	20.72	19.96	20.81	20.07
1980-08-01	20.33	19.75	20.55	20
1980-08-02	19.28	18.49	19.33	18.49
1980-08-03	17.55	16.69	17.62	16.78
1980-08-04	17.4	16.83	17.61	16.98
1980-08-05	17.24	16.65	17.49	16.73
1980-08-06	15.45	14.98	15.82	15.16
1980-08-07	12.18	11.35	12.35	11.39
1980-08-08	12.74	12.09	12.99	12.27
1980-08-09	12.11	11.52	12.42	11.68
1980-08-10	12.49	11.85	12.78	12.02
1980-08-11	11.79	11.14	12.09	11.37
1980-08-12	13.45	12.89	13.82	13.19
1980-08-13	15.1	14.57	15.45	14.83
1980-08-14	15.24	14.77	15.61	15.01
1980-08-15	16.24	15.94	16.72	16.28
1980-08-16	15.22	14.84	15.65	15.14
1980-08-17	13.59	13.19	14.04	13.52
1980-08-18	12.78	12.25	13.17	12.5
1980-08-19	13.86	13.3	14.2	13.49
1980-08-20	11.91	11.37	12.27	11.56
1980-08-21	11.38	10.85	11.77	11.06
1980-08-22	11.93	11.47	12.33	11.65
1980-08-23	11.95	11.26	12.19	11.38
1980-08-24	10.69	10.13	11.03	10.3
1980-08-25	10.78	10.14	11.15	10.34
1980-08-26	10.27	9.75	10.66	9.97
1980-08-27	10.71	10.15	11.09	10.38
1980-08-28	10.48	9.86	10.85	10.11
1980-08-29	10.09	9.43	10.44	9.68
1980-08-30	9.04	8.48	9.39	8.64
1980-08-31	9.83	9.35	10.25	9.51
1980-09-01	10.77	10.1	11.16	10.36
1980-09-02	11.95	11.39	12.38	11.64
1980-09-03	11.97	11.41	12.37	11.57
1980-09-04	10.34	9.58	10.58	9.77
1980-09-05	10.59	10.01	10.93	10.14
1980-09-06	12.29	11.69	12.63	11.84
1980-09-07	13.84	13.32	14.23	13.51
1980-09-08	15.5	14.94	15.83	15.08
1980-09-09	12.93	12.4	13.26	12.48
1980-09-10	10.37	9.65	10.6	9.75
1980-09-11	8.72	8.1	8.99	8.12
1980-09-12	9.53	8.85	9.86	8.99
1980-09-13	10.42	9.86	10.79	10
1980-09-14	10.27	9.68	10.62	9.82
1980-09-15	9.85	9.04	10.02	9.05
1980-09-16	8.72	8.13	9.08	8.31
1980-09-17	10.78	10.26	11.15	10.4
1980-09-18	9.71	9.03	9.97	9.1
1980-09-19	10.21	9.41	10.42	9.52
1980-09-20	8.73	8.06	9.09	8.31
1980-09-21	9.37	8.92	9.83	9.19
1980-09-22	10	9.29	10.26	9.38
1980-09-23	9.61	8.86	9.85	8.97
1980-09-24	8.08	7.54	8.5	7.78
1980-09-25	9.73	9.07	10.02	9.2
1980-09-26	7.92	7.22	8.19	7.28
1980-09-27	8.81	8.31	9.22	8.5
1980-09-28	10.17	9.51	10.45	9.6
1980-09-29	10.01	9.42	10.32	9.52
1980-09-30	8.96	8.33	9.26	8.45
1980-10-01	7.11	6.61	7.44	6.8
1980-10-02	6.41	5.99	6.8	6.22
1980-10-03	6.15	5.66	6.49	5.84
1980-10-04	5.95	5.47	6.3	5.66
1980-10-05	6.72	6.29	7.07	6.47
1980-10-06	6.6	6.21	6.98	6.37
1980-10-07	7.6	7.24	8	7.44
1980-10-08	6.8	6.39	7.17	6.57
1980-10-09	7.61	7.25	7.99	7.43
1980-10-10	5.93	5.64	6.37	5.85
1980-10-11	6.76	6.43	7.18	6.66
1980-10-12	5	4.64	5.42	4.88
1980-10-13	4.54	3.82	4.74	3.94
1980-10-14	3.56	3.1	3.92	3.31
1980-10-15	1.65	1.29	2.05	1.55
1980-10-16	1.73	1.36	2.21	1.62
1980-10-17	-0.47	-0.95	-0.05	-0.71
1980-10-18	4.56	3.72	4.92	4.09
1980-10-19	4.75	4	5.01	4.21
1980-10-20	2.21	1.48	2.4	1.59
1980-10-21	-0.01	-0.73	0.15	-0.67
1980-10-22	-0.7	-1.34	-0.46	-1.2
1980-10-23	-2.2	-2.99	-2.04	-2.86
1980-10-24	-0.73	-1.65	-0.56	-1.48
1980-10-25	-3.06	-3.73	-2.77	-3.48
1980-10-26	-4.5	-5.25	-4.23	-5.15
1980-10-27	-2.51	-3.03	-2.1	-2.81
1980-10-28	-0.79	-1.32	-0.44	-1.16
1980-10-29	-3.47	-4.13	-3.09	-3.74
1980-10-30	-9.7	-10.22	-9.2	-9.9
1980-10-31	-10.8	-12.29	-10.87	-12.31
1980-11-01	-9.02	-9.7	-8.49	-9.42
1980-11-02	-3.46	-3.84	-2.92	-3.48
1980-11-03	-4.96	-5.87	-4.88	-5.89
1980-11-04	0.34	0.1	0.79	0.32
1980-11-05	0.47	0.25	0.95	0.51
1980-11-06	1.56	1.16	1.91	1.3
1980-11-07	-3.87	-4.19	-3.39	-3.87
1980-11-08	-2.43	-2.82	-2.08	-2.7
1980-11-09	-4.24	-4.72	-3.92	-4.51
1980-11-10	-11.35	-12.15	-11.1	-11.9
1980-11-11	-10.4	-11.16	-9.93	-10.7
1980-11-12	-8.16	-8.99	-7.69	-8.49
1980-11-13	-7.95	-8.73	-7.72	-8.74
1980-11-14	-0.95	-1.46	-0.69	-1.5
1980-11-15	-1.61	-2.15	-1.34	-2.04
1980-11-16	-0.19	-0.71	0.11	-0.56
1980-11-17	-5.36	-6.06	-5.11	-6.01
1980-11-18	-5.23	-6.07	-4.97	-5.73
1980-11-19	-7.9	-8.56	-7.65	-8.43
1980-11-20	-6.11	-6.75	-5.86	-6.72
1980-11-21	-1.17	-1.86	-0.81	-1.38
1980-11-22	-3.09	-3.52	-2.65	-3.15
1980-11-23	0.41	0.01	0.8	0.25
1980-11-24	-5.13	-5.69	-4.86	-5.63
1980-11-25	-9.61	-10.19	-9.31	-10.16
1980-11-26	-13.43	-14.11	-13.28	-14.38
1980-11-27	-17.47	-18.4	-17.52	-19.04
1980-11-28	-16.83	-17.74	-16.61	-17.56
1980-11-29	-15.14	-15.91	-14.72	-15.39
1980-11-30	-6.81	-7.27	-6.43	-7.1
1980-12-01	-2.13	-2.76	-1.9	-2.91
1980-12-02	-3.83	-4.51	-3.56	-4.62
1980-12-03	-10.48	-11.13	-10.15	-11.16
1980-12-04	-11.87	-12.57	-11.56	-12.59
1980-12-05	-16.77	-17.76	-16.57	-17.75
1980-12-06	-13.6	-14.5	-13.45	-14.63
1980-12-07	-13.24	-14.09	-13.02	-14.16
1980-12-08	-9.49	-10.08	-9	-9.93
1980-12-09	-6.5	-7.04	-5.99	-6.8
1980-12-10	-10.93	-11.54	-10.36	-11.29
1980-12-11	-6.04	-7.08	-5.87	-7.17
1980-12-12	-6.31	-7.07	-6	-7.07
1980-12-13	-0.3	-0.82	0.05	-0.81
1980-12-14	-5.74	-6.29	-5.3	-6.06
1980-12-15	-8.23	-9.24	-8.03	-9.11
1980-12-16	-13.03	-13.83	-12.73	-13.8
1980-12-17	-8.13	-8.56	-7.6	-8.45
1980-12-18	-0.97	-1.47	-0.64	-1.5
1980-12-19	-2.59	-3.2	-2.29	-3.23
1980-12-20	-4.18	-4.91	-3.88	-4.86
1980-12-21	-3.16	-4.07	-2.96	-4.03
1980-12-22	-2.97	-3.69	-2.72	-3.69
1980-12-23	-8.09	-8.97	-7.7	-8.86
1980-12-24	-8.33	-9.14	-7.89	-9.01
1980-12-25	-8.96	-9.78	-8.58	-9.8
1980-12-26	-9.82	-10.91	-9.62	-10.89
1980-12-27	-11.65	-12.32	-11.31	-12.31
1980-12-28	-5.14	-5.66	-4.7	-5.5
1980-12-29	-0.41	-1.1	-0.14	-1.1
1980-12-30	-3.3	-4.02	-3	-4.04
1980-12-31	-5.99	-6.64	-5.66	-6.61
1981-01-01	-4.44	-4.94	-4	-4.79
1981-01-02	-6.18	-6.76	-5.78	-6.77
1981-01-03	-10.26	-10.89	-9.84	-10.72
1981-01-04	-14.51	-15.13	-14.03	-14.89
1981-01-05	-20.92	-21.86	-20.54	-21.7
1981-01-06	-22.18	-22.78	-21.59	-22.64
1981-01-07	-15.65	-16.42	-15.31	-16.43
1981-01-08	-6.56	-7	-6.1	-6.93
1981-01-09	-2.57	-3.08	-2.12	-2.89
1981-01-10	-5.85	-6.47	-5.48	-6.47
1981-01-11	-5.12	-5.6	-4.75	-5.66
1981-01-12	-2.16	-2.75	-1.79	-2.67
1981-01-13	-8.29	-9.01	-7.98	-9.08
1981-01-14	-11.5	-12.23	-11.02	-12.21
1981-01-15	-5.87	-6.53	-5.66	-6.73
1981-01-16	-6.42	-7.1	-6.15	-7.1
1981-01-17	-9.09	-9.82	-8.76	-9.74
1981-01-18	-18.7	-19.77	-18.33	-19.56
1981-01-19	-19.75	-21.76	-19.97	-21.91
1981-01-20	-18.23	-19.97	-18.57	-20.41
1981-01-21	-18.97	-19.94	-18.91	-20.17
1981-01-22	-9.79	-10.13	-9.01	-9.42
1981-01-23	-4.37	-4.86	-3.89	-4.66
1981-01-24	0.47	-0.13	0.8	-0.02
1981-01-25	-1.96	-2.7	-1.74	-2.74
1981-01-26	-7.16	-8	-6.96	-8.11
1981-01-27	-4.17	-4.79	-3.94	-4.94
1981-01-28	0.36	-0.22	0.59	-0.4
1981-01-29	-0.23	-0.75	0.14	-0.64
1981-01-30	0.58	-0.02	0.92	0.08
1981-01-31	1.37	0.83	1.73	0.9
1981-02-01	-0.03	-0.64	0.3	-0.42
1981-02-02	-0.25	-0.7	0.19	-0.41
1981-02-03	-1.53	-2.18	-1.29	-2.11
1981-02-04	-5.75	-6.07	-5.24	-5.79
1981-02-05	-8.82	-9.08	-8.27	-8.81
1981-02-06	-6.21	-6.68	-5.77	-6.44
1981-02-07	-3.49	-4.28	-3.34	-4.23
1981-02-08	-4.77	-5.45	-4.49	-5.27
1981-02-09	-4.1	-4.94	-4	-5
1981-02-10	-9.98	-10.79	-9.8	-10.88
1981-02-11	-11.16	-11.91	-10.87	-11.77
1981-02-12	-9.14	-10.08	-8.98	-9.84
1981-02-13	-9.92	-10.51	-9.56	-10.25
1981-02-14	-8.87	-9.42	-8.51	-9.16
1981-02-15	-6.56	-7.05	-6.17	-6.8
1981-02-16	-5.1	-5.64	-4.79	-5.44
1981-02-17	-5.6	-6.18	-5.25	-6.11
1981-02-18	-10.43	-10.98	-10.01	-10.8
1981-02-19	-8.88	-9.29	-8.48	-9.06
1981-02-20	-12.19	-12.58	-11.79	-12.38
1981-02-21	-14.09	-14.66	-13.75	-14.48
1981-02-22	-16.68	-17.04	-16.16	-16.72
1981-02-23	-14.57	-15.15	-14.28	-14.97
1981-02-24	-8.86	-9.58	-8.61	-9.37
1981-02-25	-6.55	-7.33	-6.41	-7.18
1981-02-26	-8.93	-9.51	-8.65	-9.32
1981-02-27	-7.28	-7.88	-6.95	-7.64
1981-02-28	-6.76	-7.31	-6.47	-7.18
1981-03-01	-7.26	-8	-7.11	-7.82
1981-03-02	-10.17	-10.95	-10.04	-10.69
1981-03-03	-9.58	-10.22	-9.43	-9.95
1981-03-04	-10.92	-10.96	-10.37	-10.51
1981-03-05	-14.86	-15.29	-14.54	-15
1981-03-06	-16.71	-17.48	-16.59	-17.38
1981-03-07	-13.72	-14.34	-13.35	-13.88
1981-03-08	-8.54	-9.16	-8.28	-8.83
1981-03-09	-5.15	-5.83	-4.88	-5.38
1981-03-10	-4.34	-5.04	-4.2	-4.89
1981-03-11	-10.17	-10.58	-9.84	-10.28
1981-03-12	-11.8	-12.31	-11.51	-12.05
1981-03-13	-9.19	-9.88	-8.95	-9.51
1981-03-14	-13.57	-14.24	-13.37	-14.01
1981-03-15	-15.97	-15.97	-15.26	-15.48
1981-03-16	-8.93	-8.87	-8.28	-8.33
1981-03-17	-4.69	-5.09	-4.41	-4.92
1981-03-18	-6.83	-7.1	-6.42	-6.73
1981-03-19	-5.08	-5.43	-4.7	-5.07
1981-03-20	-4.01	-4.59	-3.84	-4.33
1981-03-21	-5.34	-5.64	-4.91	-5.21
1981-03-22	-1.11	-1.47	-0.65	-0.92
1981-03-23	0.96	0.44	1.23	0.69
1981-03-24	-0.86	-1.36	-0.65	-1.18
1981-03-25	-2.18	-2.63	-1.84	-2.33
1981-03-26	-4.41	-4.74	-3.97	-4.29
1981-03-27	-6.39	-6.6	-5.81	-5.93
1981-03-28	-2.35	-2.73	-1.98	-2.41
1981-03-29	-1.07	-1.44	-0.81	-1.31
1981-03-30	-1.07	-1.4	-0.74	-1.2
1981-03-31	0.48	-0.02	0.7	0.17
1981-04-01	1.46	1.19	1.94	1.52
1981-04-02	3.21	2.67	3.5	2.83
1981-04-03	3.68	3.12	4	3.29
1981-04-04	1.48	1.18	2	1.5
1981-04-05	2.86	2.3	3.19	2.49
1981-04-06	4.18	3.56	4.46	3.7
1981-04-07	2.94	2.4	3.25	2.65
1981-04-08	2.36	2.12	2.87	2.48
1981-04-09	1.99	1.69	2.51	2.07
1981-04-10	4.61	4.21	5.05	4.48
1981-04-11	3.65	3.17	4.07	3.52
1981-04-12	4.29	3.89	4.71	4.2
1981-04-13	1.96	1.2	2.16	1.33
1981-04-14	3.44	2.76	3.7	2.94
1981-04-15	1.93	1.21	2.17	1.34
1981-04-16	0.63	-0.07	0.89	0.05
1981-04-17	1.33	0.85	1.7	1.03
1981-04-18	2.9	2.19	3.14	2.33
1981-04-19	1.23	0.62	1.54	0.81
1981-04-20	2.01	1.27	2.25	1.44
1981-04-21	-1.88	-2.53	-1.58	-2.34
1981-04-22	-3.75	-4.4	-3.45	-4.21
1981-04-23	-3.44	-4.08	-3.14	-3.95
1981-04-24	-1.43	-2.18	-1.23	-2.1
1981-04-25	-0.98	-1.76	-0.77	-1.67
1981-04-26	-0.14	-0.91	0.07	-0.88
1981-04-27	-0.25	-0.83	0.04	-0.73
1981-04-28	-0.62	-1.2	-0.31	-1.02
1981-04-29	-0.67	-1.19	-0.3	-0.94
1981-04-30	-0.22	-0.85	0.08	-0.7
1981-05-01	-0.97	-1.8	-0.79	-1.63
1981-05-02	-1.77	-2.68	-1.63	-2.53
1981-05-03	-1.43	-2.15	-1.21	-1.84
1981-05-04	-0.17	-1	0.08	-0.85
1981-05-05	2.38	1.56	2.65	1.88
1981-05-06	2.91	2.34	3.19	2.59
1981-05-07	4.56	4.05	4.95	4.28
1981-05-08	6.74	6.72	7.4	7.28
1981-05-09	7.97	8.13	8.64	8.95
1981-05-10	11.13	11.2	11.45	11.77
1981-05-11	7.7	7.56	8.28	8.14
1981-05-12	7.08	6.99	7.6	7.34
1981-05-13	7.55	7.23	7.93	7.47
1981-05-14	8.64	8.36	9	8.76
1981-05-15	9.86	9.72	10.34	10.28
1981-05-16	8.27	8.03	8.65	8.37
1981-05-17	9.74	9.45	10.09	9.82
1981-05-18	11.65	11.36	12.02	11.76
1981-05-19	13.2	12.96	13.6	13.41
1981-05-20	13.39	12.65	13.41	12.88
1981-05-21	13.9	13.76	14.3	14.32
1981-05-22	17.08	16.72	17.39	17.14
1981-05-23	16.64	16.43	16.98	16.87
1981-05-24	15.31	15.04	15.57	15.42
1981-05-25	10.05	9.94	10.45	10.29
1981-05-26	10.08	9.61	10.39	10.03
1981-05-27	8.82	8.64	9.22	8.99
1981-05-28	8.05	7.32	8.25	7.54
1981-05-29	12.48	11.39	12.37	11.47
1981-05-30	11.35	10.39	11.44	10.55
1981-05-31	12.07	11.49	12.32	11.86
1981-06-01	14.21	13.59	14.41	13.83
1981-06-02	11.39	10.98	11.74	11.36
1981-06-03	13.7	13.54	14.21	13.98
1981-06-04	13.04	12.5	13.29	12.76
1981-06-05	10.79	10.13	11.07	10.45
1981-06-06	12.02	11.46	12.33	11.81
1981-06-07	10.31	9.69	10.52	9.81
1981-06-08	11.75	11.06	11.94	11.27
1981-06-09	13.28	12.68	13.52	12.9
1981-06-10	12.85	12.2	13.02	12.3
1981-06-11	8.66	7.88	8.91	8.19
1981-06-12	4.43	4.03	4.84	4.26
1981-06-13	6.58	6.31	7.01	6.59
1981-06-14	9.69	9.44	10.13	9.82
1981-06-15	11.4	10.79	11.62	11.07
1981-06-16	8.29	8.1	8.82	8.49
1981-06-17	10.43	9.79	10.69	9.99
1981-06-18	8.96	8.29	9.23	8.51
1981-06-19	9.64	9.24	10.02	9.6
1981-06-20	9.23	8.2	9.24	8.3
1981-06-21	9.73	8.94	9.91	9.15
1981-06-22	11.99	11.62	12.37	11.93
1981-06-23	14.14	13.91	14.58	14.29
1981-06-24	14.38	14.28	14.87	14.69
1981-06-25	11.45	11.31	11.95	11.6
1981-06-26	10.24	9.47	10.41	9.54
1981-06-27	9.82	9.26	10.19	9.66
1981-06-28	10.43	10.06	10.97	10.59
1981-06-29	9.19	8.84	9.53	8.95
1981-06-30	8.16	7.74	8.56	7.95
1981-07-01	9.13	8.48	9.45	8.55
1981-07-02	11.47	10.61	11.69	10.69
1981-07-03	13.52	12.93	13.83	13.09
1981-07-04	11.67	10.75	11.83	10.8
1981-07-05	11.69	11.03	12.06	11.28
1981-07-06	15.59	14.89	15.79	14.94
1981-07-07	15.51	14.84	15.75	14.9
1981-07-08	16.26	15.79	16.63	16.02
1981-07-09	19.05	18.76	19.53	19.09
1981-07-10	19.17	18.95	19.69	19.29
1981-07-11	19.32	18.98	19.75	19.22
1981-07-12	19.15	18.55	19.41	18.65
1981-07-13	16.86	16.2	17.11	16.26
1981-07-14	13.5	12.67	13.74	12.81
1981-07-15	11.66	10.68	11.78	10.65
1981-07-16	11.08	10.12	11.31	10.34
1981-07-17	12.75	12.13	13.04	12.25
1981-07-18	11.62	11.32	12.14	11.45
1981-07-19	13.76	13.38	14.21	13.56
1981-07-20	14.42	14.14	14.9	14.39
1981-07-21	14.56	14.15	14.95	14.32
1981-07-22	12.81	12.12	13.14	12.3
1981-07-23	13.69	12.83	13.99	13.08
1981-07-24	15.38	14.89	15.77	15.13
1981-07-25	16.01	15.58	16.43	15.83
1981-07-26	16.84	16.43	17.17	16.53
1981-07-27	17.18	16.52	17.5	16.69
1981-07-28	13.54	12.72	13.78	12.85
1981-07-29	15.23	14.61	15.57	14.75
1981-07-30	15.62	15.08	15.98	15.25
1981-07-31	16.85	15.96	17.04	16.08
1981-08-01	15.12	13.98	15.12	13.96
1981-08-02	12.09	11.42	12.45	11.65
1981-08-03	13.71	13.03	14.05	13.2
1981-08-04	16.06	15.31	16.31	15.38
1981-08-05	15.78	15.4	16.26	15.7
1981-08-06	15.69	14.72	15.84	14.75
1981-08-07	14.65	13.7	14.79	13.79
1981-08-08	14.38	13.91	14.77	14.02
1981-08-09	14.92	14.5	15.36	14.7
1981-08-10	17.58	16.78	17.8	16.86
1981-08-11	16.41	16.11	16.9	16.39
1981-08-12	17.25	16.54	17.47	16.78
1981-08-13	17.2	16.55	17.42	16.53
1981-08-14	13.23	12.77	13.72	13.11
1981-08-15	13.12	12.47	13.5	12.64
1981-08-16	10.94	10.07	11.11	10
1981-08-17	10.72	9.99	10.95	9.95
1981-08-18	11.23	10.42	11.45	10.54
1981-08-19	10.4	9.62	10.67	9.71
1981-08-20	10.62	10.07	10.98	10.14
1981-08-21	11.35	10.8	11.73	10.89
1981-08-22	11.04	10.78	11.57	10.94
1981-08-23	11.81	11.33	12.2	11.52
1981-08-24	10.93	10.44	11.34	10.61
1981-08-25	11.29	10.82	11.75	11.1
1981-08-26	10.03	9.24	10.3	9.34
1981-08-27	9.51	8.82	9.83	8.93
1981-08-28	11.49	10.91	11.83	11.02
1981-08-29	8.04	7.66	8.52	7.81
1981-08-30	9.47	8.82	9.82	8.95
1981-08-31	8.4	7.74	8.73	7.83
1981-09-01	10.29	9.7	10.58	9.83
1981-09-02	10.27	9.78	10.61	9.93
1981-09-03	10.96	10.19	11.18	10.34
1981-09-04	10.23	9.64	10.54	9.81
1981-09-05	12.77	12.32	13.16	12.55
1981-09-06	11.34	10.73	11.67	11.01
1981-09-07	8.9	8.21	9.18	8.34
1981-09-08	12.21	11.59	12.53	11.81
1981-09-09	13.3	12.57	13.52	12.73
1981-09-10	11.88	11.46	12.25	11.71
1981-09-11	10.04	9.73	10.5	9.98
1981-09-12	12.07	11.69	12.49	11.92
1981-09-13	7.29	6.75	7.63	6.86
1981-09-14	7.14	6.52	7.41	6.68
1981-09-15	5.99	5.47	6.39	5.64
1981-09-16	4.9	4.35	5.31	4.56
1981-09-17	5.42	4.77	5.74	4.91
1981-09-18	6	5.28	6.26	5.37
1981-09-19	7.11	6.55	7.45	6.67
1981-09-20	6.74	6.14	7.11	6.33
1981-09-21	5.37	4.67	5.69	4.86
1981-09-22	9.07	8.39	9.41	8.63
1981-09-23	10.06	9.42	10.36	9.58
1981-09-24	9.08	8.3	9.25	8.35
1981-09-25	11.15	10.39	11.34	10.44
1981-09-26	9.25	8.72	9.65	8.94
1981-09-27	9.13	8.67	9.55	8.93
1981-09-28	10.99	10.5	11.41	10.8
1981-09-29	11.38	10.69	11.62	10.83
1981-09-30	9.79	9.15	10.07	9.25
1981-10-01	11.35	10.94	11.72	11.13
1981-10-02	11.1	10.76	11.49	10.94
1981-10-03	10.17	9.85	10.61	10.12
1981-10-04	9.97	9.49	10.32	9.69
1981-10-05	7.12	6.58	7.45	6.83
1981-10-06	6.28	5.73	6.67	5.92
1981-10-07	5.96	5.23	6.28	5.38
1981-10-08	5.37	4.76	5.69	4.93
1981-10-09	5.09	4.51	5.46	4.74
1981-10-10	7.68	7.1	8.02	7.3
1981-10-11	5.99	5.47	6.33	5.63
1981-10-12	4.63	4.16	5.02	4.36
1981-10-13	4.02	3.31	4.26	3.41
1981-10-14	3.42	2.81	3.75	2.95
1981-10-15	3.05	2.43	3.4	2.58
1981-10-16	1.9	1.36	2.3	1.49
1981-10-17	0.17	-0.38	0.53	-0.24
1981-10-18	-0.56	-1.12	-0.16	-0.94
1981-10-19	0	-0.57	0.37	-0.44
1981-10-20	2	1.22	2.22	1.25
1981-10-21	0.88	0.32	1.24	0.43
1981-10-22	-0.46	-1.48	-0.43	-1.52
1981-10-23	-0.07	-0.67	0.26	-0.63
1981-10-24	-0.84	-1.59	-0.69	-1.51
1981-10-25	-2.06	-3.03	-2.05	-3
1981-10-26	-2.14	-2.81	-1.87	-2.71
1981-10-27	-0.3	-0.9	0.13	-0.57
1981-10-28	1.57	1	1.96	1.18
1981-10-29	1.08	0.48	1.47	0.69
1981-10-30	0.48	-0.14	0.87	0.12
1981-10-31	0.13	-0.58	0.48	-0.27
1981-11-01	-0.63	-1.24	-0.26	-1.24
1981-11-02	-5.04	-5.9	-4.79	-5.93
1981-11-03	-6.11	-7.17	-5.88	-7.23
1981-11-04	1.23	0.9	1.72	1.09
1981-11-05	0.9	0.48	1.31	0.6
1981-11-06	-2.72	-3.38	-2.35	-3.21
1981-11-07	-5.6	-6.67	-5.45	-6.63
1981-11-08	-5.66	-6.53	-5.28	-6.29
1981-11-09	-2.81	-3.65	-2.51	-3.58
1981-11-10	0.59	0.23	1.02	0.36
1981-11-11	0.32	-0.24	0.67	-0.06
1981-11-12	-2.79	-3.38	-2.46	-3.27
1981-11-13	-4.63	-5.49	-4.47	-5.47
1981-11-14	-4.98	-5.69	-4.71	-5.55
1981-11-15	-6.1	-6.62	-5.57	-6.4
1981-11-16	-1.42	-1.68	-0.96	-1.54
1981-11-17	-0.56	-0.92	-0.12	-0.77
1981-11-18	0.59	0.25	1.02	0.38
1981-11-19	-0.88	-1.46	-0.55	-1.38
1981-11-20	-2.78	-3.39	-2.28	-3.15
1981-11-21	0.51	0.07	0.86	0.14
1981-11-22	-1.95	-2.63	-1.72	-2.73
1981-11-23	-4.4	-5.36	-4.14	-5.23
1981-11-24	-0.21	-0.82	0.11	-0.66
1981-11-25	-5.38	-5.99	-5.12	-5.97
1981-11-26	-8.76	-9.47	-8.61	-9.64
1981-11-27	-11.27	-12.11	-10.95	-12.15
1981-11-28	-1.18	-1.87	-0.9	-1.7
1981-11-29	-4.97	-5.78	-4.74	-5.65
1981-11-30	-8.42	-9.54	-8.25	-9.21
1981-12-01	-10.55	-11.57	-10.41	-11.5
1981-12-02	-11.17	-11.94	-10.88	-11.99
1981-12-03	1.03	0.85	1.49	0.9
1981-12-04	-3.93	-4.44	-3.65	-4.51
1981-12-05	-10.21	-10.66	-9.84	-10.65
1981-12-06	-16.86	-17.44	-16.52	-17.53
1981-12-07	-19	-19.44	-18.7	-19.84
1981-12-08	-8.87	-9.81	-8.76	-9.94
1981-12-09	-11.02	-11.72	-10.73	-11.71
1981-12-10	-19.77	-20.48	-19.28	-20.32
1981-12-11	-17.99	-18.84	-17.4	-18.81
1981-12-12	-20.37	-21.43	-20.15	-21.39
1981-12-13	-22.67	-23.67	-22.41	-23.54
1981-12-14	-12.53	-12.77	-12.01	-12.78
1981-12-15	-12.45	-12.97	-12.13	-13.07
1981-12-16	-18.94	-19.57	-18.53	-19.55
1981-12-17	-15.6	-16.2	-15.19	-16.22
1981-12-18	-12.34	-12.79	-11.74	-12.41
1981-12-19	-18.24	-19.13	-17.74	-18.73
1981-12-20	-21.5	-23.27	-21.44	-22.95
1981-12-21	-14.71	-16.79	-15.03	-16.85
1981-12-22	-7.71	-8.74	-7.6	-8.68
1981-12-23	-8.18	-8.91	-7.9	-8.87
1981-12-24	-10.6	-11.51	-10.39	-11.4
1981-12-25	-16.14	-16.84	-15.83	-16.87
1981-12-26	-16.52	-16.97	-16.08	-16.92
1981-12-27	-12.79	-13.12	-12.33	-13.07
1981-12-28	-11.93	-12.17	-11.41	-12.11
1981-12-29	-14.16	-14.5	-13.64	-14.58
1981-12-30	-5.7	-6.36	-5.38	-6.34
1981-12-31	-6.8	-7.57	-6.52	-7.48
1982-01-01	-13.74	-14.82	-13.63	-14.72
1982-01-02	-16.39	-17.51	-16.28	-17.36
1982-01-03	-18.01	-19.21	-17.89	-19.01
1982-01-04	-23.88	-24.59	-23.68	-24.78
1982-01-05	-20.39	-21.14	-20.13	-21.16
1982-01-06	-24.64	-25.75	-24.47	-25.53
1982-01-07	-25.17	-26.45	-25.15	-26.22
1982-01-08	-19.98	-21.26	-20.03	-21.28
1982-01-09	-16.02	-16.53	-15.71	-16.35
1982-01-10	-9.07	-9.57	-8.87	-9.61
1982-01-11	-8.66	-9.08	-8.35	-9.04
1982-01-12	-11	-11.6	-10.81	-11.69
1982-01-13	-6.56	-7.05	-6.4	-7.25
1982-01-14	-2.02	-2.41	-1.8	-2.51
1982-01-15	-4.61	-5.15	-4.35	-5.08
1982-01-16	-9.6	-10.44	-9.09	-9.71
1982-01-17	-7.83	-8.37	-6.91	-7.24
1982-01-18	-5.62	-6.42	-4.82	-5.29
1982-01-19	-8.55	-8.84	-7.76	-8.17
1982-01-20	-11.8	-12.25	-11.44	-12.13
1982-01-21	-10.32	-10.49	-9.93	-10.38
1982-01-22	-10.81	-10.95	-10.4	-10.9
1982-01-23	-11.53	-11.7	-11.05	-11.54
1982-01-24	-11.45	-11.95	-11.27	-12.23
1982-01-25	-11.18	-11.44	-10.8	-11.43
1982-01-26	-14.59	-14.95	-14.18	-14.73
1982-01-27	-12.45	-12.97	-12.18	-12.92
1982-01-28	-15.4	-15.88	-15.03	-15.77
1982-01-29	-11.68	-12.15	-11.4	-12.11
1982-01-30	-12.44	-12.64	-11.99	-12.44
1982-01-31	-15.33	-15.61	-14.84	-15.24
1982-02-01	-14.8	-15.04	-14	-14.42
1982-02-02	-5.89	-6.53	-5.42	-6.28
1982-02-03	-7.07	-8.15	-7.03	-8.36
1982-02-04	-9.15	-10.29	-9.03	-10.17
1982-02-05	-9.15	-10.15	-9.11	-10.36
1982-02-06	-10.32	-10.92	-9.93	-10.79
1982-02-07	-13.47	-14.08	-13.08	-13.93
1982-02-08	-13.23	-13.88	-12.86	-13.8
1982-02-09	-7.77	-8.19	-7.29	-8
1982-02-10	-4.88	-5.45	-4.38	-5.1
1982-02-11	-5.19	-5.38	-4.4	-4.89
1982-02-12	-0.99	-1.53	-0.59	-1.38
1982-02-13	0.23	-0.22	0.61	-0.15
1982-02-14	-0.24	-0.68	0.16	-0.62
1982-02-15	-2.05	-2.67	-1.69	-2.57
1982-02-16	-3.9	-4.53	-3.58	-4.54
1982-02-17	-5.25	-5.81	-4.88	-5.7
1982-02-18	-7.83	-8.6	-7.53	-8.47
1982-02-19	-9.63	-10.67	-9.53	-10.66
1982-02-20	-7.75	-8.84	-7.73	-8.96
1982-02-21	-7.08	-8.14	-7.06	-8.56
1982-02-22	-11.08	-12.34	-11.21	-12.7
1982-02-23	-12.02	-13.06	-11.88	-13.12
1982-02-24	-5.09	-5.82	-4.82	-5.82
1982-02-25	-2.86	-3.34	-2.46	-3.29
1982-02-26	-8.15	-8.17	-7.38	-7.61
1982-02-27	-4.63	-5.36	-4.39	-5.37
1982-02-28	-4.88	-5.37	-4.5	-5.32
1982-03-01	-1.26	-1.84	-0.9	-1.54
1982-03-02	0.19	-0.46	0.46	-0.29
1982-03-03	-4.25	-5.04	-4.04	-4.83
1982-03-04	-5.98	-6.81	-5.75	-6.54
1982-03-05	-5.94	-6.61	-5.68	-6.44
1982-03-06	-6.11	-6.62	-5.71	-6.3
1982-03-07	-0.17	-0.8	0.13	-0.65
1982-03-08	-2.79	-3.24	-2.32	-2.88
1982-03-09	-4.99	-4.98	-4.25	-4.54
1982-03-10	-2.53	-2.94	-2.12	-2.67
1982-03-11	-1.89	-2.41	-1.54	-2.15
1982-03-12	-2.43	-3	-2.11	-2.74
1982-03-13	-2.93	-3.51	-2.63	-3.3
1982-03-14	-1.5	-2.04	-1.2	-1.85
1982-03-15	-1.16	-1.66	-0.83	-1.43
1982-03-16	0.85	0.53	1.31	0.85
1982-03-17	0.1	-0.3	0.49	-0.09
1982-03-18	-0.52	-0.97	-0.16	-0.75
1982-03-19	-0.1	-0.42	0.33	-0.16
1982-03-20	-2.12	-2.63	-1.81	-2.45
1982-03-21	-1.26	-1.76	-0.94	-1.56
1982-03-22	-1.26	-1.58	-0.81	-1.3
1982-03-23	0.45	-0.02	0.81	0.2
1982-03-24	1.86	1.36	2.16	1.47
1982-03-25	5.5	4.92	5.79	5.07
1982-03-26	4.58	3.98	4.89	4.19
1982-03-27	3.38	2.67	3.57	2.76
1982-03-28	-0.26	-1.07	-0.1	-0.93
1982-03-29	-2.08	-2.98	-1.97	-2.87
1982-03-30	-0.44	-1.26	-0.28	-1.06
1982-03-31	3.11	2.48	3.33	2.58
1982-04-01	4.13	3.49	4.42	3.65
1982-04-02	2.68	2.06	3	2.31
1982-04-03	2.65	2.01	2.99	2.25
1982-04-04	1.31	0.41	1.5	0.63
1982-04-05	-0.89	-1.62	-0.67	-1.44
1982-04-06	1.11	0.56	1.45	0.83
1982-04-07	1.04	0.34	1.32	0.57
1982-04-08	-2.46	-3.24	-2.24	-3.08
1982-04-09	-2.37	-2.92	-2.02	-2.68
1982-04-10	-3.09	-3.87	-2.82	-3.61
1982-04-11	-3.34	-4.09	-3.11	-3.96
1982-04-12	-1.59	-2.03	-1.22	-1.83
1982-04-13	0.13	-0.74	0.3	-0.57
1982-04-14	-0.78	-1.56	-0.53	-1.31
1982-04-15	2.39	1.82	2.68	1.97
1982-04-16	3.88	3.22	4.13	3.39
1982-04-17	2.59	1.77	2.75	1.85
1982-04-18	2.41	1.79	2.67	1.91
1982-04-19	3.01	2.63	3.37	2.84
1982-04-20	2.09	1.99	2.62	2.25
1982-04-21	0.16	0.16	0.76	0.49
1982-04-22	3.01	3.23	3.79	3.65
1982-04-23	4.81	4.84	5.44	5.12
1982-04-24	4.24	4.01	4.69	4.31
1982-04-25	5.09	4.77	5.39	5.01
1982-04-26	3.03	2.33	3.19	2.51
1982-04-27	5.23	4.78	5.52	5.16
1982-04-28	4.88	4.09	5.04	4.26
1982-04-29	2.41	1.78	2.69	2.05
1982-04-30	3	2.54	3.42	2.91
1982-05-01	2.58	2.08	2.89	2.34
1982-05-02	1.87	1.16	2.02	1.3
1982-05-03	3.19	2.81	3.56	3.2
1982-05-04	4.23	3.76	4.55	4.01
1982-05-05	5.81	5.31	6.12	5.59
1982-05-06	5.28	4.72	5.58	5.02
1982-05-07	6.92	6.53	7.27	6.84
1982-05-08	4.06	3.71	4.43	3.97
1982-05-09	4.2	3.68	4.46	3.86
1982-05-10	4.93	4.42	5.23	4.79
1982-05-11	4.85	4.27	5.14	4.58
1982-05-12	6.81	6.07	7.02	6.39
1982-05-13	5.03	4.32	5.19	4.51
1982-05-14	5.48	4.79	5.69	5.04
1982-05-15	6.82	6.21	7.12	6.56
1982-05-16	7.19	6.89	7.55	7.25
1982-05-17	5.66	5.73	6.22	6.21
1982-05-18	3.28	2.95	3.62	3.19
1982-05-19	4.44	4.22	4.86	4.55
1982-05-20	4.64	4.37	5.02	4.67
1982-05-21	4.81	4.58	5.24	4.94
1982-05-22	6.66	6.4	7.11	6.82
1982-05-23	8.1	7.84	8.53	8.23
1982-05-24	5.42	5.17	5.91	5.6
1982-05-25	10.58	10.01	10.83	10.31
1982-05-26	12.81	12.13	12.98	12.39
1982-05-27	11	10.85	11.48	11.44
1982-05-28	6.35	6.06	6.75	6.4
1982-05-29	9.66	8.95	9.88	9.24
1982-05-30	13.49	12.85	13.72	13.32
1982-05-31	16.11	15.56	16.34	16
1982-06-01	14	14.04	14.58	14.59
1982-06-02	17.18	16.84	17.44	17.18
1982-06-03	18.01	17.95	18.43	18.47
1982-06-04	19.65	19.09	19.81	19.42
1982-06-05	15.62	14.93	15.86	15.22
1982-06-06	9.36	8.55	9.52	8.74
1982-06-07	10.17	9.41	10.35	9.69
1982-06-08	7.25	6.83	7.65	7.13
1982-06-09	5.33	5.28	5.96	5.67
1982-06-10	6.45	5.82	6.76	6.06
1982-06-11	6.82	6.06	7.01	6.15
1982-06-12	5.28	4.86	5.7	5.12
1982-06-13	5.53	5.13	5.94	5.39
1982-06-14	7.25	6.82	7.56	7.05
1982-06-15	8.12	7.5	8.37	7.69
1982-06-16	8.86	8.2	9.15	8.41
1982-06-17	8.81	8.01	9	8.15
1982-06-18	8.29	7.55	8.49	7.77
1982-06-19	9.84	9.17	10.1	9.55
1982-06-20	8.18	7.69	8.46	7.92
1982-06-21	8.37	7.5	8.49	7.62
1982-06-22	8.53	7.73	8.74	7.88
1982-06-23	9.39	8.8	9.75	9.16
1982-06-24	9.23	8.91	9.67	9.22
1982-06-25	10.76	10.2	11.02	10.46
1982-06-26	10.08	9.89	10.63	10.32
1982-06-27	12.62	12.44	13.18	12.93
1982-06-28	13.08	12.72	13.43	12.97
1982-06-29	12.99	12.59	13.31	12.74
1982-06-30	10.11	9.83	10.54	9.99
1982-07-01	11	10.6	11.38	10.63
1982-07-02	11.14	10.83	11.62	11.04
1982-07-03	10.6	10.32	11.07	10.55
1982-07-04	10.96	10.45	11.44	10.77
1982-07-05	11.68	10.88	11.93	11.04
1982-07-06	12.28	11.67	12.56	11.8
1982-07-07	12.11	11.29	12.28	11.33
1982-07-08	14.14	13.89	14.64	14.19
1982-07-09	15.26	14.57	15.47	14.68
1982-07-10	19.75	19.12	19.94	19.22
1982-07-11	20.53	19.8	20.63	19.8
1982-07-12	16.42	15.2	16.42	15.22
1982-07-13	15.79	15.15	16.04	15.36
1982-07-14	17.9	17.68	18.38	17.96
1982-07-15	18.31	18.2	18.87	18.56
1982-07-16	20.09	20.04	20.71	20.44
1982-07-17	19.24	18.78	19.61	18.89
1982-07-18	16.8	15.96	17	16.07
1982-07-19	15.71	15.28	16.16	15.57
1982-07-20	15.71	14.98	16.05	15.2
1982-07-21	12.31	11.51	12.59	11.66
1982-07-22	12.66	11.99	12.99	12.16
1982-07-23	13.81	13.04	14.13	13.28
1982-07-24	16.04	15.21	16.25	15.45
1982-07-25	15.89	15.52	16.37	16.02
1982-07-26	12.78	12.06	13.05	12.14
1982-07-27	13.99	13.19	14.21	13.32
1982-07-28	14.94	14.31	15.22	14.5
1982-07-29	16.78	16.1	16.97	16.2
1982-07-30	19.52	19.15	19.87	19.42
1982-07-31	19.35	18.92	19.72	19.23
1982-08-01	20.23	20.06	20.74	20.43
1982-08-02	21.73	21.44	22.14	21.82
1982-08-03	18.82	18.79	19.51	19.33
1982-08-04	20.54	20.04	20.8	20.37
1982-08-05	17.41	17.08	17.91	17.47
1982-08-06	16.84	16.43	17.4	16.95
1982-08-07	19.19	18.69	19.54	18.91
1982-08-08	18.39	17.93	18.77	18.17
1982-08-09	16.1	15.2	16.29	15.26
1982-08-10	12.68	11.83	12.86	11.85
1982-08-11	13.88	13.02	14.08	13.12
1982-08-12	15.67	14.97	15.92	15.09
1982-08-13	15.66	14.87	15.84	14.86
1982-08-14	11.3	10.76	11.63	10.78
1982-08-15	11.07	10.53	11.49	10.7
1982-08-16	12.95	12.33	13.23	12.43
1982-08-17	12.85	12.47	13.29	12.65
1982-08-18	12.52	11.92	12.85	12.03
1982-08-19	12.16	11.52	12.51	11.65
1982-08-20	12.09	11.33	12.34	11.38
1982-08-21	11.99	11.26	12.26	11.38
1982-08-22	10.82	9.92	11.02	10.01
1982-08-23	11.4	10.82	11.71	10.89
1982-08-24	10.36	9.55	10.6	9.63
1982-08-25	11.4	10.73	11.66	10.74
1982-08-26	12.64	11.98	12.91	12.01
1982-08-27	11.56	10.98	11.92	11.1
1982-08-28	12.38	11.67	12.64	11.75
1982-08-29	10.45	9.72	10.75	9.87
1982-08-30	12.17	11.45	12.46	11.58
1982-08-31	13.71	12.97	13.97	13.07
1982-09-01	10.66	9.97	10.9	10
1982-09-02	9.93	9.2	10.18	9.3
1982-09-03	8.39	7.7	8.69	7.79
1982-09-04	7.33	6.59	7.59	6.7
1982-09-05	7.14	6.45	7.43	6.52
1982-09-06	7.14	6.45	7.43	6.49
1982-09-07	7.77	7.16	8.09	7.22
1982-09-08	8.38	7.68	8.67	7.84
1982-09-09	7.4	6.71	7.69	6.87
1982-09-10	10.42	9.87	10.82	10.03
1982-09-11	10	9.46	10.39	9.68
1982-09-12	9.67	9.01	9.99	9.17
1982-09-13	8.12	7.47	8.44	7.62
1982-09-14	6.92	6.35	7.28	6.48
1982-09-15	13.99	13.55	14.44	13.82
1982-09-16	10.41	9.63	10.67	9.8
1982-09-17	11.22	10.83	11.71	11.12
1982-09-18	13.23	12.79	13.66	12.97
1982-09-19	10.27	9.49	10.48	9.58
1982-09-20	8.66	8.05	8.98	8.2
1982-09-21	12.74	11.99	12.93	12.03
1982-09-22	10.32	9.51	10.48	9.55
1982-09-23	7.1	6.27	7.36	6.37
1982-09-24	6.72	5.91	7.02	6.1
1982-09-25	8.29	7.67	8.65	7.84
1982-09-26	9	8.49	9.4	8.71
1982-09-27	9.25	8.65	9.52	8.68
1982-09-28	8.49	8.01	8.86	8.15
1982-09-29	9.41	9.02	9.85	9.23
1982-09-30	8.72	8.47	9.25	8.75
1982-10-01	8.61	8.18	8.94	8.36
1982-10-02	9.79	9.43	10.17	9.68
1982-10-03	10.61	10.25	10.98	10.46
1982-10-04	9.25	8.85	9.62	9.06
1982-10-05	7.83	7.31	8.19	7.54
1982-10-06	7.84	7.44	8.24	7.74
1982-10-07	6.69	6.01	6.91	6.22
1982-10-08	4.11	3.46	4.36	3.62
1982-10-09	4.24	3.69	4.56	3.89
1982-10-10	3.79	3.35	4.18	3.55
1982-10-11	2.8	2.32	3.18	2.47
1982-10-12	1.73	1.11	2.01	1.21
1982-10-13	2.95	2.23	3.22	2.41
1982-10-14	2.52	1.88	2.81	2.08
1982-10-15	1.63	1.04	1.94	1.27
1982-10-16	0.16	-0.46	0.45	-0.27
1982-10-17	-1.58	-2.16	-1.22	-1.94
1982-10-18	-0.96	-1.59	-0.62	-1.42
1982-10-19	-0.57	-1.19	-0.29	-1.08
1982-10-20	1.83	1.23	2.21	1.5
1982-10-21	2.08	1.37	2.45	1.67
1982-10-22	1.23	0.6	1.55	0.75
1982-10-23	6.18	5.5	6.43	5.7
1982-10-24	1.24	0.41	1.43	0.52
1982-10-25	0.89	0.25	1.18	0.36
1982-10-26	0.54	0.07	0.92	0.22
1982-10-27	1.07	0.59	1.48	0.8
1982-10-28	2.92	2.28	3.26	2.48
1982-10-29	3.62	2.98	3.98	3.31
1982-10-30	6.18	5.59	6.5	5.82
1982-10-31	3.08	2.51	3.36	2.63
1982-11-01	1.66	1.03	2.07	1.12
1982-11-02	4.22	3.46	4.47	3.45
1982-11-03	2.81	2.03	3.05	1.99
1982-11-04	-0.95	-1.68	-0.66	-1.64
1982-11-05	-3.03	-3.68	-2.63	-3.62
1982-11-06	-3.33	-3.99	-2.88	-3.85
1982-11-07	-0.42	-1.11	-0.04	-1.05
1982-11-08	-1.77	-2.43	-1.41	-2.43
1982-11-09	2.83	2.24	3.23	2.38
1982-11-10	4.12	3.36	4.43	3.48
1982-11-11	5.24	4.39	5.46	4.42
1982-11-12	3.83	3.04	4.07	3.04
1982-11-13	3.45	2.74	3.7	2.73
1982-11-14	-0.31	-1.1	-0.09	-1.13
1982-11-15	-1.33	-1.99	-0.98	-1.97
1982-11-16	-1.09	-1.77	-0.75	-1.72
1982-11-17	-1.26	-1.94	-0.92	-1.92
1982-11-18	-1.25	-1.88	-0.91	-1.91
1982-11-19	-1.06	-1.79	-0.7	-1.71
1982-11-20	-0.97	-1.74	-0.6	-1.6
1982-11-21	-2.56	-3.38	-2.23	-3.42
1982-11-22	1	0.34	1.33	0.37
1982-11-23	1.6	0.84	1.88	0.84
1982-11-24	0.2	-0.61	0.52	-0.49
1982-11-25	-1.58	-2.41	-1.32	-2.47
1982-11-26	0.52	-0.15	0.92	-0.01
1982-11-27	-0.1	-0.78	0.34	-0.55
1982-11-28	0.27	-0.31	0.63	-0.27
1982-11-29	-2.42	-3.3	-2.17	-3.38
1982-11-30	-4.45	-5.39	-4.17	-5.65
1982-12-01	-0.76	-1.52	-0.48	-1.51
1982-12-02	-3.49	-4.32	-3.1	-4.21
1982-12-03	-5.71	-6.85	-5.61	-7.03
1982-12-04	-5.73	-7.06	-5.59	-7
1982-12-05	0.39	-0.12	0.86	0.13
1982-12-06	-0.46	-1.02	-0.14	-1.04
1982-12-07	-4.77	-5.65	-4.6	-5.8
1982-12-08	-10.54	-12.11	-10.5	-12.13
1982-12-09	-4.1	-5.02	-3.78	-4.96
1982-12-10	-0.47	-1.03	-0.1	-1.01
1982-12-11	-2.67	-3.53	-2.45	-3.47
1982-12-12	-8.11	-8.91	-7.85	-8.91
1982-12-13	-12.5	-13.6	-12.27	-13.76
1982-12-14	-14.05	-15.26	-13.71	-15.4
1982-12-15	-3.15	-3.74	-2.78	-3.64
1982-12-16	-4.76	-5.29	-4.36	-5.2
1982-12-17	-8.38	-9.15	-8.05	-9.24
1982-12-18	-7.92	-8.84	-7.52	-8.62
1982-12-19	-7.14	-8.24	-6.64	-7.7
1982-12-20	-0.74	-1.31	-0.44	-1.32
1982-12-21	-0.32	-0.74	0.08	-0.69
1982-12-22	-0.13	-0.64	0.24	-0.62
1982-12-23	-4.47	-4.99	-4.14	-5.12
1982-12-24	-6.49	-7.14	-6.13	-7.04
1982-12-25	-4.44	-4.85	-4.02	-5.08
1982-12-26	0.24	-0.33	0.67	-0.17
1982-12-27	-4.87	-5.45	-4.4	-5.46
1982-12-28	-4.75	-5.55	-4.51	-5.63
1982-12-29	-5.6	-6.18	-5.2	-6.18
1982-12-30	-6.5	-7.08	-6.21	-7.54
1982-12-31	-8.5	-8.94	-8.1	-9.09
1983-01-01	-1.92	-2.43	-1.58	-2.34
1983-01-02	-0.87	-1.61	-0.66	-1.67
1983-01-03	-7.17	-8	-6.99	-8.13
1983-01-04	-0.42	-0.9	-0.03	-0.76
1983-01-05	-3.02	-3.75	-2.71	-3.67
1983-01-06	2	1.35	2.35	1.53
1983-01-07	-0.56	-1.27	-0.36	-1.32
1983-01-08	-3.66	-4.54	-3.51	-4.59
1983-01-09	-4.69	-5.49	-4.34	-5.24
1983-01-10	-5.61	-6.22	-5.08	-5.77
1983-01-11	-2.35	-2.71	-1.72	-2.28
1983-01-12	1.12	0.47	1.44	0.6
1983-01-13	-2.08	-2.92	-1.87	-2.89
1983-01-14	-4.29	-4.99	-4.13	-5.18
1983-01-15	-9.4	-10.04	-9.22	-10.48
1983-01-16	-10.52	-11.3	-10.34	-11.57
1983-01-17	-15.21	-16.39	-15.01	-16.56
1983-01-18	-9.49	-10.62	-9.29	-10.48
1983-01-19	-12.07	-12.73	-11.72	-12.6
1983-01-20	-8.6	-9.19	-8.18	-9.06
1983-01-21	-1.37	-2.13	-1.14	-2.09
1983-01-22	-5.96	-6.65	-5.68	-6.65
1983-01-23	-1.51	-1.34	-0.55	-0.64
1983-01-24	-2.41	-2.77	-1.83	-2.58
1983-01-25	-1.01	-1.7	-0.72	-1.64
1983-01-26	-0.07	-0.81	0.2	-0.74
1983-01-27	-0.71	-1.21	-0.32	-1.09
1983-01-28	-3.84	-4.64	-3.67	-4.8
1983-01-29	-9.99	-11.11	-9.84	-11.19
1983-01-30	-7.32	-8.17	-7.04	-7.97
1983-01-31	-13.52	-14.18	-12.92	-13.91
1983-02-01	-11.56	-12.62	-11.28	-12.25
1983-02-02	-17	-17.62	-16.5	-17.22
1983-02-03	-12.42	-12.67	-11.78	-12.39
1983-02-04	-10.55	-10.84	-9.84	-10.57
1983-02-05	-9.97	-10.58	-9.51	-10.44
1983-02-06	-6.27	-6.88	-5.97	-6.76
1983-02-07	-9.68	-10.51	-9.34	-10.3
1983-02-08	-15.68	-16.83	-15.39	-16.5
1983-02-09	-12.63	-13.55	-12.28	-13.48
1983-02-10	-10.43	-11.07	-10.09	-10.95
1983-02-11	-8.94	-9.62	-8.66	-9.48
1983-02-12	-12.57	-13.22	-12.21	-13.07
1983-02-13	-5.51	-5.73	-4.83	-5.15
1983-02-14	-6.21	-6.48	-5.66	-6.21
1983-02-15	-1.58	-2.18	-1.31	-2.08
1983-02-16	-4.69	-5.34	-4.42	-5.23
1983-02-17	-2.92	-3.6	-2.69	-3.55
1983-02-18	-2.04	-2.75	-1.86	-2.76
1983-02-19	-2.27	-2.93	-2.07	-2.96
1983-02-20	-8.04	-8.7	-7.75	-8.59
1983-02-21	-9.47	-10.02	-9	-9.65
1983-02-22	-1.94	-2.54	-1.7	-2.54
1983-02-23	-4.38	-5.16	-4.21	-5.31
1983-02-24	-5.86	-6.76	-5.91	-7.22
1983-02-25	-3.24	-4.12	-3.31	-4.55
1983-02-26	-3.14	-3.8	-2.96	-3.85
1983-02-27	-6.24	-6.73	-5.86	-6.62
1983-02-28	-8.46	-9.07	-8.21	-9.03
1983-03-01	-7.51	-7.96	-7.11	-7.77
1983-03-02	-6.87	-7.2	-6.33	-6.79
1983-03-03	-4.61	-4.87	-3.91	-4.26
1983-03-04	-0.18	-0.82	0.18	-0.52
1983-03-05	-2.52	-3.31	-2.36	-3.25
1983-03-06	-5.24	-5.96	-4.99	-5.83
1983-03-07	-5.84	-6.55	-5.57	-6.4
1983-03-08	-6.91	-7.69	-6.71	-7.69
1983-03-09	-5.73	-6.37	-5.36	-6.08
1983-03-10	-5.57	-6.18	-5.21	-5.94
1983-03-11	-6.03	-6.67	-5.71	-6.47
1983-03-12	-5.09	-5.79	-4.82	-5.64
1983-03-13	-0.56	-1.2	-0.25	-0.98
1983-03-14	1.36	0.75	1.66	0.91
1983-03-15	-0.2	-0.71	0.2	-0.38
1983-03-16	-2.24	-2.63	-1.77	-2.32
1983-03-17	-0.88	-1.14	-0.3	-0.79
1983-03-18	1.34	0.89	1.68	1.09
1983-03-19	-0.92	-1.77	-0.79	-1.73
1983-03-20	-4.06	-4.69	-3.76	-4.55
1983-03-21	-2.34	-2.99	-2.12	-2.92
1983-03-22	-1.51	-2.1	-1.22	-1.92
1983-03-23	-2.26	-3	-2.1	-2.95
1983-03-24	-3.22	-3.97	-3.13	-4.13
1983-03-25	-3.43	-4.02	-3.13	-3.94
1983-03-26	-2.58	-3.19	-2.31	-3.1
1983-03-27	-3.18	-3.72	-2.91	-3.59
1983-03-28	-1.01	-1.55	-0.71	-1.41
1983-03-29	-1.51	-1.92	-1.11	-1.68
1983-03-30	-1.3	-1.84	-0.95	-1.61
1983-03-31	-0.24	-0.75	0.13	-0.5
1983-04-01	0.15	-0.39	0.52	-0.14
1983-04-02	-0.13	-0.82	0.13	-0.56
1983-04-03	-0.73	-1.46	-0.55	-1.29
1983-04-04	0.88	0.25	1.12	0.43
1983-04-05	1.09	0.58	1.39	0.8
1983-04-06	1.67	1.12	1.97	1.32
1983-04-07	0.87	0.42	1.2	0.6
1983-04-08	1.04	0.53	1.38	0.74
1983-04-09	0.54	0.06	0.87	0.28
1983-04-10	1.86	1.09	2.04	1.24
1983-04-11	1.09	0.33	1.23	0.39
1983-04-12	-1.87	-2.38	-1.57	-2.22
1983-04-13	-2.92	-3.61	-2.62	-3.41
1983-04-14	-2.5	-2.97	-2.12	-2.72
1983-04-15	0.2	-0.05	0.69	0.31
1983-04-16	3.02	2.76	3.55	3.14
1983-04-17	4.89	4.43	5.25	4.73
1983-04-18	4.67	4.23	5.05	4.54
1983-04-19	2.8	2.33	3.17	2.65
1983-04-20	2.42	2.07	2.78	2.35
1983-04-21	3.6	3.23	3.91	3.51
1983-04-22	2.78	2.51	3.2	2.88
1983-04-23	4.05	3.43	4.25	3.64
1983-04-24	3.66	3.01	3.9	3.26
1983-04-25	5.5	4.8	5.77	5.24
1983-04-26	5.8	5.1	6.07	5.36
1983-04-27	4.42	4.01	4.84	4.48
1983-04-28	3.87	3.62	4.35	4.02
1983-04-29	3.43	2.98	3.73	3.23
1983-04-30	3.64	3.32	4.02	3.61
1983-05-01	4.05	3.69	4.46	4.09
1983-05-02	4.16	3.98	4.66	4.44
1983-05-03	4.27	3.93	4.67	4.23
1983-05-04	4.53	4.03	4.82	4.39
1983-05-05	5.66	5.16	5.94	5.53
1983-05-06	8.16	7.74	8.56	8.16
1983-05-07	9.8	9.28	10.07	9.54
1983-05-08	8.3	8.06	8.75	8.47
1983-05-09	6.58	6.37	7.04	6.8
1983-05-10	6.23	6.04	6.68	6.47
1983-05-11	6.97	6.68	7.33	6.89
1983-05-12	6.46	6.18	6.85	6.55
1983-05-13	6.12	5.64	6.51	6.05
1983-05-14	9.81	9.21	10.03	9.4
1983-05-15	10.07	9.53	10.38	9.85
1983-05-16	9.13	8.74	9.5	9.23
1983-05-17	8.08	7.57	8.37	7.8
1983-05-18	11.01	10.53	11.26	10.82
1983-05-19	9.17	8.47	9.34	8.64
1983-05-20	9.46	8.87	9.68	9.06
1983-05-21	10.84	10.24	11.06	10.49
1983-05-22	8.98	8.57	9.34	8.92
1983-05-23	11.29	10.6	11.46	10.78
1983-05-24	10.94	10.16	11.05	10.45
1983-05-25	10.35	9.66	10.51	9.97
1983-05-26	10.52	10.02	10.81	10.35
1983-05-27	10.23	9.98	10.59	10.26
1983-05-28	8.93	8.48	9.23	8.69
1983-05-29	7.09	6.7	7.49	7.03
1983-05-30	7.99	7.74	8.45	8.16
1983-05-31	9.75	9.23	10.16	9.78
1983-06-01	11.05	10.42	11.33	10.65
1983-06-02	8.57	8.36	9.01	8.55
1983-06-03	8.16	7.69	8.52	7.88
1983-06-04	8.08	7.43	8.3	7.51
1983-06-05	8.28	7.73	8.56	7.93
1983-06-06	8.97	8.31	9.27	8.54
1983-06-07	9.96	9.28	10.26	9.58
1983-06-08	10.55	10.41	11.07	10.85
1983-06-09	13.28	12.72	13.57	12.99
1983-06-10	10.66	9.96	10.9	10.15
1983-06-11	12.25	11.89	12.7	12.26
1983-06-12	13.24	12.65	13.47	12.79
1983-06-13	15.94	15.24	16.07	15.37
1983-06-14	14.83	14.35	15.09	14.52
1983-06-15	13.1	12.93	13.69	13.41
1983-06-16	13.85	13.06	14.04	13.18
1983-06-17	12.72	11.96	12.93	12.09
1983-06-18	14.57	13.89	14.79	14.16
1983-06-19	13.95	13.2	14.24	13.5
1983-06-20	12.29	11.51	12.53	11.77
1983-06-21	10.67	10.07	10.92	10.38
1983-06-22	12.54	12.66	13.26	13.2
1983-06-23	16.94	16.54	17.27	16.85
1983-06-24	12.11	11.42	12.24	11.37
1983-06-25	11.67	11.44	12.15	11.74
1983-06-26	13.52	12.95	13.93	13.31
1983-06-27	10.93	10.13	11.15	10.35
1983-06-28	9.87	9.35	10.19	9.43
1983-06-29	9.98	9.53	10.38	9.81
1983-06-30	10.62	10.28	11.07	10.54
1983-07-01	12.86	12.5	13.31	12.75
1983-07-02	12.88	12.37	13.32	12.68
1983-07-03	12.55	11.85	12.9	12.03
1983-07-04	12.22	11.73	12.65	11.98
1983-07-05	13.65	12.93	13.98	13.1
1983-07-06	15.08	14.96	15.67	15.3
1983-07-07	18.48	18.39	19.06	18.74
1983-07-08	20.62	20.21	21.02	20.54
1983-07-09	21.8	21.37	22.13	21.64
1983-07-10	22.29	21.61	22.49	21.88
1983-07-11	21.61	21.05	21.83	21.3
1983-07-12	19.71	18.91	19.81	19
1983-07-13	14.77	13.95	14.94	13.95
1983-07-14	14.81	14.28	15.21	14.6
1983-07-15	13.74	12.77	13.9	12.94
1983-07-16	12.33	11.56	12.6	11.69
1983-07-17	13.25	12.62	13.57	12.79
1983-07-18	15.31	14.7	15.6	14.77
1983-07-19	10.72	9.86	10.96	10.01
1983-07-20	9.63	8.84	9.91	9.01
1983-07-21	10.39	9.55	10.59	9.63
1983-07-22	13.76	12.87	13.9	12.88
1983-07-23	16.01	15.15	16.2	15.25
1983-07-24	16.52	15.76	16.67	15.92
1983-07-25	17.78	17.44	18.17	17.68
1983-07-26	17.85	17.85	18.43	18.2
1983-07-27	17.25	17.21	17.77	17.54
1983-07-28	13.73	13.04	14.05	13.22
1983-07-29	10.42	10.04	10.79	10.03
1983-07-30	11.98	11.19	12.2	11.28
1983-07-31	13.33	12.93	13.74	13.18
1983-08-01	15.81	15.35	16.21	15.39
1983-08-02	15.47	15.07	15.91	15.14
1983-08-03	14.87	14.04	15.03	14.01
1983-08-04	13.72	13.39	14.18	13.49
1983-08-05	15.27	14.76	15.58	14.81
1983-08-06	14.22	13.42	14.49	13.52
1983-08-07	16.6	15.98	16.91	16.13
1983-08-08	19.46	18.96	19.8	19.09
1983-08-09	18.83	17.94	18.97	18.05
1983-08-10	17.25	16.9	17.69	17.15
1983-08-11	13.7	12.86	13.97	13.05
1983-08-12	10.31	9.74	10.66	9.83
1983-08-13	9.55	8.72	9.76	8.65
1983-08-14	9.42	8.63	9.69	8.61
1983-08-15	13.19	12.36	13.47	12.42
1983-08-16	10.82	10.09	11.21	10.28
1983-08-17	10.11	9.29	10.39	9.32
1983-08-18	11.29	10.61	11.65	10.74
1983-08-19	13.65	12.84	13.95	12.93
1983-08-20	13.65	13.13	14.08	13.35
1983-08-21	17.13	16.83	17.67	17.08
1983-08-22	17.62	16.77	17.82	16.8
1983-08-23	10.9	10.13	11.15	10.09
1983-08-24	8.98	8.18	9.26	8.17
1983-08-25	10.2	9.52	10.52	9.56
1983-08-26	13.2	12.51	13.57	12.68
1983-08-27	13.39	12.93	13.85	13.1
1983-08-28	10.77	9.95	11.03	10.01
1983-08-29	11.63	10.89	11.95	11.02
1983-08-30	13.53	12.8	13.84	12.88
1983-08-31	11.65	10.86	11.99	11.06
1983-09-01	12.44	12.01	12.93	12.42
1983-09-02	14.71	14.49	15.3	14.91
1983-09-03	15.93	15.53	16.36	15.74
1983-09-04	14.78	14.31	15.16	14.46
1983-09-05	12.91	12.29	13.19	12.36
1983-09-06	10.22	9.37	10.34	9.27
1983-09-07	8.62	8.09	9	8.19
1983-09-08	7.92	7.14	8.14	7.23
1983-09-09	8.81	8.19	9.15	8.33
1983-09-10	10.16	9.53	10.49	9.63
1983-09-11	9.96	9.36	10.32	9.54
1983-09-12	10.55	9.8	10.84	9.95
1983-09-13	10.63	9.97	10.92	10.11
1983-09-14	10.83	10.36	11.2	10.49
1983-09-15	10.06	9.49	10.35	9.56
1983-09-16	11.29	10.71	11.66	10.89
1983-09-17	10.59	10.08	10.93	10.18
1983-09-18	11.55	10.95	11.88	11.08
1983-09-19	11.85	11.21	12.13	11.3
1983-09-20	11.18	10.54	11.48	10.65
1983-09-21	9.5	8.84	9.8	8.93
1983-09-22	7.54	6.99	7.91	7.1
1983-09-23	7.9	7.13	8.17	7.24
1983-09-24	5.48	4.71	5.76	4.83
1983-09-25	4.69	3.98	4.98	4.09
1983-09-26	8.25	7.53	8.6	7.82
1983-09-27	9.48	8.7	9.76	8.9
1983-09-28	4.02	3.28	4.31	3.42
1983-09-29	4.18	3.44	4.47	3.58
1983-09-30	3.08	2.35	3.34	2.44
1983-10-01	3.33	2.69	3.63	2.81
1983-10-02	3.77	3.13	4.07	3.24
1983-10-03	6.35	5.76	6.67	5.89
1983-10-04	7.13	6.87	7.67	7.25
1983-10-05	9.17	8.67	9.52	8.88
1983-10-06	5.03	4.36	5.29	4.48
1983-10-07	4.28	3.62	4.54	3.66
1983-10-08	1.49	0.95	1.88	1.14
1983-10-09	1.97	1.28	2.24	1.37
1983-10-10	2.03	1.3	2.32	1.4
1983-10-11	2.62	1.95	2.94	2.07
1983-10-12	2.65	2.16	3.12	2.46
1983-10-13	3.36	2.67	3.64	2.82
1983-10-14	8.01	7.48	8.37	7.68
1983-10-15	6.75	6.15	7.09	6.36
1983-10-16	6.93	6.46	7.3	6.66
1983-10-17	6.95	6.4	7.24	6.49
1983-10-18	5.23	4.59	5.53	4.73
1983-10-19	5.07	4.3	5.33	4.51
1983-10-20	3.57	2.88	3.84	3.02
1983-10-21	3.56	2.95	3.86	3.06
1983-10-22	4.91	4.27	5.24	4.47
1983-10-23	6.29	5.69	6.56	5.76
1983-10-24	1.7	0.96	1.92	1.02
1983-10-25	0.26	-0.27	0.62	-0.16
1983-10-26	4.98	4.42	5.37	4.67
1983-10-27	3.9	3.37	4.35	3.7
1983-10-28	0.18	-0.44	0.52	-0.26
1983-10-29	0.91	0.37	1.24	0.43
1983-10-30	4.59	3.98	4.9	4.18
1983-10-31	3.93	3.21	4.19	3.36
1983-11-01	3.03	2.38	3.21	2.31
1983-11-02	3.02	2.28	3.2	2.23
1983-11-03	2.19	1.52	2.42	1.5
1983-11-04	1.41	0.73	1.64	0.7
1983-11-05	1.44	0.81	1.7	0.8
1983-11-06	2.68	2.05	3.01	2.15
1983-11-07	3.34	2.59	3.56	2.61
1983-11-08	4.8	4	4.98	4.04
1983-11-09	0.19	-0.5	0.37	-0.57
1983-11-10	-0.11	-0.74	0.12	-0.81
1983-11-11	-2.56	-3.1	-2.23	-3.08
1983-11-12	-5.03	-5.64	-4.66	-5.64
1983-11-13	-6.16	-6.87	-5.87	-6.88
1983-11-14	0.64	0.12	0.92	0.08
1983-11-15	-0.21	-0.82	0.04	-0.85
1983-11-16	-4.13	-4.78	-3.86	-4.76
1983-11-17	-3.94	-4.39	-3.56	-4.42
1983-11-18	-1.54	-2.1	-1.26	-2.13
1983-11-19	-2.12	-2.62	-1.74	-2.53
1983-11-20	-1.71	-2.34	-1.43	-2.26
1983-11-21	-7.65	-8.36	-7.38	-8.26
1983-11-22	-8.44	-9.08	-8.1	-8.98
1983-11-23	-7.22	-7.91	-6.92	-7.82
1983-11-24	-1.82	-2.38	-1.49	-2.31
1983-11-25	0.68	0.12	0.95	0.09
1983-11-26	-3.63	-4.21	-3.27	-3.96
1983-11-27	-12.19	-13.14	-11.56	-12.45
1983-11-28	-13.77	-15.14	-13.26	-14.18
1983-11-29	-12.37	-12.94	-11.54	-12.37
1983-11-30	-11.95	-12.57	-11.35	-12.3
1983-12-01	-13.26	-13.83	-12.58	-13.44
1983-12-02	-3.87	-4.43	-3.57	-4.47
1983-12-03	-0.69	-1.49	-0.5	-1.48
1983-12-04	-1.22	-1.86	-0.95	-1.86
1983-12-05	-1.66	-2.08	-1.1	-1.74
1983-12-06	-3.83	-4.49	-3.48	-4.32
1983-12-07	-5.42	-6.06	-5.06	-5.95
1983-12-08	-2.67	-3.31	-2.39	-3.27
1983-12-09	-13.51	-14.52	-13.29	-14.38
1983-12-10	-17.56	-18.77	-17.49	-18.94
1983-12-11	-14.16	-14.71	-13.65	-14.43
1983-12-12	-10.94	-11.74	-10.68	-11.84
1983-12-13	-13.81	-14.17	-13.11	-13.95
1983-12-14	0.74	0.24	1.13	0.41
1983-12-15	-1.05	-1.47	-0.66	-1.44
1983-12-16	-3.94	-4.3	-3.35	-4.01
1983-12-17	-5.1	-5.88	-4.81	-5.76
1983-12-18	-7.37	-7.98	-7.04	-7.95
1983-12-19	-6.83	-7.8	-6.67	-7.81
1983-12-20	-5.82	-6.82	-5.72	-6.86
1983-12-21	-7.16	-8.07	-6.97	-8.09
1983-12-22	-3.07	-3.84	-2.85	-3.97
1983-12-23	-2.57	-3.07	-2.13	-2.93
1983-12-24	-4.08	-4.84	-3.9	-4.94
1983-12-25	-12.66	-13.36	-12.16	-13.18
1983-12-26	-6.62	-7.59	-6.42	-7.49
1983-12-27	-4.53	-5.18	-4.24	-5.19
1983-12-28	-0.9	-1.68	-0.73	-1.74
1983-12-29	-3.2	-3.93	-2.98	-4.03
1983-12-30	-2.92	-3.58	-2.6	-3.48
1983-12-31	-5.3	-5.97	-5	-5.94
1984-01-01	-1.15	-1.6	-0.78	-1.36
1984-01-02	-4.74	-5.18	-4.39	-5.04
1984-01-03	-5.61	-6.1	-5.22	-5.91
1984-01-04	-8.21	-8.56	-7.7	-8.2
1984-01-05	-8.66	-8.98	-8.14	-8.82
1984-01-06	-13.52	-14.29	-13.36	-14.37
1984-01-07	-14.27	-15.19	-14.16	-15.51
1984-01-08	-12.68	-13.37	-12.32	-13.07
1984-01-09	-17.75	-19.17	-17.68	-19.02
1984-01-10	-13.33	-13.5	-12.69	-13.28
1984-01-11	-1.54	-1.68	-0.95	-1.34
1984-01-12	-0.05	-0.4	0.34	-0.18
1984-01-13	-1.64	-2.03	-1.34	-1.94
1984-01-14	-3.69	-4.11	-3.38	-4.06
1984-01-15	-12.54	-12.82	-12.01	-12.92
1984-01-16	-16.54	-17.48	-16.17	-17.75
1984-01-17	-12.48	-13.46	-12.26	-13.32
1984-01-18	-6.78	-7.44	-6.56	-7.33
1984-01-19	-10.87	-11.22	-10.6	-11.48
1984-01-20	-11.37	-11.69	-10.99	-11.7
1984-01-21	-12.92	-14.01	-12.97	-14.23
1984-01-22	-16.17	-17.79	-16.39	-17.72
1984-01-23	-15.39	-16.01	-15.03	-15.71
1984-01-24	-18.22	-18.57	-17.67	-18.26
1984-01-25	-20.92	-21.63	-20.48	-21.28
1984-01-26	-20.16	-21.13	-19.98	-20.98
1984-01-27	-21.6	-22.29	-21.09	-21.98
1984-01-28	-13.72	-14.88	-13.52	-14.38
1984-01-29	-8.75	-9.45	-8.47	-9.05
1984-01-30	-7.02	-7.42	-6.62	-7.13
1984-01-31	-3.31	-3.59	-2.96	-3.45
1984-02-01	-2.86	-3.46	-2.55	-3.35
1984-02-02	-2.41	-2.92	-2.04	-2.76
1984-02-03	-2.58	-3.24	-2.27	-3.13
1984-02-04	-1.23	-1.81	-0.88	-1.66
1984-02-05	-1.11	-1.71	-0.78	-1.57
1984-02-06	-2.59	-3.29	-2.3	-3.17
1984-02-07	-2.91	-3.59	-2.63	-3.5
1984-02-08	-5.12	-5.83	-4.8	-5.64
1984-02-09	-7.01	-7.66	-6.64	-7.53
1984-02-10	-9.22	-9.72	-8.81	-9.62
1984-02-11	-6.65	-6.94	-6.01	-6.74
1984-02-12	-1.52	-2.19	-1.2	-2.31
1984-02-13	-4.06	-4.96	-3.91	-5.08
1984-02-14	-5.25	-6.35	-5.23	-6.5
1984-02-15	-7.03	-7.75	-6.79	-7.43
1984-02-16	-7.81	-8.47	-7.46	-8.29
1984-02-17	-7.18	-7.94	-6.92	-7.87
1984-02-18	-6.33	-6.87	-5.93	-6.72
1984-02-19	-7.56	-8.26	-7.1	-7.9
1984-02-20	-8.38	-9.17	-8.12	-9.12
1984-02-21	-6.53	-7.17	-6.18	-6.98
1984-02-22	-6.99	-7.64	-6.67	-7.5
1984-02-23	-5.39	-6.05	-5.07	-5.9
1984-02-24	-5.33	-6.02	-5.02	-5.88
1984-02-25	-3.5	-4.03	-3.16	-3.92
1984-02-26	-2.29	-2.7	-1.88	-2.61
1984-02-27	-5.37	-6.08	-5.08	-6.01
1984-02-28	-4.33	-4.92	-3.95	-4.82
1984-02-29	-1.58	-2.24	-1.32	-2.17
1984-03-01	-3.83	-4.59	-3.7	-4.52
1984-03-02	-6.64	-7.39	-6.43	-7.25
1984-03-03	-7.35	-8.1	-7.07	-7.78
1984-03-04	-5.41	-5.94	-5.01	-5.59
1984-03-05	-0.86	-1.54	-0.65	-1.35
1984-03-06	-0.85	-1.52	-0.63	-1.32
1984-03-07	-2.27	-2.93	-2.03	-2.74
1984-03-08	-4.26	-4.95	-3.99	-4.72
1984-03-09	-6.88	-7.51	-6.52	-7.28
1984-03-10	-3.88	-4.56	-3.6	-4.32
1984-03-11	-3.97	-4.55	-3.63	-4.22
1984-03-12	-4.99	-5.38	-4.58	-5.08
1984-03-13	-6.57	-7.06	-6.23	-6.81
1984-03-14	-6.01	-6.7	-5.85	-6.67
1984-03-15	-3.88	-4.61	-3.72	-4.5
1984-03-16	-4.96	-5.71	-4.79	-5.53
1984-03-17	-8.48	-8.76	-8.05	-8.55
1984-03-18	-9.82	-10.03	-9.32	-9.57
1984-03-19	-8.53	-8.83	-8.18	-8.45
1984-03-20	-5.86	-6.3	-5.52	-5.98
1984-03-21	-5.58	-5.68	-5.12	-5.35
1984-03-22	-7.52	-7.58	-6.91	-7.19
1984-03-23	-10.17	-10.51	-9.72	-10.23
1984-03-24	-10.23	-10.62	-9.86	-10.41
1984-03-25	-9	-9.45	-8.6	-9.12
1984-03-26	-8.15	-8.53	-7.74	-8.22
1984-03-27	-7.08	-7.59	-6.73	-7.27
1984-03-28	-6.08	-6.29	-5.57	-5.89
1984-03-29	-6.13	-6.54	-5.71	-6.2
1984-03-30	-2.32	-3.08	-2.16	-2.97
1984-03-31	-3.19	-3.97	-3.04	-3.86
1984-04-01	-1.52	-2.31	-1.33	-2.17
1984-04-02	-1.92	-2.69	-1.74	-2.56
1984-04-03	-2.31	-2.84	-2.02	-2.71
1984-04-04	-0.55	-1.15	-0.25	-0.97
1984-04-05	0.54	0.03	0.87	0.21
1984-04-06	1.48	0.93	1.81	1.13
1984-04-07	1.79	1.38	2.21	1.65
1984-04-08	1.54	1.25	2.04	1.54
1984-04-09	1.19	1.13	1.83	1.51
1984-04-10	3.57	3.2	4.05	3.43
1984-04-11	1.89	1.23	2.12	1.33
1984-04-12	1.56	1.13	1.99	1.42
1984-04-13	2.48	1.73	2.68	1.84
1984-04-14	3.23	2.53	3.46	2.69
1984-04-15	4.38	3.68	4.61	3.81
1984-04-16	3.62	2.86	3.85	2.95
1984-04-17	1.4	0.59	1.63	0.65
1984-04-18	0.5	-0.34	0.66	-0.26
1984-04-19	0.63	0.15	1.03	0.48
1984-04-20	2.07	1.59	2.44	1.95
1984-04-21	3.11	3.07	3.8	3.69
1984-04-22	4.34	3.92	4.69	4.31
1984-04-23	4.96	4.61	5.36	4.98
1984-04-24	7.61	6.93	7.9	7.13
1984-04-25	5.85	5.04	6.09	5.33
1984-04-26	2.88	2.33	3.17	2.55
1984-04-27	3.46	3.34	3.99	3.59
1984-04-28	8.3	7.92	8.61	8.09
1984-04-29	11.99	11.15	12.04	11.33
1984-04-30	11.69	11.18	11.92	11.48
1984-05-01	9.31	9.08	9.77	9.38
1984-05-02	8.04	7.69	8.39	7.95
1984-05-03	6.99	6.61	7.47	7
1984-05-04	8.56	7.64	8.66	7.82
1984-05-05	8.69	7.7	8.86	7.98
1984-05-06	5.85	4.8	5.93	4.94
1984-05-07	4.46	3.39	4.54	3.45
1984-05-08	3.53	2.49	3.66	2.6
1984-05-09	1.8	1.05	2.03	1.22
1984-05-10	2.95	2.07	3.15	2.19
1984-05-11	4.34	3.66	4.66	3.92
1984-05-12	7.29	6.73	7.65	7.1
1984-05-13	10.63	10.18	11.08	10.61
1984-05-14	9.87	9.62	10.38	10.07
1984-05-15	9.12	8.67	9.46	8.91
1984-05-16	10.3	10.06	10.82	10.46
1984-05-17	12.26	12.12	12.73	12.51
1984-05-18	14.46	14.05	14.76	14.4
1984-05-19	13.54	12.73	13.66	12.84
1984-05-20	13.03	12.59	13.46	13
1984-05-21	14.98	14.49	15.26	14.85
1984-05-22	15.47	15	15.71	15.21
1984-05-23	14.54	14.13	14.89	14.46
1984-05-24	10.27	10.05	10.79	10.44
1984-05-25	9.43	9.03	9.81	9.24
1984-05-26	12.17	11.68	12.49	11.89
1984-05-27	13.54	13.3	13.89	13.43
1984-05-28	12.81	12.73	13.24	12.81
1984-05-29	12.98	12.7	13.36	12.94
1984-05-30	13	12.58	13.31	12.81
1984-05-31	13.45	13.18	13.88	13.48
1984-06-01	15.06	14.74	15.4	14.98
1984-06-02	15.26	15.17	15.68	15.45
1984-06-03	13.76	13.53	14.22	13.88
1984-06-04	15.32	15.37	15.85	15.78
1984-06-05	13.78	13.58	14.29	13.93
1984-06-06	14.81	14.7	15.29	14.92
1984-06-07	15.72	15.23	15.99	15.53
1984-06-08	9.44	8.79	9.66	9.02
1984-06-09	8.3	7.55	8.5	7.68
1984-06-10	7.53	7.02	7.84	7.22
1984-06-11	8.07	7.39	8.34	7.59
1984-06-12	10.47	10.26	11.04	10.83
1984-06-13	9.5	8.92	9.86	9.14
1984-06-14	8.76	8.24	9.17	8.52
1984-06-15	10.69	10.36	11.12	10.58
1984-06-16	13.65	12.85	13.83	13.08
1984-06-17	14.75	13.93	14.91	14.1
1984-06-18	15.16	14.55	15.38	14.77
1984-06-19	14.58	13.85	14.83	14.06
1984-06-20	12.34	11.81	12.69	12.1
1984-06-21	13.55	13.27	14.12	13.75
1984-06-22	11.48	10.7	11.74	10.91
1984-06-23	12.17	11.57	12.45	11.78
1984-06-24	10.18	9.63	10.53	9.78
1984-06-25	10.72	10.25	11.13	10.48
1984-06-26	12.51	11.75	12.72	11.91
1984-06-27	11.65	10.89	11.83	11.01
1984-06-28	11.51	10.62	11.64	10.65
1984-06-29	12.15	11.25	12.3	11.38
1984-06-30	12.26	11.58	12.55	11.84
1984-07-01	12.33	11.58	12.56	11.69
1984-07-02	10.46	9.64	10.68	9.76
1984-07-03	11.74	11.04	12.01	11.16
1984-07-04	10.72	9.95	10.95	10.07
1984-07-05	9.98	9.26	10.23	9.36
1984-07-06	12.21	11.58	12.47	11.75
1984-07-07	15.6	14.74	15.84	15.06
1984-07-08	15.69	15.35	16.17	15.77
1984-07-09	17.9	17.72	18.39	18.16
1984-07-10	20.4	20.03	20.79	20.33
1984-07-11	19.12	18.5	19.34	18.62
1984-07-12	16.84	16.42	17.17	16.64
1984-07-13	14.27	13.82	14.69	13.99
1984-07-14	15.69	15.31	16.09	15.53
1984-07-15	16.05	15.78	16.52	16.09
1984-07-16	16.68	16.13	16.99	16.32
1984-07-17	14.99	14.47	15.34	14.65
1984-07-18	13.39	13.03	13.88	13.28
1984-07-19	13.45	13.17	14.01	13.48
1984-07-20	14.82	14.13	15.09	14.26
1984-07-21	13.84	13.07	14.06	13.18
1984-07-22	11.82	11.11	12.1	11.27
1984-07-23	12.06	11.4	12.35	11.53
1984-07-24	12.54	11.86	12.81	12
1984-07-25	13.92	13.15	14.11	13.21
1984-07-26	11.53	10.78	11.78	10.93
1984-07-27	10.14	9.4	10.41	9.46
1984-07-28	13.64	12.85	13.83	12.96
1984-07-29	13.09	12.44	13.37	12.62
1984-07-30	14.15	13.74	14.54	13.94
1984-07-31	17.22	17.01	17.78	17.39
1984-08-01	19.3	19.22	19.93	19.61
1984-08-02	18.48	18.23	18.91	18.48
1984-08-03	17.41	16.91	17.69	17.02
1984-08-04	16.41	15.96	16.81	16.11
1984-08-05	17.14	16.56	17.45	16.62
1984-08-06	15.64	15.03	15.95	15.09
1984-08-07	16.6	15.94	16.85	15.92
1984-08-08	15.9	15.14	16.08	15.24
1984-08-09	15.87	15.35	16.22	15.52
1984-08-10	14.14	13.38	14.43	13.46
1984-08-11	12.33	11.8	12.81	12.11
1984-08-12	13.98	13.28	14.28	13.4
1984-08-13	14.14	13.44	14.44	13.52
1984-08-14	11.21	10.69	11.64	10.82
1984-08-15	11.35	10.81	11.74	10.93
1984-08-16	11.83	11.13	12.13	11.2
1984-08-17	11.08	10.32	11.36	10.4
1984-08-18	12.16	11.49	12.49	11.61
1984-08-19	14.5	13.79	14.81	13.87
1984-08-20	15.35	14.59	15.61	14.66
1984-08-21	16.1	15.41	16.38	15.55
1984-08-22	17.59	17.06	18.04	17.39
1984-08-23	13.81	12.93	14.07	13.14
1984-08-24	10.76	9.94	11.01	10.03
1984-08-25	9.22	8.48	9.46	8.56
1984-08-26	9.12	8.35	9.38	8.34
1984-08-27	10.24	9.46	10.49	9.51
1984-08-28	11.25	10.65	11.62	10.81
1984-08-29	12.94	12.11	13.14	12.17
1984-08-30	13	12.32	13.35	12.46
1984-08-31	9.72	9.09	10.06	9.27
1984-09-01	9.33	8.71	9.7	8.99
1984-09-02	9.03	8.28	9.29	8.43
1984-09-03	8.56	7.89	8.9	8.14
1984-09-04	5.58	4.66	5.69	4.66
1984-09-05	6.98	6.28	7.24	6.4
1984-09-06	8.36	7.74	8.66	7.89
1984-09-07	11.28	10.69	11.62	10.93
1984-09-08	12.88	12.41	13.22	12.53
1984-09-09	10.78	10.16	11.11	10.33
1984-09-10	9.91	9.42	10.27	9.59
1984-09-11	8.88	8.34	9.24	8.57
1984-09-12	9.48	8.98	9.83	9.09
1984-09-13	8.7	8.01	8.9	7.99
1984-09-14	9.88	9.4	10.21	9.52
1984-09-15	9.7	9.23	10.02	9.42
1984-09-16	9.08	8.8	9.56	9.05
1984-09-17	8.67	8.29	9.11	8.53
1984-09-18	8.32	7.87	8.7	8.04
1984-09-19	7.41	6.93	7.81	7.14
1984-09-20	7.52	7	7.93	7.25
1984-09-21	7.71	7.07	8.06	7.3
1984-09-22	9.07	8.49	9.41	8.69
1984-09-23	7.19	6.53	7.52	6.75
1984-09-24	7.42	6.71	7.7	6.89
1984-09-25	8.45	7.78	8.74	7.96
1984-09-26	5.27	4.57	5.56	4.76
1984-09-27	5.51	4.79	5.76	4.94
1984-09-28	4.35	3.72	4.63	3.85
1984-09-29	3.69	3.04	3.97	3.19
1984-09-30	5.12	4.58	5.49	4.78
1984-10-01	6.24	5.62	6.52	5.74
1984-10-02	8.65	8.12	8.96	8.3
1984-10-03	10.99	10.69	11.43	11.02
1984-10-04	9.83	9.47	10.22	9.72
1984-10-05	9.06	8.64	9.43	8.84
1984-10-06	8.86	8.4	9.22	8.61
1984-10-07	8.4	7.94	8.73	8.09
1984-10-08	7.58	7.11	7.93	7.31
1984-10-09	6.14	5.55	6.44	5.69
1984-10-10	5.9	5.36	6.26	5.54
1984-10-11	5.92	5.24	6.18	5.43
1984-10-12	3.42	2.68	3.63	2.72
1984-10-13	2.21	1.6	2.52	1.74
1984-10-14	2.21	1.81	2.66	2.07
1984-10-15	2.95	2.42	3.31	2.66
1984-10-16	2.15	1.52	2.46	1.68
1984-10-17	5.35	4.67	5.68	4.97
1984-10-18	4.21	3.56	4.48	3.67
1984-10-19	6.28	5.69	6.59	5.88
1984-10-20	7.21	6.69	7.56	6.91
1984-10-21	4.98	4.35	5.23	4.45
1984-10-22	2.92	2.35	3.19	2.45
1984-10-23	2.4	1.86	2.74	2
1984-10-24	2.04	1.35	2.32	1.52
1984-10-25	1.75	1.05	1.94	1.02
1984-10-26	3.37	2.6	3.65	2.92
1984-10-27	2.71	2.05	3.04	2.38
1984-10-28	0.29	-0.31	0.65	-0.02
1984-10-29	1.19	0.6	1.6	0.82
1984-10-30	6.26	5.71	6.64	6.03
1984-10-31	4.23	3.54	4.56	3.82
1984-11-01	4.54	4.04	4.92	4.4
1984-11-02	7.77	7.28	8.07	7.56
1984-11-03	5.69	5.02	5.87	5.27
1984-11-04	2.7	2.02	2.92	2.3
1984-11-05	2.76	2.22	2.99	2.35
1984-11-06	-0.12	-0.68	0.14	-0.53
1984-11-07	-1.43	-1.93	-1.09	-1.71
1984-11-08	-1.09	-1.61	-0.78	-1.38
1984-11-09	-2.64	-3.16	-2.35	-2.92
1984-11-10	-2.46	-3	-2.18	-2.82
1984-11-11	-1.03	-1.44	-0.7	-1.25
1984-11-12	0.19	-0.21	0.56	0.05
1984-11-13	0.29	-0.11	0.7	0.17
1984-11-14	-2	-2.22	-1.38	-1.89
1984-11-15	-3.24	-3.67	-2.78	-3.43
1984-11-16	-4.92	-5.68	-4.65	-5.49
1984-11-17	-4.58	-5.38	-4.37	-5.18
1984-11-18	-4.06	-4.66	-3.78	-4.47
1984-11-19	-4.28	-4.95	-4.02	-4.73
1984-11-20	-3.47	-3.98	-3.13	-3.77
1984-11-21	-6.35	-7.1	-6.11	-6.89
1984-11-22	-2.34	-2.99	-2.08	-2.82
1984-11-23	-0.85	-1.33	-0.54	-1.13
1984-11-24	-3.87	-4.44	-3.56	-4.34
1984-11-25	-3.72	-4.07	-3.19	-3.75
1984-11-26	-4.8	-5.38	-4.49	-5.11
1984-11-27	-5.31	-5.92	-5	-5.64
1984-11-28	-0.17	-0.55	0.19	-0.3
1984-11-29	-0.71	-1.26	-0.34	-0.96
1984-11-30	1.39	0.97	1.78	1.26
1984-12-01	1.07	0.22	1.31	0.12
1984-12-02	-0.27	-1.13	0	-1.22
1984-12-03	-3.12	-3.91	-2.68	-4.03
1984-12-04	-2.91	-3.56	-2.31	-3.44
1984-12-05	-1.89	-2.58	-1.45	-2.61
1984-12-06	0.02	-0.67	0.38	-0.7
1984-12-07	-1.08	-1.76	-0.69	-1.83
1984-12-08	0.92	0.06	1.2	0.05
1984-12-09	-0.09	-1.05	0.09	-1.22
1984-12-10	-1.1	-2.01	-0.86	-2.1
1984-12-11	-0.39	-1.33	-0.2	-1.47
1984-12-12	-3.9	-5	-3.72	-5.11
1984-12-13	-3.17	-3.95	-2.88	-4.02
1984-12-14	-4.01	-4.71	-3.61	-4.77
1984-12-15	-4.88	-5.77	-4.61	-5.94
1984-12-16	-4.18	-5.15	-3.98	-5.27
1984-12-17	-6.27	-7.36	-6.15	-7.55
1984-12-18	-6.03	-7.14	-5.98	-7.54
1984-12-19	-2.28	-3.25	-2.07	-3.4
1984-12-20	-0.28	-0.95	0.08	-0.97
1984-12-21	-1.25	-2.14	-1.03	-2.28
1984-12-22	-7.52	-8.4	-7.25	-8.5
1984-12-23	-4.72	-5.25	-4.22	-5.15
1984-12-24	1.51	0.88	1.85	0.8
1984-12-25	-1.43	-2.08	-1.12	-2.23
1984-12-26	-3.76	-4.49	-3.33	-4.52
1984-12-27	-4.99	-5.73	-4.47	-5.65
1984-12-28	-5.59	-6.43	-5.15	-6.4
1984-12-29	-9.11	-9.89	-8.53	-9.77
1984-12-30	-11.43	-12.35	-11.15	-12.54
1984-12-31	-9.17	-9.94	-8.69	-9.7
1985-01-01	-9.24	-9.54	-8.79	-9.23
1985-01-02	-11.65	-12.06	-11.29	-11.84
1985-01-03	-17.11	-17.69	-16.81	-17.51
1985-01-04	-19.86	-20.82	-19.61	-20.5
1985-01-05	-20.62	-21.29	-20.28	-20.98
1985-01-06	-23.94	-25.52	-24.09	-25.37
1985-01-07	-24.85	-24.71	-24.21	-24.89
1985-01-08	-22.36	-22.84	-22.08	-23.04
1985-01-09	-17.19	-17.09	-16.42	-16.66
1985-01-10	-14.56	-14.6	-13.75	-14.06
1985-01-11	-15.55	-15.76	-14.96	-15.54
1985-01-12	-14.81	-15.13	-14.33	-14.84
1985-01-13	-18.79	-19.36	-18.53	-19.3
1985-01-14	-9.74	-9.59	-9.25	-9.29
1985-01-15	-5.97	-6.55	-5.76	-6.51
1985-01-16	-6.62	-7.08	-6.4	-7.1
1985-01-17	-4.87	-5.34	-4.64	-5.33
1985-01-18	-5.53	-5.91	-5.22	-5.75
1985-01-19	-15.58	-16.16	-15.13	-15.8
1985-01-20	-16.9	-18.07	-16.76	-17.74
1985-01-21	-11.04	-12.32	-10.97	-11.73
1985-01-22	-11.07	-11.9	-10.9	-11.67
1985-01-23	-14.16	-15.08	-13.99	-14.69
1985-01-24	-21.7	-22.18	-21.36	-21.91
1985-01-25	-24.23	-25.07	-23.99	-24.71
1985-01-26	-27.2	-28.57	-27.38	-28.68
1985-01-27	-25.36	-25.49	-24.69	-25.51
1985-01-28	-17.98	-18.24	-17.33	-17.78
1985-01-29	-7.46	-7.9	-7.2	-7.72
1985-01-30	-11.13	-11.78	-11.04	-11.83
1985-01-31	-11.17	-12.03	-10.99	-11.78
1985-02-01	-11.54	-12.64	-11.46	-12.05
1985-02-02	-21.55	-22.28	-21.51	-22.19
1985-02-03	-19.95	-20.72	-19.93	-20.62
1985-02-04	-18.46	-19.42	-18.44	-19.24
1985-02-05	-12.41	-13.13	-12.36	-12.98
1985-02-06	-14.25	-15.06	-14.18	-14.75
1985-02-07	-22.37	-23.25	-22.28	-22.93
1985-02-08	-23.56	-24.79	-23.7	-24.61
1985-02-09	-26.12	-26.93	-26.03	-26.68
1985-02-10	-20.7	-20.95	-20.3	-20.69
1985-02-11	-12.65	-13.01	-12.38	-12.66
1985-02-12	-12.22	-12.09	-11.53	-11.05
1985-02-13	-17.05	-17.2	-16.59	-16.51
1985-02-14	-19.92	-20.42	-19.65	-19.98
1985-02-15	-23.19	-23.87	-22.94	-23.41
1985-02-16	-21.76	-21.85	-21.3	-21.46
1985-02-17	-23.75	-23.88	-23.25	-23.34
1985-02-18	-25.18	-24.41	-24.03	-23.32
1985-02-19	-23.96	-24.29	-23.57	-23.93
1985-02-20	-21	-20.11	-19.77	-19.27
1985-02-21	-16.78	-16.44	-16.22	-15.88
1985-02-22	-20.5	-20.5	-20.03	-19.94
1985-02-23	-20.94	-20.86	-20.4	-20.36
1985-02-24	-8.16	-8.04	-7.57	-7.45
1985-02-25	-4.65	-5.22	-4.5	-5.03
1985-02-26	-4.71	-5.26	-4.62	-5.22
1985-02-27	-4.29	-4.81	-4.15	-4.47
1985-02-28	-2.5	-2.77	-2.31	-2.53
1985-03-01	-7.07	-7.71	-6.81	-7.54
1985-03-02	-8.09	-8.84	-7.85	-8.66
1985-03-03	-9.52	-10.16	-9.25	-10.01
1985-03-04	-9.59	-10.06	-9.21	-9.84
1985-03-05	-8.39	-8.95	-8.05	-8.74
1985-03-06	-3.9	-4.26	-3.39	-3.83
1985-03-07	-2.62	-2.88	-2.09	-2.46
1985-03-08	-5.03	-5.09	-4.44	-4.81
1985-03-09	-5.77	-6.06	-5.27	-5.76
1985-03-10	-0.87	-1.5	-0.6	-1.36
1985-03-11	0.9	0.12	1.06	0.2
1985-03-12	1.63	0.83	1.82	0.93
1985-03-13	0.11	-0.55	0.4	-0.35
1985-03-14	-0.59	-1.17	-0.26	-0.9
1985-03-15	-4.98	-5.42	-4.57	-5.13
1985-03-16	-6.75	-7.49	-6.54	-7.32
1985-03-17	-8.59	-8.91	-8.15	-8.68
1985-03-18	-6.58	-7.45	-6.48	-7.37
1985-03-19	-6.79	-7.62	-6.85	-7.44
1985-03-20	-6.59	-7.01	-6.25	-6.67
1985-03-21	-3.41	-3.83	-3.04	-3.6
1985-03-22	-1.82	-2.37	-1.51	-2.18
1985-03-23	-0.95	-1.42	-0.57	-1.18
1985-03-24	-2.19	-2.54	-1.72	-2.21
1985-03-25	-1.39	-1.78	-0.93	-1.46
1985-03-26	0.41	-0.11	0.75	0.1
1985-03-27	-0.52	-0.99	-0.16	-0.74
1985-03-28	-3.21	-4.14	-3.15	-4.17
1985-03-29	-3.35	-4.12	-3.16	-4.03
1985-03-30	-4.44	-5.01	-4.03	-4.66
1985-03-31	-1.89	-2.42	-1.47	-2.26
1985-04-01	-1.01	-1.66	-0.7	-1.47
1985-04-02	-1.74	-2.36	-1.49	-2.07
1985-04-03	0.7	-0.05	0.91	0.18
1985-04-04	-1.17	-2	-0.97	-1.75
1985-04-05	-3.22	-3.78	-2.89	-3.43
1985-04-06	-4.13	-4.54	-3.71	-4.19
1985-04-07	-2.95	-3.34	-2.55	-3.01
1985-04-08	-2.57	-2.94	-2.15	-2.57
1985-04-09	-4.6	-5.16	-4.28	-4.84
1985-04-10	-2.73	-3.57	-2.59	-3.45
1985-04-11	-1.16	-1.56	-0.73	-1.15
1985-04-12	-0.89	-1.08	-0.36	-0.68
1985-04-13	0.05	-0.19	0.54	0.19
1985-04-14	0.49	0.45	1.06	0.93
1985-04-15	1.52	1.37	2	1.66
1985-04-16	1.42	0.65	1.57	0.83
1985-04-17	0.31	-0.18	0.68	0.19
1985-04-18	2.92	2.34	3.21	2.58
1985-04-19	2.86	2.25	3.16	2.57
1985-04-20	-0.59	-0.93	-0.18	-0.61
1985-04-21	2.24	1.66	2.51	1.88
1985-04-22	1.85	1.12	2.06	1.33
1985-04-23	-0.66	-1.25	-0.43	-1.09
1985-04-24	0.07	-0.66	0.28	-0.44
1985-04-25	-1.34	-2.15	-1.2	-2.06
1985-04-26	-2.14	-2.87	-1.97	-2.83
1985-04-27	-2.07	-2.45	-1.72	-2.26
1985-04-28	-0.87	-1.2	-0.5	-0.95
1985-04-29	-0.67	-0.94	-0.26	-0.77
1985-04-30	1.86	1.53	2.23	1.7
1985-05-01	0.51	0.04	0.8	0.31
1985-05-02	-0.01	-0.46	0.34	-0.12
1985-05-03	0.01	-0.4	0.36	-0.1
1985-05-04	0.67	0.25	1	0.49
1985-05-05	0.52	0.32	1.02	0.71
1985-05-06	1.47	1.28	1.92	1.52
1985-05-07	3.24	3.25	3.8	3.64
1985-05-08	4.26	4.75	4.81	5.42
1985-05-09	4.38	4.79	4.87	5.28
1985-05-10	4.53	4.63	4.94	5.08
1985-05-11	6.55	5.97	6.71	6.21
1985-05-12	8.75	8.18	8.92	8.51
1985-05-13	10.54	10.13	10.78	10.5
1985-05-14	8.62	7.77	8.74	8.13
1985-05-15	6.57	5.97	6.8	6.39
1985-05-16	5.86	5.7	6.35	6.31
1985-05-17	5.94	5.83	6.43	6.21
1985-05-18	8.19	7.88	8.52	8.31
1985-05-19	9.72	8.96	9.86	9.32
1985-05-20	6.97	6.16	7.1	6.45
1985-05-21	1.81	1.58	2.27	2.09
1985-05-22	1.28	0.95	1.83	1.63
1985-05-23	0.34	-0.23	0.64	0.11
1985-05-24	1.59	1.18	1.95	1.55
1985-05-25	3.92	3.5	4.46	4.17
1985-05-26	12.48	11.81	12.68	12.14
1985-05-27	16.83	16.29	17.01	16.61
1985-05-28	17.49	17.39	17.94	17.93
1985-05-29	15.53	14.33	15.28	14.48
1985-05-30	10.11	9.46	10.33	9.82
1985-05-31	11.2	10.74	11.45	11.14
1985-06-01	14.25	13.64	14.52	14.03
1985-06-02	11.16	10.3	11.39	10.56
1985-06-03	9.86	9.35	10.21	9.7
1985-06-04	10.78	10.16	11.01	10.39
1985-06-05	8.63	7.89	8.85	8.01
1985-06-06	6.86	6.54	7.33	6.85
1985-06-07	7.44	7.07	7.89	7.35
1985-06-08	6.07	5.52	6.41	5.66
1985-06-09	7.19	6.4	7.41	6.51
1985-06-10	8.81	7.94	9.07	8.16
1985-06-11	9.52	8.99	9.82	9.19
1985-06-12	8.9	8.6	9.3	8.8
1985-06-13	8.71	8.43	9.22	8.79
1985-06-14	9.81	9.38	10.13	9.64
1985-06-15	11.53	11.05	11.85	11.24
1985-06-16	9.83	9.1	10.13	9.28
1985-06-17	10.57	9.72	10.75	9.83
1985-06-18	13.49	12.69	13.7	12.82
1985-06-19	15.66	15.09	15.94	15.32
1985-06-20	14.03	13.55	14.34	13.81
1985-06-21	14.83	14.5	15.15	14.74
1985-06-22	16.98	16.55	17.26	16.85
1985-06-23	18.7	18.12	18.92	18.4
1985-06-24	20.07	19.41	20.31	19.64
1985-06-25	17.96	17.68	18.4	18.15
1985-06-26	17.24	16.99	17.66	17.33
1985-06-27	15.39	15.07	15.79	15.29
1985-06-28	14.37	13.9	14.76	14.14
1985-06-29	12.31	11.91	12.74	12.06
1985-06-30	11.19	10.83	11.67	11.14
1985-07-01	10.47	9.9	10.74	10.1
1985-07-02	11.26	10.92	11.68	11.2
1985-07-03	13.71	13.4	14.11	13.75
1985-07-04	16.1	15.54	16.38	15.89
1985-07-05	17.2	16.72	17.48	17.11
1985-07-06	16.44	16.38	16.94	16.83
1985-07-07	14.24	13.74	14.47	13.78
1985-07-08	14.22	13.86	14.57	14.09
1985-07-09	15.82	15.43	16.14	15.64
1985-07-10	17.43	16.96	17.69	17.16
1985-07-11	18.27	17.75	18.52	18
1985-07-12	18.45	17.99	18.75	18.29
1985-07-13	16.81	16.09	17	16.27
1985-07-14	17.19	16.52	17.39	16.74
1985-07-15	15.15	14.64	15.53	14.93
1985-07-16	13.54	12.87	13.83	13.16
1985-07-17	12.83	12.23	13.17	12.47
1985-07-18	13.11	12.8	13.66	13.31
1985-07-19	14.78	14.43	15.22	14.79
1985-07-20	14.52	13.95	14.81	14.11
1985-07-21	11.88	11.37	12.31	11.71
1985-07-22	12.02	11.14	12.24	11.44
1985-07-23	12.58	11.94	12.83	12.07
1985-07-24	12.49	11.87	12.76	12.04
1985-07-25	14.39	13.63	14.55	13.71
1985-07-26	14.87	14.3	15.2	14.57
1985-07-27	14.14	13.68	14.49	13.97
1985-07-28	13.27	12.79	13.63	13.02
1985-07-29	12.16	11.74	12.57	11.97
1985-07-30	12.7	12.17	13.07	12.39
1985-07-31	13.57	13.05	13.96	13.35
1985-08-01	13.3	12.67	13.61	12.9
1985-08-02	14.37	13.81	14.67	14.01
1985-08-03	12.95	12.39	13.26	12.55
1985-08-04	13.09	12.49	13.39	12.66
1985-08-05	13.44	12.87	13.78	13.06
1985-08-06	13.13	12.55	13.49	12.78
1985-08-07	13.7	13.15	14.04	13.32
1985-08-08	14.06	13.49	14.32	13.65
1985-08-09	15.59	15.07	15.91	15.23
1985-08-10	14.31	13.95	14.74	14.18
1985-08-11	14.2	13.78	14.6	14.01
1985-08-12	14.34	13.64	14.55	13.7
1985-08-13	14.07	13.47	14.36	13.61
1985-08-14	14.68	14.15	15	14.3
1985-08-15	13.87	13.54	14.28	13.69
1985-08-16	16.23	15.69	16.64	16.03
1985-08-17	15.96	15.35	16.26	15.58
1985-08-18	15.47	15.02	15.85	15.34
1985-08-19	15.01	14.61	15.38	14.87
1985-08-20	14.35	13.8	14.66	13.96
1985-08-21	13.33	12.75	13.66	12.91
1985-08-22	12.99	12.31	13.25	12.47
1985-08-23	11.56	10.9	11.86	11.08
1985-08-24	12.19	11.55	12.46	11.68
1985-08-25	13.03	12.34	13.31	12.48
1985-08-26	12.61	12.03	12.94	12.19
1985-08-27	12.14	11.55	12.49	11.74
1985-08-28	12.82	12.18	13.15	12.43
1985-08-29	13.57	12.93	13.93	13.25
1985-08-30	11.51	10.76	11.8	10.99
1985-08-31	10.51	9.83	10.81	10.04
1985-09-01	12.06	11.67	12.57	12
1985-09-02	11.08	10.4	11.34	10.46
1985-09-03	10.1	9.42	10.43	9.59
1985-09-04	10.41	9.73	10.66	9.77
1985-09-05	8.5	7.81	8.83	7.99
1985-09-06	8.18	7.29	8.38	7.35
1985-09-07	8.63	7.92	8.93	8.13
1985-09-08	9.34	8.6	9.54	8.64
1985-09-09	10.1	9.44	10.35	9.44
1985-09-10	9.12	8.75	9.61	9.02
1985-09-11	9.64	9.04	9.98	9.22
1985-09-12	9.35	8.68	9.63	8.79
1985-09-13	9.75	9.25	10.14	9.41
1985-09-14	10.55	10.08	10.94	10.25
1985-09-15	10.2	9.62	10.54	9.77
1985-09-16	9.02	8.45	9.36	8.62
1985-09-17	7.59	6.92	7.86	7.03
1985-09-18	7.35	6.69	7.69	6.87
1985-09-19	7.41	6.73	7.7	6.83
1985-09-20	8.92	8.16	9.16	8.27
1985-09-21	7.01	6.36	7.34	6.52
1985-09-22	5.63	4.98	5.94	5.12
1985-09-23	5.47	4.81	5.78	4.97
1985-09-24	4.78	4.2	5.12	4.32
1985-09-25	5.01	4.4	5.33	4.51
1985-09-26	4.72	4.14	5.04	4.21
1985-09-27	6.32	5.74	6.68	5.87
1985-09-28	5.33	4.64	5.6	4.77
1985-09-29	3.27	2.62	3.59	2.76
1985-09-30	3.26	2.83	3.79	3.15
1985-10-01	9.25	8.68	9.64	9.04
1985-10-02	10.1	9.55	10.48	9.85
1985-10-03	9.54	9.18	10.08	9.64
1985-10-04	11.7	11.13	12.11	11.55
1985-10-05	10.77	10.26	11.12	10.48
1985-10-06	8.7	8.15	9.04	8.36
1985-10-07	8.41	7.98	8.83	8.27
1985-10-08	7.51	6.89	7.79	7.1
1985-10-09	6.06	5.55	6.47	5.85
1985-10-10	5.46	4.92	5.82	5.14
1985-10-11	4.71	4.13	5.03	4.33
1985-10-12	3.9	3.3	4.22	3.49
1985-10-13	2.17	1.48	2.45	1.67
1985-10-14	5.63	5.06	5.93	5.22
1985-10-15	7.81	7.34	8.17	7.56
1985-10-16	5.75	5.06	6.06	5.38
1985-10-17	1.5	0.93	1.83	1.08
1985-10-18	4.35	3.65	4.56	3.75
1985-10-19	4.51	3.93	4.8	4.03
1985-10-20	5.88	5.39	6.22	5.52
1985-10-21	5.62	5.03	5.99	5.29
1985-10-22	4.87	4.26	5.12	4.33
1985-10-23	6.61	6.02	6.8	5.98
1985-10-24	4.18	3.5	4.37	3.43
1985-10-25	2.62	1.88	2.74	1.78
1985-10-26	3.51	2.81	3.72	2.9
1985-10-27	2.57	1.97	2.85	2.09
1985-10-28	-0.36	-0.82	0.1	-0.52
1985-10-29	0.97	0.59	1.43	0.82
1985-10-30	4.82	4.12	5.08	4.31
1985-10-31	-1.02	-1.56	-0.66	-1.31
1985-11-01	-3.39	-3.93	-2.99	-3.73
1985-11-02	-1.16	-1.68	-0.77	-1.56
1985-11-03	-2.27	-2.98	-2	-2.95
1985-11-04	-2.88	-3.59	-2.55	-3.56
1985-11-05	1.11	0.59	1.43	0.63
1985-11-06	2.27	1.65	2.53	1.66
1985-11-07	-0.78	-1.29	-0.43	-1.26
1985-11-08	-1.32	-1.91	-1.03	-1.95
1985-11-09	-0.54	-1.11	-0.23	-1.05
1985-11-10	0.9	0.38	1.22	0.44
1985-11-11	-0.89	-1.28	-0.47	-1.17
1985-11-12	-1.62	-2.25	-1.35	-2.18
1985-11-13	-5.56	-6.21	-5.22	-6
1985-11-14	-6.54	-7.36	-6.29	-7.27
1985-11-15	-3.58	-4.15	-3.23	-4.07
1985-11-16	-4.17	-4.69	-3.77	-4.58
1985-11-17	-5.74	-6.27	-5.28	-6.14
1985-11-18	-6.15	-6.59	-5.71	-6.49
1985-11-19	-5.96	-6.28	-5.46	-6.24
1985-11-20	-8.68	-9.41	-8.36	-9.47
1985-11-21	-7.95	-8.49	-7.5	-8.23
1985-11-22	-7.46	-8.17	-6.99	-7.87
1985-11-23	-6.28	-7.09	-6.05	-7.1
1985-11-24	-3.67	-4.14	-3.27	-4
1985-11-25	-6.88	-7.47	-6.55	-7.38
1985-11-26	-8.94	-9.92	-8.79	-9.85
1985-11-27	-12.81	-14.08	-12.66	-13.82
1985-11-28	-12.56	-14.1	-12.48	-13.77
1985-11-29	-6.01	-7.03	-5.84	-6.94
1985-11-30	-7.62	-8.19	-7.27	-8.15
1985-12-01	-10.67	-10.81	-10.06	-10.48
1985-12-02	-7.82	-8.18	-7.48	-7.91
1985-12-03	-3.75	-4.11	-3.48	-3.94
1985-12-04	-4.86	-5.17	-4.44	-4.71
1985-12-05	-9.4	-9.66	-8.83	-9.1
1985-12-06	-11.66	-12.22	-11.31	-11.74
1985-12-07	-16.63	-17.18	-16.46	-17.4
1985-12-08	-12.62	-13.1	-12.47	-13.35
1985-12-09	-14.71	-15.59	-14.77	-16.14
1985-12-10	-16.9	-18.19	-16.99	-18.31
1985-12-11	-12.85	-13.81	-12.87	-14.13
1985-12-12	-6.48	-6.8	-6.04	-6.44
1985-12-13	-1	-1.13	-0.55	-0.72
1985-12-14	-4.84	-5.24	-4.59	-5.1
1985-12-15	-12.76	-13.54	-12.57	-13.29
1985-12-16	-17.19	-18.44	-17.07	-17.83
1985-12-17	-17.59	-18.39	-17.24	-17.82
1985-12-18	-17.46	-17.38	-16.61	-16.79
1985-12-19	-12.34	-12.68	-11.91	-12.3
1985-12-20	-16.16	-17.05	-16.07	-17.08
1985-12-21	-7.47	-7.53	-6.85	-6.92
1985-12-22	-1.45	-1.73	-1.08	-1.43
1985-12-23	-7.77	-8.14	-7.17	-7.77
1985-12-24	-7.65	-8.07	-7.31	-7.76
1985-12-25	-11.79	-11.99	-11.32	-11.54
1985-12-26	-19.48	-20.12	-19.19	-19.92
1985-12-27	-23.13	-23.56	-22.8	-23.42
1985-12-28	-24.57	-25.18	-24.39	-24.91
1985-12-29	-24.6	-25.24	-24.34	-24.95
1985-12-30	-18.37	-18.79	-17.87	-18
1985-12-31	-18.74	-19.27	-18.48	-18.77
1986-01-01	-17.72	-19.1	-17.8	-19.15
1986-01-02	-18.87	-20.11	-18.72	-19.81
1986-01-03	-13.76	-14.31	-13.32	-14.01
1986-01-04	-15.46	-16.21	-15.19	-16.09
1986-01-05	-15.61	-16.42	-15.33	-16.19
1986-01-06	-16.92	-17.97	-16.79	-17.84
1986-01-07	-14.73	-15.66	-14.65	-15.73
1986-01-08	-15.98	-17.2	-16.01	-17.34
1986-01-09	-23.18	-24.77	-23.22	-24.64
1986-01-10	-23.94	-24.66	-23.4	-24.38
1986-01-11	-8.57	-9.11	-8.33	-9.39
1986-01-12	-4.54	-4.85	-4.13	-4.86
1986-01-13	-3.8	-4.15	-3.41	-4.09
1986-01-14	-5.29	-5.6	-4.84	-5.49
1986-01-15	-11.6	-11.98	-11.1	-11.79
1986-01-16	-18.8	-19.38	-18.28	-19.04
1986-01-17	-19.29	-19.98	-18.93	-19.71
1986-01-18	-18.25	-18.71	-17.59	-18.21
1986-01-19	-18.03	-18.46	-17.5	-18.13
1986-01-20	-17.07	-17.67	-16.77	-17.78
1986-01-21	-17.52	-18.13	-17.18	-18.08
1986-01-22	-19.22	-19.59	-18.65	-19.22
1986-01-23	-7.86	-8.11	-7.31	-7.86
1986-01-24	-5.11	-5.43	-4.72	-5.42
1986-01-25	-5.88	-6.39	-5.57	-6.41
1986-01-26	-12.05	-13.08	-11.94	-13.04
1986-01-27	-11.1	-12.18	-11.12	-12.34
1986-01-28	-11.09	-11.65	-10.77	-11.7
1986-01-29	-7.9	-8.21	-7.44	-8.16
1986-01-30	-5.83	-5.94	-5.29	-5.87
1986-01-31	-8.16	-8.55	-7.77	-8.55
1986-02-01	-6.69	-7.27	-6.33	-7.18
1986-02-02	-7.95	-8.45	-7.51	-8.29
1986-02-03	-9.26	-9.74	-8.8	-9.59
1986-02-04	-12.84	-13.26	-12.32	-12.99
1986-02-05	-16.59	-17.35	-16.27	-17.17
1986-02-06	-17.8	-19.19	-17.75	-18.91
1986-02-07	-13.08	-14.11	-12.94	-13.88
1986-02-08	-7.75	-8.01	-7.17	-7.69
1986-02-09	-7.06	-7.42	-6.48	-7.19
1986-02-10	-7.86	-8.71	-7.73	-9.03
1986-02-11	-7.55	-8.65	-7.68	-9.33
1986-02-12	-6.11	-7.11	-6.2	-7.74
1986-02-13	-4.53	-4.7	-4.04	-4.73
1986-02-14	-12.5	-13.15	-12.04	-12.87
1986-02-15	-14.28	-15.53	-13.92	-15.23
1986-02-16	-12.25	-13.62	-12.32	-13.63
1986-02-17	-8.74	-9.5	-8.45	-9.33
1986-02-18	-14.99	-15.31	-14.54	-15.2
1986-02-19	-20.2	-20.58	-19.64	-20.26
1986-02-20	-16.62	-17.37	-16.22	-17.12
1986-02-21	-15.8	-16.37	-15.39	-16.31
1986-02-22	-15.5	-16.01	-15.09	-15.88
1986-02-23	-14.01	-14.2	-13.37	-13.82
1986-02-24	-14.38	-14.96	-13.98	-14.8
1986-02-25	-12.09	-12.71	-11.76	-12.64
1986-02-26	-4.68	-5.42	-4.49	-5.5
1986-02-27	-7.13	-7.74	-6.8	-7.67
1986-02-28	-6.28	-7.17	-6.17	-7.36
1986-03-01	-4.87	-5.8	-4.74	-5.75
1986-03-02	-5.8	-6.53	-5.53	-6.46
1986-03-03	-0.55	-1.17	-0.28	-1.11
1986-03-04	-1.16	-1.93	-0.99	-1.92
1986-03-05	-6.77	-7.58	-6.48	-7.36
1986-03-06	-2.45	-3.25	-2.06	-2.84
1986-03-07	0.21	-0.53	0.5	-0.34
1986-03-08	-0.24	-0.89	0.14	-0.65
1986-03-09	-1.29	-1.85	-0.91	-1.66
1986-03-10	-2.15	-2.52	-1.69	-2.34
1986-03-11	-1.15	-1.8	-0.87	-1.67
1986-03-12	-1.26	-1.79	-0.89	-1.57
1986-03-13	-2.29	-2.87	-1.96	-2.71
1986-03-14	-1.44	-1.97	-1.07	-1.79
1986-03-15	0.51	-0.04	0.87	0.14
1986-03-16	-0.52	-1.04	-0.2	-0.97
1986-03-17	-1.28	-1.87	-0.99	-1.79
1986-03-18	-0.62	-1.17	-0.3	-1.04
1986-03-19	0.69	0.17	1.05	0.38
1986-03-20	0.44	-0.04	0.81	0.12
1986-03-21	0.81	0.25	1.13	0.38
1986-03-22	0.69	0.02	0.94	0.12
1986-03-23	0.65	0.13	1.01	0.29
1986-03-24	-0.69	-1.23	-0.35	-1.14
1986-03-25	-1.94	-2.61	-1.64	-2.49
1986-03-26	0.31	-0.41	0.58	-0.3
1986-03-27	-0.06	-0.77	0.22	-0.63
1986-03-28	0.18	-0.37	0.6	-0.16
1986-03-29	0.78	0.1	1.1	0.27
1986-03-30	0.23	-0.27	0.66	-0.03
1986-03-31	-0.94	-1.39	-0.54	-1.25
1986-04-01	-0.08	-0.49	0.25	-0.18
1986-04-02	0.04	-0.34	0.39	-0.01
1986-04-03	0.75	0.24	1.04	0.52
1986-04-04	-0.17	-0.82	0.03	-0.62
1986-04-05	-1.41	-1.96	-1.13	-1.72
1986-04-06	-1.75	-2.34	-1.49	-2.04
1986-04-07	-0.6	-1.03	-0.37	-0.85
1986-04-08	2.04	1.44	2.27	1.64
1986-04-09	-0.36	-1.08	-0.18	-0.84
1986-04-10	-5.25	-5.93	-5.03	-5.72
1986-04-11	-4.49	-5.13	-4.2	-4.87
1986-04-12	-1.58	-2.23	-1.32	-1.94
1986-04-13	-3.42	-3.9	-3.12	-3.67
1986-04-14	-4.16	-4.44	-3.64	-4
1986-04-15	-5.2	-5.47	-4.62	-5.18
1986-04-16	-5.36	-5.99	-5.01	-5.68
1986-04-17	-1.78	-2.45	-1.57	-2.24
1986-04-18	-0.73	-1.14	-0.36	-0.79
1986-04-19	-1.42	-1.75	-0.99	-1.43
1986-04-20	-2.03	-2.64	-1.81	-2.44
1986-04-21	-1.76	-2.3	-1.49	-2.03
1986-04-22	0.68	0.17	0.98	0.48
1986-04-23	3.16	2.98	3.7	3.44
1986-04-24	3.75	3.53	4.26	4.04
1986-04-25	3.11	2.72	3.49	3.12
1986-04-26	2.39	1.91	2.7	2.21
1986-04-27	4.11	3.95	4.53	4.33
1986-04-28	3.62	3.33	4.01	3.67
1986-04-29	3.45	2.87	3.71	3.16
1986-04-30	2.22	1.78	2.53	2.02
1986-05-01	3.57	3.33	3.99	3.5
1986-05-02	5.48	6.02	6.14	6.58
1986-05-03	6.86	7.42	7.52	8.24
1986-05-04	11.17	11.4	11.88	12.1
1986-05-05	13.06	12.64	13.38	12.89
1986-05-06	13.06	12.44	13.22	12.56
1986-05-07	13.32	12.69	13.52	12.94
1986-05-08	9.72	9.8	10.39	10.44
1986-05-09	7.51	7.51	8.07	8
1986-05-10	7.94	7.39	8.19	7.57
1986-05-11	5.58	5.25	5.99	5.57
1986-05-12	4.72	4.34	5.16	4.82
1986-05-13	6.79	6.24	7.09	6.49
1986-05-14	8.11	7.4	8.28	7.51
1986-05-15	9.02	8.43	9.22	8.57
1986-05-16	5.6	5.04	5.92	5.34
1986-05-17	7.32	6.5	7.52	6.75
1986-05-18	8.1	7.62	8.43	7.95
1986-05-19	6.93	6.61	7.43	7.1
1986-05-20	10.12	9.51	10.44	9.97
1986-05-21	10.91	10.75	11.44	11.34
1986-05-22	8.78	8.03	9	8.37
1986-05-23	10.2	9.33	10.28	9.46
1986-05-24	10.21	9.65	10.44	9.9
1986-05-25	9.64	9.33	10.06	9.85
1986-05-26	10.35	9.47	10.43	9.59
1986-05-27	10.36	9.58	10.57	9.88
1986-05-28	9.22	8.34	9.28	8.43
1986-05-29	8.63	7.77	8.72	7.9
1986-05-30	9.08	8.33	9.22	8.5
1986-05-31	12.21	11.56	12.39	11.77
1986-06-01	12.51	12.17	12.98	12.45
1986-06-02	13.12	12.97	13.72	13.47
1986-06-03	11.25	11.28	11.88	11.69
1986-06-04	9.29	9.02	9.83	9.33
1986-06-05	10.3	10.02	10.74	10.21
1986-06-06	13.57	13.14	13.93	13.36
1986-06-07	12.21	11.84	12.51	11.8
1986-06-08	10.21	9.83	10.69	10.03
1986-06-09	11.03	10.4	11.33	10.47
1986-06-10	14.41	13.72	14.62	13.81
1986-06-11	12.18	12.14	12.85	12.57
1986-06-12	13.69	13.29	14.16	13.59
1986-06-13	13.21	12.57	13.51	12.8
1986-06-14	15.47	14.72	15.72	14.93
1986-06-15	14.82	13.93	15.11	14.16
1986-06-16	17.5	17.09	17.9	17.35
1986-06-17	21.49	20.68	21.59	20.65
1986-06-18	21.31	20.74	21.55	20.81
1986-06-19	19.69	18.72	19.7	18.66
1986-06-20	12.32	11.45	12.56	11.47
1986-06-21	10.79	9.87	11.02	9.96
1986-06-22	10.65	9.8	10.87	9.85
1986-06-23	13.17	12.42	13.4	12.55
1986-06-24	14.93	14.72	15.46	14.98
1986-06-25	20.05	19.46	20.31	19.71
1986-06-26	21.84	21.06	22	21.29
1986-06-27	17.26	16.24	17.44	16.35
1986-06-28	15.3	14.33	15.5	14.4
1986-06-29	15.66	14.78	15.86	14.86
1986-06-30	17.94	17.04	18.18	17.15
1986-07-01	18.51	18	18.81	18.33
1986-07-02	17.7	16.85	17.93	17.1
1986-07-03	13.78	13.58	14.3	13.86
1986-07-04	14.71	14.04	15.11	14.42
1986-07-05	13.81	13.16	14.14	13.44
1986-07-06	13.33	12.78	13.62	12.85
1986-07-07	15.2	14.54	15.36	14.55
1986-07-08	13.78	12.94	13.97	13.05
1986-07-09	11.34	10.52	11.57	10.69
1986-07-10	12.32	11.51	12.51	11.58
1986-07-11	12.34	11.49	12.5	11.55
1986-07-12	8.55	7.87	8.84	7.99
1986-07-13	9.98	9.13	10.11	9.09
1986-07-14	13.43	12.82	13.71	12.91
1986-07-15	16.29	15.92	16.73	16.25
1986-07-16	14.76	13.9	14.93	14
1986-07-17	16.19	15.91	16.71	16.37
1986-07-18	15.83	15.43	16.3	15.79
1986-07-19	12.63	11.77	12.8	11.86
1986-07-20	13.35	13.01	13.84	13.39
1986-07-21	14.83	14.37	15.22	14.58
1986-07-22	14.66	14.19	15.17	14.6
1986-07-23	13.35	12.82	13.62	12.86
1986-07-24	12.86	12.58	13.36	12.85
1986-07-25	12.59	12.18	13	12.32
1986-07-26	13.53	13.15	14.02	13.46
1986-07-27	16.73	16.14	16.99	16.23
1986-07-28	16.82	16.14	17.02	16.22
1986-07-29	17.79	17.29	18.11	17.48
1986-07-30	15.33	14.94	15.74	15.12
1986-07-31	16.15	15.73	16.54	15.93
1986-08-01	14.57	14.11	14.92	14.33
1986-08-02	15.47	14.91	15.75	15.11
1986-08-03	16.1	15.48	16.35	15.66
1986-08-04	13.45	12.92	13.76	13.04
1986-08-05	16.66	16.15	16.99	16.44
1986-08-06	13.05	12.35	13.34	12.68
1986-08-07	12.07	11.52	12.42	11.86
1986-08-08	11.87	11.37	12.19	11.6
1986-08-09	12.88	12.17	13.15	12.44
1986-08-10	12.42	11.84	12.71	12.06
1986-08-11	11.75	11.42	12.18	11.68
1986-08-12	12.69	12.28	13.09	12.58
1986-08-13	11.28	10.86	11.66	11.13
1986-08-14	10.59	10.04	10.9	10.3
1986-08-15	11.23	10.79	11.63	11.1
1986-08-16	11.21	10.62	11.48	10.74
1986-08-17	10.68	10.12	11.01	10.38
1986-08-18	10.23	9.74	10.57	9.95
1986-08-19	10.1	9.64	10.47	9.95
1986-08-20	9.43	8.86	9.78	9.13
1986-08-21	9.69	9.01	9.91	9.11
1986-08-22	9.11	8.52	9.43	8.72
1986-08-23	7.37	6.87	7.73	7.08
1986-08-24	8.15	7.54	8.43	7.77
1986-08-25	8.22	7.74	8.57	7.96
1986-08-26	8.74	8.1	8.98	8.26
1986-08-27	7.88	7.34	8.19	7.5
1986-08-28	7.65	7	7.92	7.16
1986-08-29	9.76	9.23	10.12	9.51
1986-08-30	5.75	5.27	6.13	5.52
1986-08-31	8.63	8.11	8.97	8.32
1986-09-01	9.36	8.84	9.75	9.1
1986-09-02	9.33	8.64	9.58	8.67
1986-09-03	8.2	7.65	8.56	7.78
1986-09-04	9.24	8.97	9.73	9.2
1986-09-05	8.51	7.99	8.92	8.22
1986-09-06	7.65	7.01	7.96	7.16
1986-09-07	7.6	6.84	7.79	6.88
1986-09-08	7.51	6.83	7.79	6.94
1986-09-09	7.44	6.82	7.77	7
1986-09-10	6.23	5.57	6.54	5.65
1986-09-11	5.61	4.94	5.86	4.93
1986-09-12	5.72	5.12	6.03	5.18
1986-09-13	6.75	6.08	7.04	6.21
1986-09-14	7.07	6.57	7.48	6.72
1986-09-15	5.34	4.75	5.68	4.86
1986-09-16	6.23	5.56	6.5	5.65
1986-09-17	5.83	5.25	6.16	5.33
1986-09-18	5.93	5.28	6.26	5.44
1986-09-19	8.33	7.63	8.63	7.81
1986-09-20	8.44	7.73	8.74	7.92
1986-09-21	6.69	6.12	7.08	6.35
1986-09-22	5.61	4.88	5.88	5.01
1986-09-23	4.33	3.76	4.72	3.97
1986-09-24	4.05	3.3	4.29	3.35
1986-09-25	2.23	1.61	2.63	1.89
1986-09-26	1.41	0.77	1.78	0.93
1986-09-27	1.08	0.47	1.44	0.62
1986-09-28	5.12	4.56	5.49	4.75
1986-09-29	7.82	7.15	8.09	7.29
1986-09-30	5.42	4.71	5.7	4.82
1986-10-01	10.05	9.54	10.45	9.75
1986-10-02	9.54	8.78	9.89	9.09
1986-10-03	4.42	3.66	4.68	3.8
1986-10-04	4.28	3.51	4.5	3.57
1986-10-05	1.77	1.09	2.08	1.16
1986-10-06	4.35	3.83	4.77	4.05
1986-10-07	6.11	5.41	6.39	5.5
1986-10-08	1.82	1.11	2.1	1.19
1986-10-09	1.31	0.69	1.67	0.82
1986-10-10	4.11	3.58	4.53	3.83
1986-10-11	5.47	4.89	5.84	5.07
1986-10-12	5.88	5.2	6.14	5.15
1986-10-13	7.36	6.63	7.66	6.82
1986-10-14	5.94	5.34	6.32	5.54
1986-10-15	7.33	6.76	7.75	7.03
1986-10-16	5.65	4.89	5.96	5.04
1986-10-17	4.43	3.76	4.75	3.86
1986-10-18	4.54	3.97	4.86	4.01
1986-10-19	4.83	4.21	5.13	4.32
1986-10-20	4.35	3.73	4.64	3.81
1986-10-21	2.77	2.12	3.06	2.21
1986-10-22	1.63	0.87	1.87	0.97
1986-10-23	0.46	-0.22	0.8	-0.06
1986-10-24	0.82	0.25	1.15	0.27
1986-10-25	0.75	0.19	1.12	0.27
1986-10-26	3.07	2.3	3.28	2.31
1986-10-27	4.26	3.59	4.52	3.65
1986-10-28	6.27	5.8	6.61	5.9
1986-10-29	5.97	5.45	6.32	5.62
1986-10-30	3.62	2.99	3.98	3.19
1986-10-31	3.95	3.45	4.32	3.59
1986-11-01	2.79	2.08	3.08	2.12
1986-11-02	1.01	0.27	1.29	0.3
1986-11-03	-1.48	-2.1	-1.1	-2.03
1986-11-04	-1.52	-2.18	-1.14	-2.09
1986-11-05	-1.48	-2.18	-1.16	-2.16
1986-11-06	0.05	-0.73	0.32	-0.74
1986-11-07	-1.67	-2.51	-1.31	-2.44
1986-11-08	2.57	2.02	3.02	2.26
1986-11-09	1.38	0.65	1.68	0.69
1986-11-10	5.45	4.74	5.71	4.8
1986-11-11	5.38	4.54	5.67	4.72
1986-11-12	-0.36	-1.04	-0.01	-0.93
1986-11-13	-2.05	-2.58	-1.6	-2.5
1986-11-14	-1.41	-1.81	-0.94	-1.75
1986-11-15	0.22	-0.35	0.61	-0.26
1986-11-16	0.45	-0.12	0.91	0.1
1986-11-17	3.68	3.17	4.07	3.26
1986-11-18	2.55	1.87	2.84	1.91
1986-11-19	1.02	0.06	1.15	0.04
1986-11-20	-2.25	-3.01	-2	-3.08
1986-11-21	-3.18	-3.78	-2.81	-3.8
1986-11-22	-1.32	-2.14	-1.01	-2.08
1986-11-23	2.31	1.61	2.58	1.6
1986-11-24	2.14	1.43	2.41	1.46
1986-11-25	3.22	2.56	3.54	2.67
1986-11-26	3.95	3.12	4.23	3.23
1986-11-27	0.34	-0.37	0.7	-0.28
1986-11-28	4.43	3.62	4.71	3.74
1986-11-29	3.51	2.71	3.72	2.69
1986-11-30	1.14	0.45	1.48	0.52
1986-12-01	0.56	-0.16	0.79	-0.17
1986-12-02	-4.43	-5.45	-4.24	-5.26
1986-12-03	-3.28	-4.21	-3.06	-4.05
1986-12-04	-1.9	-2.55	-1.41	-2.1
1986-12-05	-5.42	-6.5	-5.19	-6.18
1986-12-06	-9.15	-10.01	-8.99	-10.07
1986-12-07	-11.35	-12.21	-11.07	-12.25
1986-12-08	-0.44	-0.95	-0.15	-0.96
1986-12-09	1.49	1.22	1.88	1.21
1986-12-10	0.11	-0.43	0.41	-0.4
1986-12-11	-7.79	-8	-6.95	-7.71
1986-12-12	-4.95	-5.28	-4.31	-4.89
1986-12-13	-7.7	-8.42	-7.27	-8.13
1986-12-14	-8.35	-9.1	-8.13	-9.06
1986-12-15	-8.7	-9.63	-8.56	-9.66
1986-12-16	-5.94	-6.67	-5.71	-6.69
1986-12-17	-9.26	-9.91	-8.9	-9.84
1986-12-18	-7.66	-8.25	-7.31	-8.23
1986-12-19	-8.79	-9.62	-8.58	-9.56
1986-12-20	-12.22	-13.38	-12.17	-13.44
1986-12-21	-16.81	-17.9	-16.65	-17.84
1986-12-22	-13.18	-13.85	-12.94	-13.89
1986-12-23	-12.6	-13.32	-12.35	-13.3
1986-12-24	-12.98	-13.84	-12.74	-13.85
1986-12-25	-11.4	-11.82	-10.99	-11.9
1986-12-26	-9.55	-9.81	-8.98	-9.71
1986-12-27	-11.35	-11.14	-10.46	-10.91
1986-12-28	-12.21	-12.74	-12.19	-13.1
1986-12-29	-9.35	-10.63	-9.31	-10.54
1986-12-30	-21.35	-22.23	-20.95	-22.13
1986-12-31	-22.75	-23.49	-22.18	-23.56
1987-01-01	-17.1	-17	-16.28	-16.8
1987-01-02	-15.6	-15.99	-15.3	-16.29
1987-01-03	-19.85	-20.22	-19.28	-19.8
1987-01-04	-24.44	-25.62	-24.22	-25.45
1987-01-05	-18.32	-19.69	-18.09	-19.05
1987-01-06	-26.82	-27.81	-26.44	-27.41
1987-01-07	-30.47	-30.9	-29.72	-30.47
1987-01-08	-24.04	-24.57	-23.6	-24.36
1987-01-09	-32.12	-33.16	-31.86	-32.88
1987-01-10	-33.41	-34.79	-33.24	-34.43
1987-01-11	-28.09	-29.19	-27.92	-28.98
1987-01-12	-27.86	-29.22	-27.75	-29.03
1987-01-13	-28.89	-30.34	-28.82	-30.25
1987-01-14	-27.31	-28.62	-27.28	-28.55
1987-01-15	-14.75	-15.47	-14.61	-15.49
1987-01-16	-7.27	-7.74	-7	-7.76
1987-01-17	-13.66	-14.72	-13.69	-14.9
1987-01-18	-20.09	-21	-20.16	-21.35
1987-01-19	-17.93	-18.13	-17.32	-17.91
1987-01-20	-8.95	-9.15	-8.57	-9.08
1987-01-21	-5.5	-5.99	-5.37	-6.2
1987-01-22	-7.37	-7.8	-7.17	-8
1987-01-23	-12.04	-12.22	-11.57	-12.09
1987-01-24	-3.48	-3.49	-2.97	-3.32
1987-01-25	-4.43	-4.79	-4.13	-4.72
1987-01-26	-15.46	-15.71	-14.99	-15.45
1987-01-27	-17.69	-17.93	-17.24	-17.79
1987-01-28	-23.24	-23.47	-22.7	-23.16
1987-01-29	-21.17	-21.72	-20.87	-21.54
1987-01-30	-7.46	-7.51	-6.95	-7.32
1987-01-31	-4.01	-4.28	-3.65	-4.14
1987-02-01	-5.26	-5.82	-5.05	-5.65
1987-02-02	-2.67	-3.3	-2.55	-3.35
1987-02-03	-4.49	-5.09	-4.27	-4.89
1987-02-04	-0.06	-0.5	0.23	-0.27
1987-02-05	-0.17	-0.59	0.13	-0.37
1987-02-06	-3.78	-4.13	-3.32	-3.65
1987-02-07	-8.45	-8.89	-8.05	-8.49
1987-02-08	-15.49	-15.95	-15.11	-15.51
1987-02-09	-15.85	-16.54	-15.57	-16.25
1987-02-10	-17.13	-17.7	-16.77	-17.31
1987-02-11	-13.1	-13.62	-12.77	-13.27
1987-02-12	-10.59	-11.13	-10.3	-10.79
1987-02-13	-7.01	-7.38	-6.63	-7
1987-02-14	-5.53	-6.13	-5.31	-5.91
1987-02-15	-9.13	-9.6	-8.84	-9.58
1987-02-16	-10.42	-11	-10.21	-10.99
1987-02-17	-9.52	-10.02	-9.22	-9.72
1987-02-18	-16.03	-16.51	-15.53	-15.91
1987-02-19	-11.67	-11.92	-11.19	-11.62
1987-02-20	-4.21	-4.6	-3.87	-4.35
1987-02-21	-1.22	-1.78	-0.96	-1.48
1987-02-22	-8.67	-9.27	-8.44	-9.05
1987-02-23	-9.79	-10.1	-9.39	-9.81
1987-02-24	-9.45	-9.96	-9.16	-9.75
1987-02-25	-16.47	-16.57	-15.76	-15.96
1987-02-26	-9.87	-10.31	-9.5	-10.07
1987-02-27	-9.25	-9.81	-8.95	-9.54
1987-02-28	-14.82	-15.59	-14.63	-15.34
1987-03-01	-16.95	-17.83	-16.74	-17.66
1987-03-02	-19.41	-20.49	-19.33	-20.37
1987-03-03	-17.5	-18.63	-17.44	-18.38
1987-03-04	-17.9	-18.97	-17.86	-18.79
1987-03-05	-15.56	-16.53	-15.54	-16.38
1987-03-06	-11.69	-12.24	-11.42	-11.94
1987-03-07	-14.14	-14.26	-13.6	-13.91
1987-03-08	-12.24	-12.45	-11.67	-12
1987-03-09	-11.25	-11.21	-10.5	-10.79
1987-03-10	-8.2	-8.85	-7.92	-8.71
1987-03-11	-7.33	-8.31	-7.38	-8.32
1987-03-12	-7.95	-8.43	-7.68	-8.17
1987-03-13	-8.6	-8.68	-8.02	-8.25
1987-03-14	-5.25	-5.51	-4.87	-5.27
1987-03-15	-5.34	-5.82	-5.06	-5.69
1987-03-16	-7.55	-7.54	-6.87	-7.1
1987-03-17	-5.75	-5.98	-5.27	-5.64
1987-03-18	-4.95	-5.5	-4.66	-5.27
1987-03-19	-5.47	-6.05	-5.21	-5.86
1987-03-20	-6.66	-7.18	-6.38	-6.99
1987-03-21	-4.96	-5.44	-4.66	-5.24
1987-03-22	-3.46	-3.8	-2.94	-3.35
1987-03-23	-3.46	-3.85	-3.03	-3.42
1987-03-24	-2.56	-2.94	-2.18	-2.63
1987-03-25	-2.51	-2.93	-2.14	-2.69
1987-03-26	-3.26	-3.7	-2.89	-3.42
1987-03-27	0.26	-0.31	0.55	-0.09
1987-03-28	0.98	0.47	1.3	0.69
1987-03-29	0.55	0.05	0.87	0.3
1987-03-30	0.5	-0.2	0.69	-0.1
1987-03-31	0.37	-0.18	0.67	-0.04
1987-04-01	1.56	1.17	1.95	1.38
1987-04-02	-0.78	-1.24	-0.38	-0.98
1987-04-03	-0.87	-0.96	-0.26	-0.58
1987-04-04	0.74	0.52	1.28	0.96
1987-04-05	2.65	1.96	2.94	2.16
1987-04-06	0.59	-0.15	0.79	-0.04
1987-04-07	1.16	0.45	1.4	0.65
1987-04-08	-1.75	-2.19	-1.38	-1.93
1987-04-09	-4.96	-5.13	-4.35	-4.74
1987-04-10	-3.52	-3.59	-2.88	-3.16
1987-04-11	-1.65	-1.84	-1.11	-1.45
1987-04-12	1.07	0.7	1.53	1.07
1987-04-13	3.13	2.49	3.41	2.69
1987-04-14	3.3	2.74	3.64	3.06
1987-04-15	2.91	2.36	3.22	2.55
1987-04-16	4.01	3.3	4.26	3.52
1987-04-17	1.98	1.18	2.16	1.35
1987-04-18	0.65	0.02	0.9	0.22
1987-04-19	-0.79	-1.15	-0.37	-0.72
1987-04-20	-3.34	-3.9	-3.05	-3.7
1987-04-21	-3.81	-4.35	-3.5	-4.1
1987-04-22	1.28	0.76	1.69	1.12
1987-04-23	5.82	5.23	5.99	5.26
1987-04-24	4.57	3.94	4.73	4.18
1987-04-25	2.3	1.78	2.57	2.05
1987-04-26	0.7	0.26	0.89	0.42
1987-04-27	3.39	2.93	3.6	3.2
1987-04-28	9.59	8.82	9.68	8.95
1987-04-29	12.17	11.32	12.27	11.61
1987-04-30	11.68	11.08	11.92	11.42
1987-05-01	13.74	13.03	13.85	13.25
1987-05-02	6.66	5.93	6.87	6.19
1987-05-03	2.34	1.94	2.8	2.36
1987-05-04	3.2	2.87	3.62	3.18
1987-05-05	4.77	4.65	5.37	5.13
1987-05-06	5.51	4.85	5.77	5.12
1987-05-07	4.09	3.34	4.3	3.53
1987-05-08	4.68	4.25	5.03	4.58
1987-05-09	2.47	1.89	2.73	2.06
1987-05-10	2.87	2.41	3.19	2.55
1987-05-11	2.45	1.92	2.73	2.14
1987-05-12	2.49	2.06	2.86	2.31
1987-05-13	1.75	1.05	2.05	1.3
1987-05-14	5.45	5	5.9	5.41
1987-05-15	5.39	4.94	5.72	5.27
1987-05-16	7.12	6.89	7.58	7.26
1987-05-17	4.86	4.65	5.33	4.97
1987-05-18	4.15	3.8	4.54	4.12
1987-05-19	7.15	6.5	7.36	6.75
1987-05-20	6.99	6.2	7.12	6.44
1987-05-21	7.38	6.93	7.69	7.23
1987-05-22	9.62	9.03	9.81	9.31
1987-05-23	10.45	9.58	10.59	9.83
1987-05-24	7.6	7.44	8.02	7.88
1987-05-25	9.65	9.11	9.91	9.48
1987-05-26	5.47	4.96	5.75	5.28
1987-05-27	2.55	2.15	2.94	2.39
1987-05-28	2.68	2.31	3.09	2.6
1987-05-29	5.28	4.88	5.63	5.13
1987-05-30	6.11	5.86	6.49	6.18
1987-05-31	6.36	5.99	6.69	6.27
1987-06-01	7.99	7.51	8.29	7.8
1987-06-02	10.25	9.75	10.51	9.95
1987-06-03	7.25	6.69	7.52	6.91
1987-06-04	7.58	7.4	8.14	7.87
1987-06-05	11.83	11.06	11.98	11.3
1987-06-06	12.72	12.38	13.16	12.85
1987-06-07	11.45	11.1	11.87	11.41
1987-06-08	11.44	10.91	11.76	11.18
1987-06-09	9.38	8.62	9.63	8.81
1987-06-10	10.52	9.81	10.77	10
1987-06-11	10.77	10.02	10.99	10.14
1987-06-12	11.02	10.45	11.34	10.75
1987-06-13	7.03	6.78	7.46	6.9
1987-06-14	8.09	7.77	8.53	8.02
1987-06-15	7.53	7.11	7.91	7.32
1987-06-16	9.14	8.75	9.48	8.88
1987-06-17	7.46	7.02	7.85	7.26
1987-06-18	8.71	8.03	9.01	8.29
1987-06-19	9.1	8.69	9.51	8.96
1987-06-20	9.44	9.07	9.83	9.32
1987-06-21	11.36	11.08	11.87	11.49
1987-06-22	12.93	12.64	13.37	13.01
1987-06-23	13.63	12.99	13.83	13.17
1987-06-24	12.4	11.57	12.48	11.55
1987-06-25	12.48	11.9	12.75	12.1
1987-06-26	11.61	11.11	11.97	11.4
1987-06-27	10.86	10.17	11.14	10.41
1987-06-28	11.56	10.67	11.72	10.82
1987-06-29	11.73	10.89	11.92	11.06
1987-06-30	10.94	10.43	11.33	10.73
1987-07-01	12.06	11.64	12.54	12.06
1987-07-02	12.6	11.93	12.86	12.08
1987-07-03	12.17	11.56	12.5	11.88
1987-07-04	13.27	12.84	13.64	13.08
1987-07-05	16.17	15.55	16.39	15.69
1987-07-06	15.74	15.33	16.08	15.71
1987-07-07	15.02	14.4	15.3	14.69
1987-07-08	12.38	11.69	12.66	11.92
1987-07-09	12.71	11.97	12.93	12.08
1987-07-10	10.81	10.06	11.06	10.25
1987-07-11	10.58	9.91	10.89	10.1
1987-07-12	11	10.24	11.28	10.5
1987-07-13	11.81	11.07	12.04	11.22
1987-07-14	12.82	12.28	13.16	12.45
1987-07-15	13.77	13.48	14.21	13.77
1987-07-16	13.33	13.08	13.81	13.39
1987-07-17	12.99	12.77	13.42	12.98
1987-07-18	15.37	15.01	15.76	15.2
1987-07-19	14.4	14.03	14.8	14.25
1987-07-20	15.48	15.09	15.85	15.28
1987-07-21	18.49	18.05	18.75	18.25
1987-07-22	20.45	19.88	20.66	20.17
1987-07-23	19.24	18.72	19.54	19.1
1987-07-24	17.65	16.87	17.92	17.22
1987-07-25	12.7	11.79	12.79	11.78
1987-07-26	12.02	11.55	12.42	11.72
1987-07-27	11.84	11.49	12.28	11.71
1987-07-28	11.39	10.85	11.78	11.09
1987-07-29	10.98	10.15	11.17	10.23
1987-07-30	12.39	11.93	12.83	12.2
1987-07-31	12.29	11.88	12.67	12.12
1987-08-01	12.16	11.52	12.44	11.79
1987-08-02	11.78	11.21	12.11	11.36
1987-08-03	11.7	10.94	11.87	11.08
1987-08-04	11.86	11.36	12.21	11.53
1987-08-05	12.28	11.47	12.47	11.6
1987-08-06	10.52	9.86	10.77	9.94
1987-08-07	11.67	11.25	12.1	11.51
1987-08-08	10.02	9.6	10.4	9.75
1987-08-09	8.59	8.1	8.97	8.3
1987-08-10	8.33	7.7	8.6	7.8
1987-08-11	11.44	11.07	11.84	11.26
1987-08-12	12.74	11.99	12.92	12.11
1987-08-13	11.24	10.51	11.54	10.76
1987-08-14	9.04	8.42	9.28	8.48
1987-08-15	8.63	8.3	9.1	8.54
1987-08-16	9.31	8.95	9.76	9.22
1987-08-17	11.24	10.86	11.69	11.18
1987-08-18	13.91	13.51	14.3	13.74
1987-08-19	13.9	13.22	14.13	13.38
1987-08-20	12.61	12.19	13	12.51
1987-08-21	14.38	13.82	14.7	14.08
1987-08-22	14.62	13.93	14.93	14.23
1987-08-23	8.58	8.06	8.93	8.18
1987-08-24	8.57	8.11	8.97	8.29
1987-08-25	8.6	8.07	8.96	8.28
1987-08-26	9.02	8.41	9.36	8.62
1987-08-27	8.55	7.86	8.86	8.07
1987-08-28	9.93	9.3	10.25	9.51
1987-08-29	9.2	8.49	9.48	8.7
1987-08-30	9.16	8.49	9.47	8.72
1987-08-31	8.88	8.17	9.12	8.31
1987-09-01	8.6	8.08	8.97	8.29
1987-09-02	10.58	9.84	10.83	9.99
1987-09-03	9.34	8.69	9.64	8.95
1987-09-04	10.95	10.59	11.47	10.91
1987-09-05	11.91	11.49	12.29	11.63
1987-09-06	12.03	11.59	12.42	11.76
1987-09-07	10.85	10.39	11.23	10.53
1987-09-08	9.83	9.21	10.13	9.31
1987-09-09	9.32	8.66	9.62	8.78
1987-09-10	9.69	9.03	9.96	9.08
1987-09-11	8.85	8.17	9.08	8.16
1987-09-12	10.05	9.36	10.36	9.52
1987-09-13	6.99	6.26	7.27	6.32
1987-09-14	8.36	7.74	8.74	7.91
1987-09-15	8.53	7.75	8.84	7.95
1987-09-16	5.79	5.01	6.04	5.08
1987-09-17	5.49	4.76	5.81	4.89
1987-09-18	6.85	6.16	7.11	6.18
1987-09-19	5.32	4.72	5.65	4.86
1987-09-20	5.45	4.79	5.75	4.88
1987-09-21	6.08	5.46	6.43	5.61
1987-09-22	6.91	6.37	7.32	6.58
1987-09-23	8.84	8.29	9.24	8.55
1987-09-24	8.43	7.86	8.78	7.99
1987-09-25	6.65	6.13	7.05	6.34
1987-09-26	6.37	5.68	6.67	5.78
1987-09-27	5.51	4.79	5.76	4.87
1987-09-28	5.97	5.39	6.32	5.55
1987-09-29	5.65	4.87	5.89	4.93
1987-09-30	5.94	5.25	6.19	5.44
1987-10-01	5.96	5.03	6.13	5.11
1987-10-02	5.46	4.55	5.71	4.58
1987-10-03	4.13	3.14	4.19	2.93
1987-10-04	4.09	3.28	4.33	3.35
1987-10-05	5.16	4.39	5.45	4.48
1987-10-06	6.1	5.4	6.41	5.51
1987-10-07	8.52	7.82	8.79	7.9
1987-10-08	7.94	7.38	8.31	7.59
1987-10-09	8.38	7.69	8.65	7.77
1987-10-10	8.45	7.83	8.77	7.98
1987-10-11	9.45	8.92	9.83	9.14
1987-10-12	7.67	6.92	7.86	6.92
1987-10-13	7.23	6.56	7.5	6.67
1987-10-14	6.77	6.16	7.09	6.27
1987-10-15	6.42	5.82	6.75	5.95
1987-10-16	9.27	8.77	9.67	9
1987-10-17	9.22	8.56	9.49	8.65
1987-10-18	6.61	6.3	7.22	6.63
1987-10-19	5.57	5.23	6.15	5.59
1987-10-20	6.14	5.78	6.63	6.03
1987-10-21	5.44	4.91	5.81	5.07
1987-10-22	4.73	4.13	5.08	4.29
1987-10-23	4.45	3.76	4.78	3.97
1987-10-24	5.1	4.46	5.46	4.66
1987-10-25	4.15	3.47	4.47	3.66
1987-10-26	3.24	2.46	3.48	2.53
1987-10-27	4.41	3.81	4.76	3.95
1987-10-28	4.67	4.02	4.97	4.12
1987-10-29	4.55	4.05	4.89	4.12
1987-10-30	2.85	2.31	3.18	2.38
1987-10-31	1.47	0.96	1.85	1.04
1987-11-01	1.82	1.04	2.15	1.06
1987-11-02	-0.15	-0.88	0.21	-0.86
1987-11-03	1.47	0.8	1.82	0.74
1987-11-04	4.65	3.92	4.95	3.91
1987-11-05	6.09	5.39	6.42	5.44
1987-11-06	2.54	1.74	2.89	1.87
1987-11-07	-1.92	-2.54	-1.49	-2.47
1987-11-08	-3.57	-4.23	-3.16	-4.19
1987-11-09	-5.44	-6.17	-5.07	-6.25
1987-11-10	-3.53	-4.3	-3.26	-4.51
1987-11-11	-3.43	-4.22	-3.11	-4.32
1987-11-12	-1.34	-2.06	-0.93	-2
1987-11-13	-0.19	-0.82	0.26	-0.7
1987-11-14	0.31	-0.34	0.71	-0.36
1987-11-15	-0.23	-0.86	0.17	-0.84
1987-11-16	0.4	-0.35	0.73	-0.37
1987-11-17	0.89	0.08	1.17	0.02
1987-11-18	-0.32	-0.96	0.06	-0.93
1987-11-19	-0.85	-1.48	-0.47	-1.48
1987-11-20	0.12	-0.71	0.4	-0.75
1987-11-21	0.17	-0.56	0.53	-0.53
1987-11-22	-1.18	-1.78	-0.73	-1.66
1987-11-23	-1.52	-2.45	-1.26	-2.43
1987-11-24	-0.9	-1.62	-0.54	-1.62
1987-11-25	-1.97	-2.67	-1.59	-2.7
1987-11-26	-4.9	-5.8	-4.63	-5.86
1987-11-27	-7.22	-8.69	-7.18	-9.04
1987-11-28	-8.69	-10.19	-8.63	-10.61
1987-11-29	-5.99	-7.09	-5.86	-7.22
1987-11-30	-6.24	-7.06	-5.95	-7.3
1987-12-01	-1.31	-1.96	-1.09	-2.09
1987-12-02	1.93	1.39	2.21	1.43
1987-12-03	-0.83	-1.43	-0.6	-1.68
1987-12-04	-4.17	-5.32	-4.39	-6.54
1987-12-05	-2.96	-3.6	-2.75	-3.81
1987-12-06	-6.53	-7.39	-6.38	-7.41
1987-12-07	-11.9	-13.01	-11.93	-13.23
1987-12-08	-6.77	-7.37	-6.45	-7.3
1987-12-09	-1.96	-2.36	-1.49	-2.07
1987-12-10	-2	-2.5	-1.6	-2.3
1987-12-11	-8.74	-9.45	-8.36	-9.26
1987-12-12	-5.33	-5.76	-4.8	-5.53
1987-12-13	0.38	-0.11	0.76	0.04
1987-12-14	-8.35	-8.83	-7.86	-8.77
1987-12-15	-7.6	-8.21	-7.25	-8.16
1987-12-16	-9.95	-10.71	-9.71	-10.8
1987-12-17	-11.08	-12.02	-10.84	-12.05
1987-12-18	-12.04	-13.12	-11.73	-12.86
1987-12-19	-10.04	-10.97	-9.77	-10.72
1987-12-20	-9.56	-10.22	-9.16	-10.17
1987-12-21	-6.7	-7.46	-6.36	-7.22
1987-12-22	-5.19	-5.82	-4.91	-5.78
1987-12-23	-3.6	-4.3	-3.34	-4.32
1987-12-24	-7.45	-8.04	-6.91	-7.94
1987-12-25	-3.28	-4.09	-2.82	-3.61
1987-12-26	-4.23	-4.9	-3.73	-4.49
1987-12-27	-7.64	-8.43	-7.21	-8.12
1987-12-28	-8.61	-9.44	-8.37	-9.51
1987-12-29	-5.35	-5.83	-4.89	-5.67
1987-12-30	-5.53	-5.91	-4.85	-5.33
1987-12-31	-5.53	-6.29	-5.22	-6.1
1988-01-01	-0.09	-0.67	0.26	-0.57
1988-01-02	-1.14	-1.71	-0.75	-1.57
1988-01-03	-3.41	-4.1	-3.11	-3.97
1988-01-04	-9.23	-9.83	-8.68	-9.46
1988-01-05	-8.56	-9.48	-8.21	-9.15
1988-01-06	-8.9	-10.09	-8.8	-10.05
1988-01-07	-8.96	-10.01	-8.8	-9.95
1988-01-08	-14.67	-15.67	-14.35	-15.83
1988-01-09	-6.13	-6.61	-5.64	-6.42
1988-01-10	0.87	0.24	1.13	0.23
1988-01-11	-2.55	-3.25	-2.26	-3.2
1988-01-12	-5.41	-6.24	-5.16	-6.28
1988-01-13	-3.32	-3.9	-2.7	-3.4
1988-01-14	-0.59	-1.04	-0.12	-0.85
1988-01-15	-2.37	-2.96	-1.98	-2.81
1988-01-16	-5.65	-6.32	-5.26	-6.18
1988-01-17	-4.13	-4.68	-3.79	-4.65
1988-01-18	-5.44	-5.92	-4.93	-5.67
1988-01-19	-4.94	-5.62	-4.59	-5.59
1988-01-20	-6.04	-6.44	-5.51	-6.29
1988-01-21	-1.81	-2.44	-1.54	-2.45
1988-01-22	-0.92	-1.45	-0.59	-1.42
1988-01-23	-2.26	-2.84	-1.96	-2.86
1988-01-24	-4.35	-5.12	-4.13	-5.15
1988-01-25	-4.54	-5.28	-4.3	-5.32
1988-01-26	-3.92	-4.67	-3.72	-4.77
1988-01-27	-3.66	-4.34	-3.43	-4.42
1988-01-28	-4.8	-5.56	-4.61	-5.7
1988-01-29	-4.79	-5.53	-4.57	-5.63
1988-01-30	-5.78	-6.56	-5.53	-6.57
1988-01-31	-5.95	-6.77	-5.71	-6.73
1988-02-01	-4.58	-5.36	-4.4	-5.36
1988-02-02	-2.64	-3.24	-2.38	-3.17
1988-02-03	-1.52	-2.02	-1.16	-1.83
1988-02-04	-1.73	-2.14	-1.36	-1.98
1988-02-05	-0.87	-1.36	-0.53	-1.18
1988-02-06	-0.84	-1.25	-0.47	-1.08
1988-02-07	-1.7	-2.27	-1.44	-2.2
1988-02-08	-5.73	-6.33	-5.43	-6.34
1988-02-09	-6.67	-7.62	-6.44	-7.33
1988-02-10	-1.99	-2.59	-1.73	-2.51
1988-02-11	-1.09	-1.66	-0.82	-1.54
1988-02-12	-1.44	-1.91	-1.12	-1.81
1988-02-13	-3.36	-3.89	-3.03	-3.75
1988-02-14	-3.75	-4.22	-3.35	-4
1988-02-15	-2.52	-3.06	-2.15	-2.88
1988-02-16	-2.38	-2.8	-2.03	-2.69
1988-02-17	-4.01	-4.82	-3.79	-4.58
1988-02-18	-7.06	-7.86	-6.81	-7.63
1988-02-19	-8.79	-9.56	-8.45	-9.23
1988-02-20	-9.74	-10.16	-9.19	-9.88
1988-02-21	-13.11	-13.6	-12.6	-13.17
1988-02-22	-13.95	-14.49	-13.47	-14.1
1988-02-23	-13.87	-14.4	-13.43	-14.02
1988-02-24	-15.87	-16.52	-15.56	-16.26
1988-02-25	-14.57	-15.33	-14.36	-15.14
1988-02-26	-13.19	-13.69	-12.82	-13.52
1988-02-27	-10.02	-10.43	-9.64	-10.26
1988-02-28	-5.04	-5.79	-4.88	-5.79
1988-02-29	-5.8	-6.46	-5.54	-6.31
1988-03-01	-7.95	-8.47	-7.61	-8.28
1988-03-02	-8.67	-9.19	-8.32	-8.96
1988-03-03	-9.28	-9.72	-8.86	-9.47
1988-03-04	-3.84	-4.45	-3.55	-4.27
1988-03-05	-2.16	-2.82	-1.89	-2.66
1988-03-06	-2.19	-2.92	-1.93	-2.64
1988-03-07	-4.05	-4.9	-3.86	-4.67
1988-03-08	-7.6	-8.47	-7.41	-8.31
1988-03-09	-7.72	-8.42	-7.48	-8.35
1988-03-10	-7.16	-7.71	-6.79	-7.5
1988-03-11	-4.59	-5.11	-4.21	-4.79
1988-03-12	-4.57	-5.36	-4.41	-5.29
1988-03-13	-6.76	-7.44	-6.54	-7.34
1988-03-14	-6.69	-7.53	-6.56	-7.52
1988-03-15	-8.18	-9.03	-8.05	-8.99
1988-03-16	-9.69	-10.57	-9.56	-10.45
1988-03-17	-8.58	-9.29	-8.35	-9.08
1988-03-18	-9.63	-9.84	-9.1	-9.35
1988-03-19	-4.96	-4.92	-4.18	-4.26
1988-03-20	-1.44	-1.84	-1.07	-1.62
1988-03-21	-2.32	-2.42	-1.72	-2.07
1988-03-22	-2.79	-3.12	-2.36	-2.84
1988-03-23	-2.34	-2.81	-2.02	-2.64
1988-03-24	-2.09	-2.59	-1.79	-2.42
1988-03-25	-2.83	-3.4	-2.56	-3.24
1988-03-26	-1.65	-2.22	-1.36	-2.01
1988-03-27	-1.05	-1.48	-0.68	-1.24
1988-03-28	-0.74	-1.23	-0.41	-1.02
1988-03-29	-0.9	-1.47	-0.59	-1.24
1988-03-30	-0.9	-1.25	-0.47	-0.96
1988-03-31	-0.22	-0.58	0.2	-0.31
1988-04-01	1.7	1.32	2.08	1.6
1988-04-02	1.51	1.21	1.93	1.53
1988-04-03	2.41	1.96	2.78	2.26
1988-04-04	3.12	2.82	3.59	3.12
1988-04-05	3.36	3.01	3.73	3.22
1988-04-06	3.19	2.76	3.55	3.04
1988-04-07	4.15	3.75	4.53	3.99
1988-04-08	-1.11	-1.8	-0.88	-1.59
1988-04-09	-3.01	-3.66	-2.75	-3.42
1988-04-10	-3.52	-4.07	-3.19	-3.77
1988-04-11	-2.98	-3.44	-2.59	-3.11
1988-04-12	-2.74	-3.37	-2.58	-3.17
1988-04-13	-2.7	-3.48	-2.52	-3.28
1988-04-14	-1.86	-2.56	-1.65	-2.36
1988-04-15	0.55	0.32	1.1	0.88
1988-04-16	4.89	4.38	5.23	4.67
1988-04-17	0.98	0.55	1.36	0.87
1988-04-18	0.23	-0.45	0.48	-0.22
1988-04-19	0.06	-0.74	0.22	-0.53
1988-04-20	0.14	-0.13	0.62	0.22
1988-04-21	-2.13	-2.85	-1.88	-2.62
1988-04-22	-3.39	-3.88	-3.07	-3.67
1988-04-23	-3.13	-3.63	-2.83	-3.41
1988-04-24	-2.57	-2.92	-2.13	-2.64
1988-04-25	-1.26	-1.84	-0.97	-1.63
1988-04-26	-0.69	-1.19	-0.37	-0.96
1988-04-27	0.79	0.2	1.04	0.41
1988-04-28	2.65	2.13	2.98	2.35
1988-04-29	3.03	2.65	3.39	2.96
1988-04-30	4.13	3.5	4.34	3.67
1988-05-01	2.77	2.22	3.02	2.48
1988-05-02	4.17	3.77	4.54	4.23
1988-05-03	5.74	5.23	6.12	5.6
1988-05-04	3.44	3.15	3.82	3.41
1988-05-05	4.21	4.06	4.67	4.34
1988-05-06	6.09	5.65	6.27	5.99
1988-05-07	7.08	6.42	7.24	6.74
1988-05-08	6.82	6.64	7.3	7.12
1988-05-09	5.62	5.4	6.04	5.82
1988-05-10	5.27	4.91	5.59	5.18
1988-05-11	6.78	6.47	7.12	6.75
1988-05-12	9.16	8.94	9.57	9.31
1988-05-13	12.78	12.19	12.97	12.42
1988-05-14	11.34	10.76	11.56	11.14
1988-05-15	7.98	7.68	8.36	8.17
1988-05-16	9.39	9.05	9.78	9.55
1988-05-17	11.24	10.36	11.29	10.59
1988-05-18	5.14	4.44	5.32	4.66
1988-05-19	5.79	5.23	6.1	5.53
1988-05-20	6.85	6.55	7.34	7.08
1988-05-21	8.22	7.37	8.34	7.6
1988-05-22	6.92	6.55	7.25	6.76
1988-05-23	5.24	4.8	5.57	5.04
1988-05-24	8.96	8.29	9.19	8.59
1988-05-25	11.2	10.62	11.47	10.95
1988-05-26	10.57	10.63	11.18	11.26
1988-05-27	16.75	16.29	16.94	16.65
1988-05-28	17.35	17.24	17.81	17.76
1988-05-29	17.63	17.47	18.05	17.99
1988-05-30	16.38	16	16.68	16.41
1988-05-31	7.4	7.02	7.84	7.46
1988-06-01	5.43	4.71	5.75	4.83
1988-06-02	7.27	6.65	7.64	6.86
1988-06-03	9.12	8.65	9.56	8.88
1988-06-04	8.97	8.66	9.61	9.15
1988-06-05	10.52	10.08	10.94	10.32
1988-06-06	12.53	11.82	12.71	11.95
1988-06-07	11.88	11.81	12.51	12.19
1988-06-08	13.09	12.9	13.6	13.16
1988-06-09	15.16	14.21	15.34	14.36
1988-06-10	10.63	9.91	10.9	10.05
1988-06-11	11.45	10.7	11.67	10.84
1988-06-12	15.33	14.5	15.63	14.72
1988-06-13	10.69	9.77	10.98	10.04
1988-06-14	9.96	9.01	10.1	9.04
1988-06-15	11.44	10.96	11.82	11.12
1988-06-16	12.85	12.69	13.44	13
1988-06-17	12.76	11.81	12.88	11.76
1988-06-18	15.26	14.66	15.54	14.8
1988-06-19	14.7	14.71	15.38	15.1
1988-06-20	14.3	14.02	14.8	14.25
1988-06-21	17.04	16.29	17.25	16.35
1988-06-22	16.31	15.51	16.47	15.6
1988-06-23	17.95	17.04	18.07	17.09
1988-06-24	16.96	16	17.06	16
1988-06-25	19.2	18.61	19.47	18.8
1988-06-26	21.39	20.89	21.69	21.08
1988-06-27	22.33	21.98	22.68	22.12
1988-06-28	20.71	20.48	21.17	20.78
1988-06-29	20.22	19.53	20.42	19.64
1988-06-30	19.71	18.87	19.84	18.86
1988-07-01	19.27	18.47	19.38	18.68
1988-07-02	18.57	18.29	18.95	18.65
1988-07-03	16.75	16.25	17.13	16.51
1988-07-04	18.81	18.31	19.14	18.51
1988-07-05	19.37	19.02	19.78	19.35
1988-07-06	16.48	16.32	17.01	16.73
1988-07-07	15.73	15.28	16.21	15.71
1988-07-08	16.3	15.63	16.54	15.82
1988-07-09	17.26	16.66	17.53	16.84
1988-07-10	17.29	16.64	17.51	16.76
1988-07-11	15.28	14.53	15.49	14.66
1988-07-12	15.47	15.16	15.99	15.51
1988-07-13	16.82	16.31	17.17	16.57
1988-07-14	16.73	16.38	17.15	16.71
1988-07-15	18.65	18.23	19	18.5
1988-07-16	17.73	17.24	18.08	17.49
1988-07-17	17.23	16.79	17.59	17.01
1988-07-18	17.11	16.59	17.41	16.64
1988-07-19	19.15	18.77	19.47	18.87
1988-07-20	16.43	15.87	16.72	15.99
1988-07-21	14.58	13.72	14.75	13.84
1988-07-22	13.75	13.05	14.04	13.22
1988-07-23	16.07	15.44	16.44	15.73
1988-07-24	16.78	16.4	17.21	16.8
1988-07-25	17.2	16.66	17.58	16.93
1988-07-26	16.11	15.48	16.38	15.6
1988-07-27	15.38	14.69	15.64	14.85
1988-07-28	14.66	14.16	15.04	14.43
1988-07-29	15.09	14.46	15.45	14.77
1988-07-30	13.95	13.15	14.11	13.19
1988-07-31	13.79	13.04	13.99	13.16
1988-08-01	12.84	12.1	13.05	12.26
1988-08-02	12.55	11.69	12.65	11.84
1988-08-03	12.84	12.12	13.05	12.29
1988-08-04	13.14	12.53	13.49	12.82
1988-08-05	11.73	11.28	12.15	11.61
1988-08-06	14.23	13.65	14.59	13.97
1988-08-07	15.18	14.57	15.44	14.76
1988-08-08	15.26	14.52	15.45	14.65
1988-08-09	14.66	14.15	15	14.44
1988-08-10	14.48	14.15	14.94	14.5
1988-08-11	12.39	12.05	12.82	12.36
1988-08-12	12.29	11.77	12.7	12.19
1988-08-13	11.68	11.22	12.03	11.36
1988-08-14	13.68	13.05	13.96	13.25
1988-08-15	12.2	11.73	12.57	11.91
1988-08-16	13.06	12.55	13.39	12.72
1988-08-17	12.28	11.61	12.52	11.74
1988-08-18	12.04	11.63	12.47	11.94
1988-08-19	12.1	11.56	12.45	11.76
1988-08-20	12.99	12.43	13.33	12.67
1988-08-21	13.41	12.69	13.64	12.9
1988-08-22	11.83	11.24	12.08	11.5
1988-08-23	12.2	11.76	12.58	12.05
1988-08-24	10.94	10.46	11.29	10.66
1988-08-25	12.72	12.2	13.05	12.42
1988-08-26	12.92	12.32	13.15	12.5
1988-08-27	12.36	12.02	12.76	12.26
1988-08-28	13.12	12.8	13.56	13.1
1988-08-29	13.21	12.79	13.64	13.11
1988-08-30	13.11	12.61	13.41	12.69
1988-08-31	13.2	12.66	13.53	12.82
1988-09-01	12.6	12.11	12.98	12.35
1988-09-02	12.71	12.16	13.03	12.33
1988-09-03	14.19	13.71	14.52	13.86
1988-09-04	13.75	13.16	14.03	13.25
1988-09-05	11.98	11.48	12.34	11.63
1988-09-06	12.57	11.94	12.88	12.11
1988-09-07	13.15	12.56	13.49	12.75
1988-09-08	13.64	13.12	14.01	13.27
1988-09-09	14.12	13.67	14.5	13.84
1988-09-10	12.51	11.8	12.74	11.96
1988-09-11	11.1	10.54	11.45	10.75
1988-09-12	10.36	9.73	10.69	9.96
1988-09-13	8.62	8.11	8.98	8.23
1988-09-14	7.99	7.46	8.36	7.65
1988-09-15	11.64	11.1	11.96	11.25
1988-09-16	9.39	8.65	9.61	8.77
1988-09-17	8.61	7.98	8.92	8.16
1988-09-18	7.73	7.07	8.02	7.25
1988-09-19	10.16	9.55	10.52	9.82
1988-09-20	9.98	9.25	10.23	9.44
1988-09-21	6.95	6.3	7.35	6.55
1988-09-22	7.68	7.14	8.07	7.35
1988-09-23	10.76	10.21	11.05	10.33
1988-09-24	9.55	9.07	9.91	9.23
1988-09-25	8.38	7.72	8.67	7.9
1988-09-26	6.05	5.36	6.33	5.48
1988-09-27	7.41	6.76	7.73	6.93
1988-09-28	8.58	8.14	9.02	8.4
1988-09-29	8.34	7.65	8.62	7.79
1988-09-30	6.62	5.85	6.87	6.01
1988-10-01	4.77	4.18	5.08	4.37
1988-10-02	8.1	7.5	8.43	7.82
1988-10-03	9.03	8.48	9.34	8.69
1988-10-04	8.05	7.64	8.46	7.9
1988-10-05	6.98	6.45	7.29	6.69
1988-10-06	8.33	7.87	8.67	8.1
1988-10-07	7.34	6.79	7.61	6.93
1988-10-08	5.92	5.37	6.18	5.5
1988-10-09	4.96	4.34	5.21	4.48
1988-10-10	4.29	3.6	4.51	3.73
1988-10-11	0.73	0.21	1.14	0.4
1988-10-12	0.74	0.1	1.05	0.36
1988-10-13	2.38	1.69	2.66	1.81
1988-10-14	5.86	5.29	6.18	5.51
1988-10-15	5.82	5.18	6.13	5.32
1988-10-16	5.34	4.82	5.67	4.97
1988-10-17	3.57	2.95	3.89	3.13
1988-10-18	2.89	1.89	3.05	2.04
1988-10-19	2.49	1.84	2.82	2.12
1988-10-20	2.86	2.32	3.21	2.52
1988-10-21	4.05	3.33	4.28	3.46
1988-10-22	2.36	1.67	2.61	1.78
1988-10-23	0.69	0.14	1.02	0.39
1988-10-24	-2.86	-3.29	-2.45	-3.06
1988-10-25	-3.54	-4.08	-3.18	-3.9
1988-10-26	-0.32	-0.77	0.03	-0.63
1988-10-27	1.06	0.61	1.45	0.87
1988-10-28	-0.39	-0.93	-0.06	-0.72
1988-10-29	-3.68	-4.17	-3.28	-3.87
1988-10-30	-4.86	-5.38	-4.44	-5.22
1988-10-31	-2.36	-2.8	-1.87	-2.58
1988-11-01	-2.99	-3.82	-2.7	-3.74
1988-11-02	-7.72	-8.41	-7.38	-8.32
1988-11-03	0.2	-0.51	0.47	-0.45
1988-11-04	-1.4	-2.23	-1.2	-2.53
1988-11-05	-1.99	-2.76	-1.7	-2.65
1988-11-06	-2.51	-3.26	-2.31	-3.31
1988-11-07	-4.42	-5.01	-4.06	-4.91
1988-11-08	-9.8	-10.22	-9.44	-10.35
1988-11-09	-4.27	-4.77	-3.88	-4.65
1988-11-10	-0.53	-0.91	-0.1	-0.76
1988-11-11	2.95	2.49	3.27	2.64
1988-11-12	-0.7	-1.38	-0.35	-1.37
1988-11-13	-1.94	-2.63	-1.63	-2.62
1988-11-14	-1.86	-2.59	-1.59	-2.52
1988-11-15	-2.45	-2.89	-1.98	-2.79
1988-11-16	0.25	-0.4	0.57	-0.31
1988-11-17	-1.56	-2.27	-1.28	-2.19
1988-11-18	-4.61	-5.37	-4.36	-5.29
1988-11-19	-6.76	-7.29	-6.32	-7.1
1988-11-20	-8.53	-9.16	-8.16	-9.02
1988-11-21	-7.68	-8.34	-7.37	-8.31
1988-11-22	-2.01	-2.61	-1.68	-2.47
1988-11-23	-1.31	-1.73	-0.83	-1.42
1988-11-24	1.93	1.33	2.25	1.48
1988-11-25	-1.42	-2.08	-1.09	-1.89
1988-11-26	-5.46	-6.1	-5.12	-5.96
1988-11-27	-7.52	-8.07	-7.08	-7.85
1988-11-28	-10.56	-11.29	-10.25	-10.98
1988-11-29	-9.77	-10.83	-9.56	-10.62
1988-11-30	-17.69	-18.94	-17.52	-18.78
1988-12-01	-17.27	-18.53	-17.33	-18.86
1988-12-02	-11.86	-13.34	-12.39	-14.29
1988-12-03	-11.73	-12.44	-11.45	-12.65
1988-12-04	-6.32	-7.08	-6.12	-7.08
1988-12-05	-3	-3.61	-2.7	-3.49
1988-12-06	-6.73	-7.42	-6.43	-7.19
1988-12-07	-6.34	-6.59	-5.72	-6.2
1988-12-08	-2.77	-3.1	-2.33	-2.96
1988-12-09	-6.04	-6.75	-5.78	-6.66
1988-12-10	-9.86	-10.41	-9.46	-10.44
1988-12-11	-10.43	-11.17	-10.02	-10.84
1988-12-12	-11.14	-11.77	-10.75	-11.74
1988-12-13	-2.59	-3.18	-2.29	-3.03
1988-12-14	-8.59	-9.23	-8.23	-9
1988-12-15	-6.31	-6.59	-5.83	-6.54
1988-12-16	-4.06	-4.61	-3.74	-4.71
1988-12-17	-5.43	-6.26	-5.23	-6.3
1988-12-18	-9.71	-10.41	-9.41	-10.4
1988-12-19	-12.13	-12.99	-11.78	-12.61
1988-12-20	-11.75	-12.21	-11.25	-12.01
1988-12-21	-5.55	-6.09	-5.13	-5.94
1988-12-22	-2.97	-3.46	-2.51	-3.17
1988-12-23	-3.92	-4.66	-3.67	-4.56
1988-12-24	-12.81	-14.01	-12.61	-13.72
1988-12-25	-15.43	-15.94	-14.84	-15.62
1988-12-26	-8.7	-9.53	-8.35	-9.23
1988-12-27	-5	-5.6	-4.61	-5.36
1988-12-28	-4.25	-4.49	-3.74	-4.5
1988-12-29	0.93	0.34	1.23	0.47
1988-12-30	-2.18	-2.7	-1.76	-2.41
1988-12-31	-4.49	-5.13	-4.1	-4.81
1989-01-01	-9.3	-10	-8.7	-9.73
1989-01-02	0.19	-0.35	0.55	-0.58
1989-01-03	-0.8	-1.46	-0.69	-2.16
1989-01-04	-4.88	-5.85	-4.78	-6.13
1989-01-05	-2.07	-3.12	-1.77	-2.99
1989-01-06	-2.41	-3.44	-2.33	-3.71
1989-01-07	-3.97	-4.69	-3.53	-4.57
1989-01-08	-4.74	-5.1	-4.07	-4.88
1989-01-09	-0.39	-1.3	-0.18	-1.41
1989-01-10	-1.7	-2.76	-1.59	-2.94
1989-01-11	-5.17	-6.02	-4.9	-6.13
1989-01-12	0.58	-0.22	1.02	0.02
1989-01-13	-0.64	-1.48	-0.31	-1.4
1989-01-14	-1.18	-2.04	-0.87	-2.03
1989-01-15	2.26	1.36	2.5	1.33
1989-01-16	0.37	-0.47	0.64	-0.52
1989-01-17	-0.11	-1.07	0.04	-1.23
1989-01-18	-2.48	-3.45	-2.35	-3.75
1989-01-19	0.57	0.18	1.13	0.3
1989-01-20	0.3	-0.53	0.58	-0.63
1989-01-21	-1.34	-2.15	-1	-2.06
1989-01-22	-1.45	-2.42	-1.29	-2.6
1989-01-23	-6.53	-7.15	-6.07	-7.1
1989-01-24	-4.31	-4	-3.16	-3.54
1989-01-25	-0.8	-1.79	-0.44	-1.56
1989-01-26	-0.91	-1.77	-0.61	-1.75
1989-01-27	-0.38	-1.27	-0.11	-1.34
1989-01-28	3.51	2.68	3.75	2.61
1989-01-29	1.97	1.08	2.19	1.03
1989-01-30	-0.35	-1.31	-0.14	-1.36
1989-01-31	-1.18	-1.86	-0.8	-1.86
1989-02-01	0.56	-0.08	0.84	-0.05
1989-02-02	0.5	-0.1	0.81	0
1989-02-03	1.76	1.13	2.03	1.21
1989-02-04	3.3	2.71	3.63	2.87
1989-02-05	0.66	-0.03	0.91	0.07
1989-02-06	0.24	-0.38	0.58	-0.17
1989-02-07	-0.27	-0.88	0.07	-0.63
1989-02-08	-1.27	-1.93	-1	-1.89
1989-02-09	-5.98	-6.58	-5.67	-6.06
1989-02-10	-0.18	-0.53	0.28	-0.35
1989-02-11	-0.65	-1.13	-0.19	-0.88
1989-02-12	-0.98	-1.66	-0.69	-1.49
1989-02-13	-2.53	-3.18	-2.2	-2.97
1989-02-14	-1.42	-2.13	-1.19	-2.07
1989-02-15	-1.73	-2.29	-1.37	-2.09
1989-02-16	-3.2	-3.96	-2.94	-3.76
1989-02-17	-4.22	-5.04	-4	-4.98
1989-02-18	-6.33	-7.03	-5.9	-6.7
1989-02-19	-0.61	-1.23	-0.31	-1.12
1989-02-20	-1.77	-2.47	-1.53	-2.47
1989-02-21	-3.4	-4.03	-3.08	-4.08
1989-02-22	-4.84	-5.29	-4.32	-5.02
1989-02-23	-2.77	-3.28	-2.28	-2.96
1989-02-24	-2.4	-3.13	-2.09	-3.09
1989-02-25	-3.43	-4.05	-3.19	-4.01
1989-02-26	0.12	-0.5	0.42	-0.38
1989-02-27	0.67	0.09	0.96	0.15
1989-02-28	0.08	-0.42	0.41	-0.35
1989-03-01	-0.05	-0.41	0.38	-0.21
1989-03-02	0.08	-0.61	0.34	-0.44
1989-03-03	-3.73	-4.85	-3.81	-4.85
1989-03-04	-0.89	-1.34	-0.52	-1.11
1989-03-05	0.23	-0.05	0.73	0.13
1989-03-06	1.08	0.71	1.46	0.77
1989-03-07	2.54	2.24	2.96	2.45
1989-03-08	0.51	0.2	0.95	0.42
1989-03-09	-0.06	-0.45	0.33	-0.25
1989-03-10	1.65	1.23	2.03	1.46
1989-03-11	1.15	0.6	1.53	0.81
1989-03-12	0.32	-0.25	0.72	-0.05
1989-03-13	1.2	0.8	1.58	1.02
1989-03-14	0.88	0.28	1.15	0.42
1989-03-15	-0.6	-1.31	-0.39	-1.21
1989-03-16	-1.21	-2.07	-1.13	-1.83
1989-03-17	-0.66	-1.36	-0.47	-1.33
1989-03-18	-2.84	-3.52	-2.61	-3.46
1989-03-19	0.46	-0.08	0.88	0.18
1989-03-20	1.15	0.82	1.52	1.01
1989-03-21	2.67	2.17	2.99	2.45
1989-03-22	0.2	-0.34	0.51	-0.07
1989-03-23	-0.79	-1.51	-0.49	-1.19
1989-03-24	-0.86	-1.41	-0.45	-1.06
1989-03-25	0.08	-0.44	0.37	-0.26
1989-03-26	0.26	-0.38	0.5	-0.22
1989-03-27	-0.52	-0.97	-0.19	-0.69
1989-03-28	2.29	1.85	2.74	2.3
1989-03-29	1.72	0.98	1.94	1.2
1989-03-30	0.2	-0.35	0.64	0.15
1989-03-31	-1.2	-1.97	-0.87	-1.5
1989-04-01	-2.74	-3.38	-2.38	-2.88
1989-04-02	-4	-4.71	-3.67	-4.31
1989-04-03	-2.58	-3.22	-2.26	-2.81
1989-04-04	-2.51	-3.15	-2.22	-2.75
1989-04-05	-1.51	-2.16	-1.25	-1.68
1989-04-06	-0.39	-1.1	-0.15	-0.73
1989-04-07	1.57	1.24	1.95	1.52
1989-04-08	2.37	1.98	2.77	2.29
1989-04-09	2.58	2.35	3.09	2.7
1989-04-10	2.77	2.64	3.43	3.23
1989-04-11	2.92	2.6	3.35	3
1989-04-12	5.14	5.19	5.84	5.97
1989-04-13	5.16	5.12	5.76	5.77
1989-04-14	6.58	6.78	7.35	7.51
1989-04-15	6.16	6.09	6.72	6.64
1989-04-16	4.42	4.12	4.87	4.54
1989-04-17	1.93	1.54	2.25	1.71
1989-04-18	2.22	1.81	2.54	2.01
1989-04-19	3.51	3.09	3.79	3.26
1989-04-20	5.66	5.08	5.87	5.32
1989-04-21	5.82	5.07	5.91	5.2
1989-04-22	0.86	0.29	1.11	0.43
1989-04-23	1.49	0.83	1.71	0.82
1989-04-24	1.21	0.17	1.18	0.08
1989-04-25	2.45	1.86	2.63	1.82
1989-04-26	5.53	4.95	5.74	5.09
1989-04-27	4.74	4.01	4.8	4.05
1989-04-28	4.38	3.58	4.38	3.51
1989-04-29	5.77	5.03	5.87	5.09
1989-04-30	6.25	5.78	6.56	5.97
1989-05-01	6.15	5.65	6.49	5.84
1989-05-02	9.28	8.66	9.51	8.95
1989-05-03	8.57	8.22	9.01	8.74
1989-05-04	7.52	7	7.83	7.3
1989-05-05	6.1	5.5	6.39	5.71
1989-05-06	5.58	4.92	5.83	5.05
1989-05-07	6.33	5.69	6.59	5.94
1989-05-08	6.42	5.77	6.72	6.02
1989-05-09	5.92	5.65	6.44	6.13
1989-05-10	3.47	2.9	3.79	3.07
1989-05-11	5.36	4.81	5.72	5.09
1989-05-12	5.82	5.58	6.35	6.1
1989-05-13	5.6	5.21	6.07	5.6
1989-05-14	6.84	6.54	7.27	6.8
1989-05-15	10.1	9.76	10.51	10.06
1989-05-16	10.7	10.05	10.92	10.24
1989-05-17	9.41	8.71	9.65	8.99
1989-05-18	9.42	9.16	9.95	9.62
1989-05-19	9.5	8.89	9.79	9.11
1989-05-20	7.81	7.21	8.12	7.45
1989-05-21	7.72	7.59	8.23	7.97
1989-05-22	13.58	13.09	13.89	13.35
1989-05-23	15.18	14.76	15.54	15.11
1989-05-24	17.58	16.98	17.75	17.15
1989-05-25	15.5	14.57	15.51	14.71
1989-05-26	6.77	6.4	7.05	6.36
1989-05-27	7.61	6.92	7.9	7.13
1989-05-28	12.06	11.45	12.3	11.69
1989-05-29	8.25	7.65	8.48	7.86
1989-05-30	6.84	6.17	7.05	6.26
1989-05-31	4.17	3.85	4.58	3.97
1989-06-01	7.33	6.75	7.7	7.01
1989-06-02	8.07	7.29	8.28	7.48
1989-06-03	9.21	8.59	9.48	8.84
1989-06-04	9.44	9.13	9.87	9.37
1989-06-05	8.6	8.27	9.07	8.65
1989-06-06	10.76	10.86	11.43	11.47
1989-06-07	11.66	11.63	12.15	11.98
1989-06-08	11.16	10.62	11.49	10.81
1989-06-09	11.44	10.75	11.65	10.85
1989-06-10	11.23	10.57	11.44	10.8
1989-06-11	12.02	11.36	12.29	11.7
1989-06-12	12.86	12.23	13.16	12.58
1989-06-13	10.58	10.34	11.13	10.73
1989-06-14	8.91	8.69	9.43	8.94
1989-06-15	10.78	10.56	11.27	10.87
1989-06-16	12.56	12.63	13.18	13.01
1989-06-17	14.26	13.75	14.6	14.07
1989-06-18	13.8	13.05	14.04	13.22
1989-06-19	16.48	15.63	16.57	15.68
1989-06-20	17.18	16.31	17.35	16.54
1989-06-21	16.93	16.38	17.19	16.64
1989-06-22	18.15	17.83	18.5	18.08
1989-06-23	16.49	15.77	16.77	16.04
1989-06-24	12.3	11.38	12.46	11.49
1989-06-25	14.77	14.2	15.13	14.44
1989-06-26	18.02	17.16	18.2	17.32
1989-06-27	19.39	18.85	19.65	19.05
1989-06-28	17.02	16.62	17.41	16.88
1989-06-29	14.26	13.48	14.38	13.43
1989-06-30	13.5	12.68	13.65	12.69
1989-07-01	13.33	12.46	13.51	12.47
1989-07-02	13.25	12.35	13.41	12.38
1989-07-03	17.51	16.99	17.88	17.14
1989-07-04	19.22	18.64	19.53	18.91
1989-07-05	16.91	16.04	17.16	16.27
1989-07-06	16.19	15.93	16.79	16.37
1989-07-07	19.22	18.63	19.48	19
1989-07-08	16.79	16.61	17.36	17.01
1989-07-09	14.06	13.13	14.28	13.31
1989-07-10	13.52	13.21	14.05	13.47
1989-07-11	15.19	15.07	15.81	15.4
1989-07-12	14.67	13.89	14.94	14.05
1989-07-13	13.83	12.9	13.98	12.94
1989-07-14	12.23	11.32	12.35	11.22
1989-07-15	10.57	9.61	10.67	9.55
1989-07-16	9.24	8.53	9.5	8.54
1989-07-17	9.43	8.66	9.67	8.68
1989-07-18	10.33	9.48	10.51	9.45
1989-07-19	10.76	9.85	10.89	9.77
1989-07-20	11.79	11.05	12.05	11.14
1989-07-21	13.38	12.86	13.72	13.04
1989-07-22	15.72	15.53	16.29	15.89
1989-07-23	17.1	16.91	17.67	17.27
1989-07-24	18.57	18.46	19.19	18.85
1989-07-25	21.68	21.08	21.9	21.36
1989-07-26	20.93	20.75	21.53	21.21
1989-07-27	20.13	19.39	20.32	19.43
1989-07-28	15.2	14.41	15.46	14.49
1989-07-29	16.33	15.64	16.58	15.66
1989-07-30	16.55	15.92	16.83	15.92
1989-07-31	13.67	13.18	14.05	13.24
1989-08-01	13.74	13.19	14.07	13.31
1989-08-02	14.22	13.7	14.55	13.86
1989-08-03	13.75	13.25	14.08	13.38
1989-08-04	13.74	13.27	14.1	13.35
1989-08-05	13.75	13.19	14.06	13.26
1989-08-06	15.79	15.15	16.03	15.22
1989-08-07	14.68	14.12	15	14.3
1989-08-08	15.09	14.59	15.42	14.77
1989-08-09	15.56	15.04	15.86	15.2
1989-08-10	14.95	14.6	15.41	14.9
1989-08-11	13.46	12.92	13.83	13.08
1989-08-12	14.53	13.93	14.87	14.08
1989-08-13	12.74	11.9	13.03	12.16
1989-08-14	15.34	14.79	15.71	14.98
1989-08-15	15.38	14.78	15.67	14.88
1989-08-16	16.35	15.73	16.63	15.82
1989-08-17	16.07	15.54	16.44	15.74
1989-08-18	14.68	14	14.96	14.12
1989-08-19	13.15	12.44	13.48	12.67
1989-08-20	15.24	14.59	15.55	14.72
1989-08-21	16.3	15.58	16.51	15.66
1989-08-22	14.23	13.67	14.56	13.85
1989-08-23	11.55	10.8	11.81	10.92
1989-08-24	9.19	8.4	9.48	8.59
1989-08-25	7.72	7.07	8.05	7.23
1989-08-26	8.98	8.27	9.26	8.41
1989-08-27	10.16	9.66	10.57	9.87
1989-08-28	9.96	9.19	10.24	9.38
1989-08-29	9.19	8.43	9.47	8.61
1989-08-30	10.38	9.92	10.84	10.21
1989-08-31	13.2	12.62	13.57	12.83
1989-09-01	10.93	10.42	11.31	10.48
1989-09-02	11.3	10.53	11.5	10.51
1989-09-03	9.05	8.24	9.3	8.3
1989-09-04	8.81	8.37	9.29	8.6
1989-09-05	11.06	10.53	11.54	10.89
1989-09-06	13.43	12.75	13.84	13.14
1989-09-07	10.67	9.94	10.98	10.06
1989-09-08	9.55	8.99	9.89	9.18
1989-09-09	7.64	6.87	7.9	6.97
1989-09-10	6.63	6.1	7.03	6.21
1989-09-11	7.43	6.76	7.79	6.87
1989-09-12	10.64	9.98	10.95	10
1989-09-13	10.55	10	10.91	10.11
1989-09-14	10.03	9.39	10.34	9.42
1989-09-15	9.02	8.25	9.27	8.27
1989-09-16	9.07	8.25	9.28	8.24
1989-09-17	7.81	7.07	8.07	7.05
1989-09-18	9.04	8.41	9.39	8.5
1989-09-19	14.14	13.66	14.55	13.82
1989-09-20	13.04	12.34	13.28	12.36
1989-09-21	14.86	14.17	15.12	14.22
1989-09-22	13.13	12.42	13.44	12.59
1989-09-23	15.18	14.5	15.51	14.72
1989-09-24	12.79	12.08	13.14	12.32
1989-09-25	11.73	11.24	12.14	11.39
1989-09-26	9.17	8.46	9.46	8.55
1989-09-27	10.52	9.91	10.85	9.96
1989-09-28	6.69	6.03	7	6.05
1989-09-29	5.87	5.14	6.15	5.18
1989-09-30	4.33	3.61	4.64	3.69
1989-10-01	5.71	5.18	6.03	5.36
1989-10-02	5.29	4.65	5.54	4.8
1989-10-03	5.88	5.3	6.15	5.44
1989-10-04	8.29	7.73	8.55	7.84
1989-10-05	7.49	7.13	7.88	7.34
1989-10-06	6.67	6.24	7.04	6.47
1989-10-07	3.64	3.19	4.02	3.43
1989-10-08	2.91	2.02	3.05	2.14
1989-10-09	3.64	2.67	3.7	2.73
1989-10-10	2.65	1.86	2.85	1.97
1989-10-11	2.09	1.32	2.29	1.46
1989-10-12	1.36	0.71	1.62	0.81
1989-10-13	2.82	2.31	3.22	2.49
1989-10-14	1.07	0.69	1.53	0.9
1989-10-15	0.53	0.08	0.92	0.25
1989-10-16	0.93	0.34	1.3	0.52
1989-10-17	0.85	0.31	1.22	0.51
1989-10-18	2.31	1.86	2.71	2.04
1989-10-19	3.12	2.65	3.49	2.84
1989-10-20	4.85	4.36	5.31	4.79
1989-10-21	7.26	6.82	7.61	7.02
1989-10-22	7.66	7.06	7.94	7.23
1989-10-23	7.09	6.54	7.41	6.76
1989-10-24	3.82	3.31	4.24	3.57
1989-10-25	3.58	2.96	3.96	3.3
1989-10-26	4.6	4.02	4.96	4.28
1989-10-27	3.36	2.77	3.66	2.92
1989-10-28	2.17	1.47	2.54	1.76
1989-10-29	3.94	3.33	4.27	3.6
1989-10-30	3.51	3	3.85	3.24
1989-10-31	2.54	1.95	2.82	2.12
1989-11-01	2.92	2.3	3.31	2.4
1989-11-02	2.78	2.06	3.1	2.12
1989-11-03	2.43	1.72	2.76	1.77
1989-11-04	4.83	4.25	5.2	4.34
1989-11-05	3.9	3.33	4.29	3.42
1989-11-06	2.89	2.34	3.31	2.47
1989-11-07	4.21	3.67	4.62	3.78
1989-11-08	2.66	2.02	3	2.08
1989-11-09	2.89	2.28	3.3	2.4
1989-11-10	4.53	3.97	4.91	4.05
1989-11-11	5.45	4.92	5.85	5.03
1989-11-12	4.44	3.68	4.73	3.7
1989-11-13	1.06	0.29	1.33	0.22
1989-11-14	-0.57	-1.2	-0.17	-1.18
1989-11-15	-1.42	-2.1	-1.04	-2.04
1989-11-16	0.25	-0.4	0.62	-0.4
1989-11-17	-1.21	-2.78	-1.32	-3.15
1989-11-18	0.64	-0.1	1.1	-0.22
1989-11-19	0.22	-0.56	0.58	-0.51
1989-11-20	-4.11	-5.15	-3.76	-5.3
1989-11-21	-4.15	-5.26	-3.94	-5.39
1989-11-22	-5.06	-5.96	-4.78	-5.98
1989-11-23	-8.95	-9.95	-8.77	-10.02
1989-11-24	-11.77	-12.89	-11.63	-12.93
1989-11-25	-6.07	-6.74	-5.68	-6.76
1989-11-26	-9.03	-10.03	-8.75	-10.08
1989-11-27	-3.78	-4.4	-3.36	-4.28
1989-11-28	-7.95	-8.83	-7.62	-8.86
1989-11-29	0.2	-0.48	0.48	-0.6
1989-11-30	0.67	0.08	0.97	-0.06
1989-12-01	1.27	1.05	1.61	1.01
1989-12-02	0.24	-0.32	0.42	-0.49
1989-12-03	0.41	-0.01	0.68	-0.02
1989-12-04	-4	-4.66	-3.86	-4.64
1989-12-05	-6.07	-6.63	-5.79	-6.53
1989-12-06	-1.27	-1.57	-0.81	-1.3
1989-12-07	-8.04	-8.48	-7.57	-8.24
1989-12-08	-12.99	-14.03	-12.76	-13.81
1989-12-09	-14.71	-15.55	-14.37	-15.31
1989-12-10	-7.37	-7.36	-6.51	-6.73
1989-12-11	-13.56	-13.83	-12.92	-13.48
1989-12-12	-10.96	-11.62	-10.79	-11.76
1989-12-13	-17.91	-18.72	-17.62	-18.55
1989-12-14	-25.93	-27	-25.68	-26.83
1989-12-15	-21.56	-22.37	-20.84	-22.12
1989-12-16	-20.19	-21.07	-19.68	-20.81
1989-12-17	-11.39	-12.64	-11.28	-12.53
1989-12-18	-2.45	-2.99	-2.06	-2.72
1989-12-19	-2.06	-2.54	-1.68	-2.4
1989-12-20	-4.95	-5.44	-4.64	-5.5
1989-12-21	-6.1	-6.67	-5.79	-6.81
1989-12-22	-7.16	-7.83	-6.76	-7.68
1989-12-23	-3.24	-3.83	-2.93	-3.76
1989-12-24	-5.43	-5.8	-5.16	-6.04
1989-12-25	1.26	1.07	1.73	1.26
1989-12-26	1.14	0.8	1.58	1.01
1989-12-27	-4.57	-5.29	-4.15	-4.85
1989-12-28	-10.45	-11.91	-10.6	-11.93
1989-12-29	-10.46	-11.87	-10.52	-12.21
1989-12-30	-13.06	-14.22	-12.86	-14.3
1989-12-31	-11.65	-12.43	-11.54	-12.56
1990-01-01	-11.66	-12.42	-11.38	-12.15
1990-01-02	-15.6	-16.36	-15.43	-16.47
1990-01-03	-8.54	-9.32	-8.48	-9.63
1990-01-04	-7.31	-8.31	-6.96	-7.76
1990-01-05	-10.15	-11.59	-10.39	-11.89
1990-01-06	-7.27	-8.08	-7.05	-8.01
1990-01-07	-1.98	-2.43	-1.62	-2.25
1990-01-08	-3.17	-3.89	-2.99	-3.86
1990-01-09	-2.54	-3.12	-2.26	-3
1990-01-10	-3.49	-4.04	-3.14	-3.91
1990-01-11	-6.35	-6.8	-5.9	-6.52
1990-01-12	-5.63	-6.44	-5.41	-6.28
1990-01-13	-5.75	-6.52	-5.46	-6.2
1990-01-14	-8.18	-8.61	-7.7	-8.26
1990-01-15	-2.1	-2.23	-1.59	-1.94
1990-01-16	-0.88	-1.28	-0.51	-1.22
1990-01-17	-4.64	-5.16	-4.28	-4.86
1990-01-18	-12.27	-12.6	-11.71	-12.11
1990-01-19	-8.87	-8.67	-8.01	-8.16
1990-01-20	-5.26	-5.75	-4.84	-5.4
1990-01-21	-9.12	-9.22	-8.49	-8.74
1990-01-22	-5.27	-5.3	-4.61	-4.9
1990-01-23	-1.25	-1.77	-0.95	-1.64
1990-01-24	-1.72	-2.21	-1.37	-2.03
1990-01-25	-7.49	-8.21	-7.18	-8.2
1990-01-26	-7.63	-8.48	-7.37	-8.2
1990-01-27	-14.47	-15.07	-14.22	-15.08
1990-01-28	-14.77	-15.85	-14.55	-15.83
1990-01-29	-4.79	-5.71	-4.74	-5.74
1990-01-30	-6.84	-7.56	-6.62	-7.53
1990-01-31	-0.44	-0.86	-0.13	-0.76
1990-02-01	2.66	2.14	3.04	2.24
1990-02-02	1.78	1.23	2.16	1.33
1990-02-03	1.51	0.9	1.85	0.99
1990-02-04	-0.03	-0.6	0.43	-0.38
1990-02-05	4.08	3.46	4.45	3.62
1990-02-06	3.97	3.35	4.3	3.43
1990-02-07	3	2.4	3.31	2.44
1990-02-08	-0.07	-0.92	0.1	-1.02
1990-02-09	-1.6	-2.47	-1.37	-2.47
1990-02-10	-1.12	-1.99	-0.81	-1.9
1990-02-11	-1.25	-1.85	-0.8	-1.64
1990-02-12	-0.43	-1.09	-0.11	-1.06
1990-02-13	0.03	-0.59	0.38	-0.51
1990-02-14	-0.72	-1.31	-0.38	-1.25
1990-02-15	-3.47	-4.15	-3.1	-4.02
1990-02-16	-7.64	-8.34	-7.36	-8.36
1990-02-17	-8.33	-9.26	-8.09	-9.36
1990-02-18	-0.74	-1.41	-0.44	-1.32
1990-02-19	1.61	1.02	1.98	1.16
1990-02-20	5.45	4.77	5.74	4.86
1990-02-21	2.11	1.37	2.42	1.49
1990-02-22	2.74	1.96	2.99	2
1990-02-23	5.23	4.43	5.5	4.56
1990-02-24	2.37	1.63	2.64	1.66
1990-02-25	-1.64	-2.15	-1.16	-1.98
1990-02-26	-0.52	-1.17	-0.18	-1.06
1990-02-27	-1.33	-2.11	-1.08	-2.06
1990-02-28	-2.96	-3.66	-2.59	-3.55
1990-03-01	-3.71	-4.18	-3.27	-4.06
1990-03-02	-3.51	-4.26	-3.3	-4.28
1990-03-03	-4.58	-5.21	-4.24	-5.07
1990-03-04	-0.66	-1.28	-0.36	-1.23
1990-03-05	1.26	0.55	1.49	0.6
1990-03-06	-1.7	-2.44	-1.51	-2.48
1990-03-07	-1.76	-2.45	-1.56	-2.53
1990-03-08	0.22	-0.42	0.58	-0.23
1990-03-09	-2.4	-3.08	-2.15	-3.11
1990-03-10	-2.97	-3.66	-2.73	-3.64
1990-03-11	-4.09	-4.78	-3.85	-4.81
1990-03-12	-2.09	-2.78	-1.88	-2.87
1990-03-13	-5.8	-6.3	-5.39	-6.25
1990-03-14	-2.19	-2.64	-1.82	-2.57
1990-03-15	3.92	3.38	4.2	3.44
1990-03-16	3.87	3.34	4.2	3.48
1990-03-17	4.06	3.71	4.56	4.09
1990-03-18	5.86	5.25	6.14	5.53
1990-03-19	7.25	6.6	7.5	6.9
1990-03-20	1.97	1.21	2.22	1.4
1990-03-21	1.24	0.61	1.62	0.84
1990-03-22	2.96	2.3	3.26	2.5
1990-03-23	1.19	0.46	1.54	0.72
1990-03-24	3.13	2.46	3.43	2.72
1990-03-25	0.64	0.11	1.09	0.52
1990-03-26	0.21	-0.07	0.81	0.32
1990-03-27	2.75	2.21	3.22	2.56
1990-03-28	3.61	3.08	4.03	3.24
1990-03-29	3.44	2.8	3.77	2.95
1990-03-30	3.73	3.02	4.02	3.21
1990-03-31	4.87	4.19	5.22	4.53
1990-04-01	4.49	3.68	4.74	4
1990-04-02	-0.98	-1.56	-0.68	-1.36
1990-04-03	-2.05	-2.75	-1.81	-2.53
1990-04-04	-4.59	-5.32	-4.37	-5.15
1990-04-05	-3.47	-4.35	-3.27	-4.21
1990-04-06	-4.04	-4.59	-3.65	-4.3
1990-04-07	-4.77	-5.61	-4.58	-5.48
1990-04-08	-1.42	-2.14	-1.22	-2.05
1990-04-09	3.03	2.49	3.33	2.66
1990-04-10	2.31	1.81	2.65	1.99
1990-04-11	0.95	0.71	1.48	1.11
1990-04-12	3.78	3.28	4.09	3.5
1990-04-13	4.02	3.59	4.41	3.92
1990-04-14	4.24	3.92	4.7	4.35
1990-04-15	4.44	4.19	4.92	4.66
1990-04-16	3.21	2.82	3.62	3.17
1990-04-17	3.8	3.49	4.25	3.81
1990-04-18	3.79	3.24	4.03	3.42
1990-04-19	4.28	3.97	4.65	4.21
1990-04-20	5.08	4.65	5.46	4.89
1990-04-21	5.23	4.92	5.62	5.18
1990-04-22	6.43	6.11	6.86	6.45
1990-04-23	7.6	7.18	7.87	7.37
1990-04-24	7.71	7.53	8.15	7.98
1990-04-25	9.66	9.54	10.21	10.02
1990-04-26	10.54	10.02	10.77	10.2
1990-04-27	4.35	3.53	4.46	3.62
1990-04-28	4.67	4.04	4.89	4.22
1990-04-29	9.83	9.16	10.04	9.51
1990-04-30	12.66	11.95	12.92	12.28
1990-05-01	8.83	8.25	9.21	8.8
1990-05-02	14.2	13.74	14.61	14.06
1990-05-03	15.15	14.45	15.38	14.66
1990-05-04	13.88	13.21	14.11	13.48
1990-05-05	14.62	13.91	14.83	14.17
1990-05-06	13.77	13.14	13.97	13.41
1990-05-07	9	8.18	9.22	8.45
1990-05-08	10.35	9.7	10.6	10.01
1990-05-09	8.26	8.19	8.84	8.75
1990-05-10	12.19	11.53	12.56	11.93
1990-05-11	5.54	5.38	6.02	5.68
1990-05-12	6.78	6.77	7.32	7.11
1990-05-13	8.68	8.9	9.41	9.32
1990-05-14	9.52	9.62	10.14	10
1990-05-15	9.85	9.09	10.05	9.34
1990-05-16	6.3	5.53	6.44	5.58
1990-05-17	6.12	5.36	6.28	5.44
1990-05-18	5.32	4.59	5.53	4.69
1990-05-19	5.51	4.7	5.67	4.78
1990-05-20	6.88	6.24	7.12	6.5
1990-05-21	3.83	3.41	4.12	3.45
1990-05-22	5.35	4.9	5.72	5.15
1990-05-23	6.24	6.05	6.73	6.38
1990-05-24	4.89	4.14	5.22	4.53
1990-05-25	5.3	4.7	5.59	4.84
1990-05-26	5.37	4.64	5.55	4.7
1990-05-27	5.29	4.71	5.61	4.94
1990-05-28	8.09	7.45	8.3	7.59
1990-05-29	8.39	8.08	8.8	8.39
1990-05-30	11.85	11.59	12.28	11.91
1990-05-31	11.97	11.38	12.18	11.54
1990-06-01	10.89	10.53	11.33	10.93
1990-06-02	12.04	11.66	12.43	11.99
1990-06-03	14.39	13.88	14.75	14.28
1990-06-04	13.93	13.48	14.23	13.73
1990-06-05	11.34	11.37	11.95	11.78
1990-06-06	10.3	10.24	10.89	10.63
1990-06-07	10.12	9.71	10.42	9.88
1990-06-08	12.71	12.25	12.97	12.37
1990-06-09	15.04	14.67	15.39	14.99
1990-06-10	13.75	13.52	14.23	13.85
1990-06-11	12.84	12.73	13.33	13.15
1990-06-12	12.19	11.59	12.46	11.92
1990-06-13	11.74	10.79	11.84	10.92
1990-06-14	11.29	10.6	11.47	10.7
1990-06-15	12.7	12.23	13	12.5
1990-06-16	12.14	11.67	12.44	11.95
1990-06-17	8.14	7.73	8.57	8.01
1990-06-18	8.89	8.33	9.24	8.64
1990-06-19	11.96	11.51	12.32	11.83
1990-06-20	11.81	11.24	12.07	11.38
1990-06-21	10.8	10.19	11.09	10.44
1990-06-22	12.71	12.17	12.98	12.33
1990-06-23	12.28	11.7	12.64	12.05
1990-06-24	14.05	13.65	14.48	14.05
1990-06-25	16.29	15.73	16.57	15.98
1990-06-26	15.89	15.1	16.04	15.26
1990-06-27	14.99	14.25	15.2	14.57
1990-06-28	13.86	13.44	14.23	13.72
1990-06-29	15.12	14.28	15.28	14.44
1990-06-30	12.97	12.09	13.09	12.38
1990-07-01	13.55	13.16	13.99	13.49
1990-07-02	12.08	11.45	12.45	11.71
1990-07-03	13.56	12.78	13.78	12.88
1990-07-04	14.04	13.4	14.38	13.63
1990-07-05	14.03	13.5	14.38	13.71
1990-07-06	12.01	11.37	12.3	11.49
1990-07-07	13.36	12.84	13.71	13.07
1990-07-08	14.96	14.22	15.19	14.35
1990-07-09	13.73	13.2	14.15	13.47
1990-07-10	14.03	13.34	14.28	13.47
1990-07-11	14.15	13.33	14.35	13.49
1990-07-12	13.01	12.24	13.28	12.46
1990-07-13	12.57	11.76	12.74	11.81
1990-07-14	12.79	12.12	13.1	12.29
1990-07-15	14.92	14.57	15.39	14.88
1990-07-16	13.6	13.15	13.97	13.3
1990-07-17	16.19	15.82	16.57	16
1990-07-18	13.83	13.06	14	13.08
1990-07-19	12.51	11.83	12.73	11.89
1990-07-20	15.57	15.04	15.89	15.23
1990-07-21	14.41	13.62	14.62	13.79
1990-07-22	11.86	11.02	12.04	11.12
1990-07-23	13.18	12.43	13.36	12.41
1990-07-24	15.15	14.86	15.6	15.03
1990-07-25	15.49	15.19	15.93	15.46
1990-07-26	17.33	17.04	17.77	17.32
1990-07-27	19.27	18.69	19.54	18.97
1990-07-28	16.73	16.38	17.2	16.78
1990-07-29	14.14	13.69	14.55	13.97
1990-07-30	13.08	12.65	13.56	12.98
1990-07-31	14.27	13.85	14.66	14.04
1990-08-01	15.85	15.05	16.03	15.03
1990-08-02	17.77	17.21	18.12	17.42
1990-08-03	20.64	20.04	20.96	20.22
1990-08-04	19.78	19.03	20.05	19.24
1990-08-05	15.89	15.15	16.17	15.29
1990-08-06	12.7	11.9	12.95	11.94
1990-08-07	12.93	12.11	13.15	12.15
1990-08-08	12.63	12.01	13.01	12.15
1990-08-09	12.57	11.81	12.82	11.91
1990-08-10	13.04	12.28	13.28	12.32
1990-08-11	14.55	14.06	14.93	14.25
1990-08-12	15	14.71	15.54	15.06
1990-08-13	16.36	15.75	16.66	15.81
1990-08-14	16.63	16.21	17.09	16.47
1990-08-15	17.12	16.67	17.53	16.91
1990-08-16	16.09	15.66	16.54	15.9
1990-08-17	14.77	14.18	15.13	14.31
1990-08-18	14.47	13.77	14.75	13.81
1990-08-19	13.49	12.87	13.82	12.97
1990-08-20	12.72	12.11	13.06	12.22
1990-08-21	14.09	13.41	14.39	13.54
1990-08-22	14.66	13.83	14.87	13.9
1990-08-23	12.36	11.53	12.59	11.6
1990-08-24	11.54	10.8	11.81	10.81
1990-08-25	10.06	9.2	10.25	9.22
1990-08-26	10.01	9.22	10.23	9.21
1990-08-27	11.67	11.02	12	11.11
1990-08-28	13.69	13.24	14.13	13.46
1990-08-29	14.12	13.45	14.47	13.66
1990-08-30	13.36	12.98	13.83	13.17
1990-08-31	13.52	13.07	13.95	13.26
1990-09-01	13.67	13.15	14.02	13.38
1990-09-02	11.2	10.59	11.49	10.73
1990-09-03	10.53	10.03	10.9	10.23
1990-09-04	9.35	8.92	9.77	9.16
1990-09-05	9.44	8.72	9.67	8.89
1990-09-06	9.02	8.42	9.35	8.62
1990-09-07	10.87	10.45	11.29	10.68
1990-09-08	10.92	10.43	11.32	10.68
1990-09-09	11.12	10.66	11.52	10.9
1990-09-10	10.9	10.29	11.2	10.48
1990-09-11	8.64	8.25	9.09	8.48
1990-09-12	7.79	7.16	8.12	7.35
1990-09-13	9.34	8.7	9.67	8.94
1990-09-14	9.57	8.94	9.91	9.21
1990-09-15	9.49	8.84	9.77	8.96
1990-09-16	8.17	7.54	8.49	7.73
1990-09-17	9.06	8.41	9.37	8.53
1990-09-18	9.18	8.53	9.45	8.65
1990-09-19	8.55	7.89	8.8	7.97
1990-09-20	8.29	7.61	8.53	7.69
1990-09-21	8.04	7.54	8.38	7.65
1990-09-22	6.85	6.29	7.21	6.51
1990-09-23	5.46	4.82	5.77	4.99
1990-09-24	4.34	3.82	4.73	4.03
1990-09-25	3.51	2.88	3.84	3.02
1990-09-26	4.16	3.47	4.44	3.6
1990-09-27	4.51	3.76	4.75	3.83
1990-09-28	4.41	3.91	4.8	4.09
1990-09-29	5.29	4.57	5.52	4.75
1990-09-30	5.45	4.74	5.69	4.85
1990-10-01	3.81	3.06	4.03	3.05
1990-10-02	3.93	3.39	4.36	3.57
1990-10-03	7.72	7.23	8.12	7.46
1990-10-04	7.86	7.34	8.2	7.48
1990-10-05	6.5	5.96	6.91	6.18
1990-10-06	5.47	4.79	5.82	5
1990-10-07	3.29	2.6	3.57	2.63
1990-10-08	2.73	2.05	3.05	2.18
1990-10-09	7.1	6.48	7.44	6.66
1990-10-10	6.53	5.85	6.83	6
1990-10-11	3.88	3.19	4.2	3.25
1990-10-12	3.02	2.29	3.31	2.33
1990-10-13	8.59	8.05	8.94	8.21
1990-10-14	9.24	8.62	9.58	8.84
1990-10-15	8.63	8.03	9.03	8.35
1990-10-16	11.19	10.84	11.64	11.1
1990-10-17	9.96	9.49	10.33	9.65
1990-10-18	5.32	4.73	5.68	4.94
1990-10-19	2.36	1.72	2.68	1.85
1990-10-20	1.5	0.88	1.86	1.05
1990-10-21	-0.42	-0.87	0.06	-0.72
1990-10-22	3.92	3.15	4.08	3.02
1990-10-23	2.78	1.93	2.92	1.82
1990-10-24	1.57	0.68	1.68	0.59
1990-10-25	-0.57	-1.59	-0.43	-1.58
1990-10-26	-1.18	-2	-0.91	-1.77
1990-10-27	-0.62	-1.18	-0.2	-1.03
1990-10-28	3.87	3.21	4.14	3.26
1990-10-29	4.02	3.4	4.34	3.53
1990-10-30	4.15	3.47	4.46	3.64
1990-10-31	0.97	0.58	1.45	0.8
1990-11-01	-0.94	-1.41	-0.52	-1.15
1990-11-02	-0.55	-1	-0.09	-0.78
1990-11-03	-0.69	-1.08	-0.23	-0.81
1990-11-04	-1.58	-2.01	-1.09	-1.72
1990-11-05	0.35	-0.13	0.76	0.08
1990-11-06	2.38	1.88	2.76	2.07
1990-11-07	4.62	4.16	5	4.33
1990-11-08	4.93	4.41	5.26	4.53
1990-11-09	1.46	0.88	1.73	0.85
1990-11-10	0.22	-0.38	0.52	-0.32
1990-11-11	-1.07	-1.59	-0.69	-1.38
1990-11-12	-1.66	-2.12	-1.21	-1.88
1990-11-13	-1.81	-2.27	-1.37	-2.1
1990-11-14	-2.35	-2.96	-1.98	-2.71
1990-11-15	-1.64	-2.26	-1.26	-2.02
1990-11-16	-0.97	-1.57	-0.55	-1.33
1990-11-17	-2.65	-3.26	-2.32	-3.16
1990-11-18	-1.36	-2.01	-1.07	-1.96
1990-11-19	-3.17	-3.84	-2.83	-3.69
1990-11-20	-5.45	-6.48	-5.29	-6.39
1990-11-21	-9.92	-11.4	-9.99	-11.7
1990-11-22	-13.61	-15.22	-13.83	-16.26
1990-11-23	-13.18	-14.65	-13.18	-15.17
1990-11-24	-4.2	-5.08	-3.93	-4.84
1990-11-25	-3.85	-4.55	-3.49	-4.23
1990-11-26	-6.73	-7.28	-6.36	-7.17
1990-11-27	-4.83	-5.48	-4.5	-5.42
1990-11-28	-1.08	-1.56	-0.7	-1.42
1990-11-29	-3.17	-3.71	-2.75	-3.43
1990-11-30	-7.61	-8.08	-7.18	-7.87
1990-12-01	1.92	1.15	2.24	1.11
1990-12-02	2.08	1.44	2.45	1.48
1990-12-03	1.44	0.6	1.66	0.55
1990-12-04	-1.18	-2.07	-0.98	-2.2
1990-12-05	-4.92	-5.89	-4.77	-6.27
1990-12-06	-1.75	-2.32	-1.37	-2.41
1990-12-07	-3.54	-4.57	-3.37	-4.75
1990-12-08	-9.73	-11.33	-9.7	-11.58
1990-12-09	-15.34	-17.85	-16.06	-18.81
1990-12-10	-14.9	-16.76	-14.85	-17.17
1990-12-11	-7.48	-8.48	-7	-8.29
1990-12-12	-4.13	-5.05	-3.89	-5.14
1990-12-13	-7.7	-8.53	-7.42	-8.74
1990-12-14	-0.53	-1.02	-0.02	-0.92
1990-12-15	0.5	0.14	1.03	0.17
1990-12-16	-0.58	-0.96	0.04	-0.69
1990-12-17	-3.07	-3.51	-2.38	-3.31
1990-12-18	-2.04	-2.66	-1.55	-2.49
1990-12-19	-2.88	-3.56	-2.52	-3.57
1990-12-20	-5.54	-6.21	-5.15	-6.37
1990-12-21	-5.19	-5.89	-4.84	-6.09
1990-12-22	-9.51	-10.09	-9.05	-10.08
1990-12-23	-0.37	-0.94	0.09	-0.83
1990-12-24	1.44	0.87	1.83	0.88
1990-12-25	-1.91	-2.47	-1.5	-2.47
1990-12-26	-1.35	-2.01	-0.98	-1.99
1990-12-27	-0.79	-1.48	-0.43	-1.46
1990-12-28	-3.64	-4.51	-3.21	-4.56
1990-12-29	-2.16	-2.8	-1.73	-2.73
1990-12-30	-1.14	-1.86	-0.78	-1.86
1990-12-31	-3.52	-4.41	-3.24	-4.54
1991-01-01	-6.33	-6.94	-6.12	-7.35
1991-01-02	-2.51	-3.18	-2.22	-3.25
1991-01-03	-2.3	-2.81	-1.95	-2.92
1991-01-04	-5.43	-6.46	-5.01	-6.17
1991-01-05	-1.99	-2.5	-1.51	-2.37
1991-01-06	-1.8	-2.22	-1.32	-2.11
1991-01-07	-6.02	-6.78	-5.8	-6.99
1991-01-08	-6.7	-7.52	-6.41	-7.67
1991-01-09	-4.23	-5.19	-3.93	-4.99
1991-01-10	-6.41	-7.43	-6.17	-7.27
1991-01-11	-11.54	-12.48	-11.31	-12.43
1991-01-12	-12.01	-13.22	-11.84	-13.15
1991-01-13	-14.42	-15.62	-14.32	-15.69
1991-01-14	-5.76	-6.71	-5.62	-6.97
1991-01-15	-10	-11.32	-10.08	-11.81
1991-01-16	-13.47	-15.09	-13.43	-15.22
1991-01-17	-12.51	-13.71	-12.14	-13.59
1991-01-18	-3.53	-4.22	-3.23	-4.28
1991-01-19	-4.54	-5.05	-4.03	-4.89
1991-01-20	0.02	-0.59	0.39	-0.5
1991-01-21	-3.36	-4.11	-3.06	-4.07
1991-01-22	-0.89	-1.44	-0.56	-1.55
1991-01-23	1.16	0.54	1.46	0.54
1991-01-24	-2.98	-3.46	-2.66	-3.63
1991-01-25	3.88	3.3	4.22	3.32
1991-01-26	-2.22	-2.72	-1.75	-2.52
1991-01-27	-1.51	-2.19	-1.22	-2.24
1991-01-28	-0.52	-0.89	-0.01	-0.74
1991-01-29	-6.99	-7.37	-6.23	-7.09
1991-01-30	-5.49	-5.98	-5	-5.83
1991-01-31	-5.41	-5.9	-4.89	-5.7
1991-02-01	-6.21	-6.38	-5.98	-6.4
1991-02-02	-6.39	-6.72	-6.14	-6.69
1991-02-03	-9.13	-9.44	-8.68	-8.98
1991-02-04	-12.89	-14.31	-13.07	-14.01
1991-02-05	-14.11	-15.46	-14.32	-15.34
1991-02-06	-16.56	-17.6	-16.57	-17.67
1991-02-07	-17.02	-18.17	-17.08	-18.14
1991-02-08	-12.89	-14.21	-13.08	-14.2
1991-02-09	-7.88	-8.4	-7.61	-8.05
1991-02-10	-8.27	-9.05	-8.02	-8.52
1991-02-11	-10.71	-11.26	-10.31	-10.75
1991-02-12	-11.92	-12.37	-11.56	-12.04
1991-02-13	-13.35	-13.62	-12.94	-13.32
1991-02-14	-12.28	-12.53	-11.92	-12.29
1991-02-15	-15.54	-15.93	-15.14	-15.6
1991-02-16	-15.57	-15.62	-15.02	-15.36
1991-02-17	-11.19	-11.18	-10.58	-10.7
1991-02-18	-11.31	-11.11	-10.51	-10.38
1991-02-19	-7.39	-7.28	-6.7	-6.77
1991-02-20	-4.71	-4.69	-4.03	-4.04
1991-02-21	-2.57	-3.05	-2.13	-2.59
1991-02-22	-2.64	-2.82	-2.11	-2.42
1991-02-23	-0.91	-1.06	-0.49	-0.73
1991-02-24	-0.39	-0.49	0.19	0
1991-02-25	-1.08	-1.33	-0.74	-1.12
1991-02-26	-7.56	-7.97	-7.23	-7.64
1991-02-27	-7.19	-7.91	-7.03	-7.66
1991-02-28	-5.22	-5.73	-4.98	-5.47
1991-03-01	-3.5	-4.07	-3.19	-3.83
1991-03-02	-3.12	-3.79	-2.89	-3.65
1991-03-03	-2.7	-3.31	-2.46	-3.18
1991-03-04	-3.04	-3.6	-2.71	-3.38
1991-03-05	-3.99	-4.31	-3.47	-3.99
1991-03-06	-3.18	-3.64	-2.8	-3.39
1991-03-07	-0.84	-1.36	-0.57	-1.19
1991-03-08	-0.55	-0.85	-0.08	-0.56
1991-03-09	-1.47	-1.83	-1.08	-1.58
1991-03-10	-0.37	-0.88	-0.07	-0.67
1991-03-11	1.5	1.06	1.87	1.23
1991-03-12	1.54	1.02	1.84	1.23
1991-03-13	-5.98	-6.57	-5.63	-6.14
1991-03-14	-2.01	-2.74	-1.76	-2.55
1991-03-15	-4.29	-4.86	-3.94	-4.58
1991-03-16	-5.14	-5.92	-4.98	-5.87
1991-03-17	-0.82	-1.26	-0.43	-0.87
1991-03-18	-0.63	-1.19	-0.28	-0.81
1991-03-19	0.94	0.62	1.44	1.07
1991-03-20	2.44	1.98	2.76	2.25
1991-03-21	0.75	0.35	1.12	0.63
1991-03-22	0.17	-0.2	0.55	0.07
1991-03-23	-2	-2.43	-1.62	-2.06
1991-03-24	-3.87	-4.45	-3.58	-4.17
1991-03-25	1.38	0.79	1.62	0.94
1991-03-26	2.79	2.25	3.07	2.49
1991-03-27	0.96	0.58	1.36	0.97
1991-03-28	1.8	1.24	2.08	1.45
1991-03-29	1.76	1.2	2.06	1.48
1991-03-30	1.06	0.38	1.25	0.54
1991-03-31	-1.54	-2.22	-1.34	-2.03
1991-04-01	1.22	0.67	1.55	1.08
1991-04-02	3.32	2.89	3.74	3.3
1991-04-03	4.44	3.96	4.68	4.14
1991-04-04	2.44	1.81	2.52	1.88
1991-04-05	1.65	1.13	1.8	1.23
1991-04-06	2.86	2.45	3.22	2.76
1991-04-07	3.68	3.19	4.02	3.46
1991-04-08	3.47	3.01	3.8	3.25
1991-04-09	3.06	2.73	3.46	2.98
1991-04-10	5.75	5.24	6.03	5.48
1991-04-11	9.14	8.59	9.35	8.81
1991-04-12	9.4	8.91	9.66	9.16
1991-04-13	8.33	7.32	8.37	7.6
1991-04-14	3.33	2.73	3.61	3.02
1991-04-15	3.81	3.11	4.05	3.41
1991-04-16	2.67	2.08	2.95	2.35
1991-04-17	-1.5	-2.12	-1.18	-1.85
1991-04-18	-2.71	-3.13	-2.29	-2.85
1991-04-19	-2.35	-2.66	-1.91	-2.27
1991-04-20	-2.25	-2.61	-1.79	-2.24
1991-04-21	-1.25	-1.49	-0.74	-1.08
1991-04-22	0.91	0.57	1.41	0.98
1991-04-23	2.99	2.33	3.19	2.64
1991-04-24	2.61	2.37	3.08	2.83
1991-04-25	1.13	0.91	1.64	1.3
1991-04-26	2.44	1.99	2.78	2.33
1991-04-27	2.88	2.56	3.25	2.83
1991-04-28	4.76	4.26	5.07	4.5
1991-04-29	4.2	3.78	4.55	4.12
1991-04-30	3.34	2.92	3.68	3.24
1991-05-01	4.76	4.52	5.17	4.81
1991-05-02	3.97	3.71	4.44	4.1
1991-05-03	4.87	4.46	5.2	4.68
1991-05-04	5.62	5.22	5.89	5.56
1991-05-05	4.13	3.53	4.34	3.76
1991-05-06	2.41	2.26	2.91	2.61
1991-05-07	4.8	4.81	5.36	5.25
1991-05-08	5.53	4.95	5.83	5.27
1991-05-09	2.88	2.7	3.42	3.19
1991-05-10	8.57	8.17	9.06	8.79
1991-05-11	10.13	9.44	10.29	9.64
1991-05-12	7.33	6.66	7.58	6.91
1991-05-13	8.5	8.09	8.88	8.6
1991-05-14	2.96	2.45	3.27	2.58
1991-05-15	2.16	1.4	2.3	1.48
1991-05-16	2.68	2.14	2.96	2.34
1991-05-17	3.14	2.76	3.51	3.02
1991-05-18	4.71	4.78	5.36	5.35
1991-05-19	9.53	9.21	9.98	9.64
1991-05-20	7.02	6.45	7.28	6.65
1991-05-21	7.54	6.9	7.8	7.17
1991-05-22	6.91	6.16	7.07	6.3
1991-05-23	4.49	3.84	4.72	3.99
1991-05-24	5.1	4.49	5.34	4.7
1991-05-25	5.87	5.37	6.15	5.6
1991-05-26	5.71	5.05	5.95	5.31
1991-05-27	6.36	6	6.74	6.37
1991-05-28	9.26	8.63	9.51	8.87
1991-05-29	9.38	8.73	9.63	8.98
1991-05-30	10.66	9.96	10.91	10.26
1991-05-31	6.66	5.96	6.87	6.16
1991-06-01	6.26	5.69	6.57	5.93
1991-06-02	6.58	5.95	6.85	6.16
1991-06-03	5.91	5.52	6.32	5.84
1991-06-04	5.97	5.63	6.39	5.89
1991-06-05	6.83	6.41	7.22	6.71
1991-06-06	9.51	9.05	9.84	9.31
1991-06-07	9.59	9.19	9.94	9.47
1991-06-08	8.86	8.43	9.15	8.58
1991-06-09	10.84	10.28	11.04	10.43
1991-06-10	9.3	8.89	9.65	9.15
1991-06-11	7.01	6.42	7.33	6.69
1991-06-12	9.41	9.21	9.87	9.59
1991-06-13	7.02	6.65	7.46	7.01
1991-06-14	9.89	9.56	10.35	10.05
1991-06-15	10.3	9.96	10.7	10.27
1991-06-16	11.38	10.5	11.56	10.81
1991-06-17	10.69	10.3	11.02	10.6
1991-06-18	10.98	10.69	11.35	10.94
1991-06-19	9.8	9.04	10.01	9.23
1991-06-20	11.43	10.68	11.6	10.87
1991-06-21	11.95	11.26	12.15	11.47
1991-06-22	11.91	11.31	12.17	11.57
1991-06-23	13.43	12.78	13.64	12.96
1991-06-24	12.37	11.92	12.65	12.13
1991-06-25	12.45	11.97	12.86	12.46
1991-06-26	11.82	11.27	12.1	11.53
1991-06-27	11.28	10.68	11.6	11.03
1991-06-28	12.21	11.94	12.62	12.24
1991-06-29	10.05	9.55	10.39	9.77
1991-06-30	11.13	10.6	11.52	10.95
1991-07-01	12.17	11.69	12.54	11.88
1991-07-02	14.89	14.61	15.37	14.97
1991-07-03	16.73	15.97	17	16.26
1991-07-04	17.14	16.47	17.48	16.75
1991-07-05	18.56	17.82	18.84	18.02
1991-07-06	20.12	19.34	20.31	19.54
1991-07-07	20.57	19.69	20.75	19.86
1991-07-08	18.71	18.42	19.12	18.76
1991-07-09	22.3	21.7	22.5	21.81
1991-07-10	17.68	16.8	17.77	16.79
1991-07-11	14.74	14.23	15.21	14.57
1991-07-12	15.75	15.56	16.33	16.03
1991-07-13	16.95	16.33	17.2	16.4
1991-07-14	14.44	13.84	14.71	13.87
1991-07-15	12.61	11.99	12.94	12.16
1991-07-16	13.3	12.56	13.58	12.84
1991-07-17	14.18	13.56	14.42	13.63
1991-07-18	15.92	15.21	16.12	15.3
1991-07-19	14.35	13.86	14.75	14.08
1991-07-20	14.04	13.64	14.47	13.85
1991-07-21	15.26	14.61	15.57	14.69
1991-07-22	13.55	12.73	13.77	12.84
1991-07-23	12.93	12.19	13.17	12.24
1991-07-24	14.57	13.89	14.85	14.06
1991-07-25	13.3	12.86	13.71	13.05
1991-07-26	11.3	10.59	11.58	10.66
1991-07-27	14.6	14.08	14.95	14.22
1991-07-28	19.25	18.83	19.7	19.09
1991-07-29	19.79	19.22	20.07	19.5
1991-07-30	20.48	20.27	20.98	20.57
1991-07-31	18.11	17.9	18.6	18.21
1991-08-01	18.12	17.92	18.63	18.17
1991-08-02	18.95	18.49	19.31	18.63
1991-08-03	19.26	18.79	19.65	19.05
1991-08-04	17.68	17.15	18.02	17.32
1991-08-05	18.4	17.91	18.82	18.17
1991-08-06	17.18	16.53	17.45	16.54
1991-08-07	17.19	16.34	17.4	16.44
1991-08-08	16.18	15.29	16.33	15.33
1991-08-09	16.37	15.48	16.55	15.54
1991-08-10	14.32	13.49	14.56	13.55
1991-08-11	14.44	13.56	14.63	13.58
1991-08-12	12.32	11.47	12.52	11.53
1991-08-13	12	11.33	12.34	11.55
1991-08-14	13.67	13.03	14.02	13.34
1991-08-15	14.58	13.93	14.91	14.1
1991-08-16	13.75	12.94	13.96	12.88
1991-08-17	13.92	13.26	14.21	13.37
1991-08-18	12.89	12.37	13.27	12.44
1991-08-19	13.23	12.54	13.51	12.56
1991-08-20	13.1	12.44	13.43	12.56
1991-08-21	14.22	13.58	14.56	13.72
1991-08-22	16.23	15.83	16.75	16.06
1991-08-23	17.78	17.2	18.13	17.32
1991-08-24	16.41	15.79	16.69	15.79
1991-08-25	13.21	12.7	13.59	12.8
1991-08-26	14.34	13.96	14.81	14.14
1991-08-27	14.51	13.79	14.79	13.87
1991-08-28	11.6	10.9	11.92	10.99
1991-08-29	12.69	12.13	13.1	12.28
1991-08-30	12.96	12.29	13.35	12.49
1991-08-31	14.25	13.6	14.65	13.92
1991-09-01	17.01	16.8	17.5	17.22
1991-09-02	16.08	15.35	16.3	15.55
1991-09-03	16.83	16.16	17.08	16.42
1991-09-04	10.33	9.68	10.63	9.92
1991-09-05	7.29	6.56	7.46	6.62
1991-09-06	5.45	4.92	5.78	5.09
1991-09-07	6.39	5.76	6.65	5.87
1991-09-08	8.08	7.48	8.38	7.7
1991-09-09	9.71	9.15	10.03	9.4
1991-09-10	8.79	8.26	9.1	8.42
1991-09-11	5.69	5.34	6.12	5.54
1991-09-12	6.9	6.27	7.16	6.39
1991-09-13	6.65	6.09	6.96	6.24
1991-09-14	7.74	7.29	8.19	7.61
1991-09-15	11.84	11.38	12.2	11.59
1991-09-16	8.83	8.18	9.11	8.37
1991-09-17	5.85	5.54	6.31	5.82
1991-09-18	6.95	6.52	7.38	6.8
1991-09-19	7.62	7.11	7.98	7.36
1991-09-20	7.57	7.07	7.93	7.29
1991-09-21	6.25	5.82	6.65	6.09
1991-09-22	8.22	7.71	8.58	7.97
1991-09-23	9.28	8.74	9.56	8.88
1991-09-24	6.41	5.83	6.72	6.01
1991-09-25	9.91	9.32	10.21	9.5
1991-09-26	8.45	7.77	8.73	7.99
1991-09-27	6.02	5.53	6.4	5.78
1991-09-28	4.93	4.33	5.29	4.53
1991-09-29	4.75	3.94	4.97	4.03
1991-09-30	4.3	3.42	4.49	3.56
1991-10-01	5.43	4.51	5.62	4.66
1991-10-02	4.54	3.76	4.77	3.86
1991-10-03	4.69	3.98	4.95	4.05
1991-10-04	5.78	5.05	6.09	5.25
1991-10-05	7.18	6.53	7.52	6.75
1991-10-06	6.9	6.27	7.21	6.41
1991-10-07	5.28	4.58	5.58	4.57
1991-10-08	6.51	5.98	6.86	6.08
1991-10-09	7.89	7.4	8.33	7.61
1991-10-10	6.82	6.29	7.2	6.52
1991-10-11	6.37	6.03	6.95	6.4
1991-10-12	6.4	5.84	6.76	5.99
1991-10-13	5.01	4.62	5.56	4.85
1991-10-14	3.87	3.22	4.25	3.42
1991-10-15	5.35	4.64	5.61	4.79
1991-10-16	5.8	5.16	6.14	5.35
1991-10-17	6.97	6.39	7.29	6.52
1991-10-18	4.76	4.19	5.08	4.28
1991-10-19	0.46	-0.29	0.7	-0.2
1991-10-20	-3.38	-4.08	-3.09	-3.98
1991-10-21	-0.87	-1.43	-0.47	-1.35
1991-10-22	1.32	0.68	1.64	0.81
1991-10-23	0.68	0.1	1.05	0.25
1991-10-24	2.18	1.74	2.63	1.94
1991-10-25	5.05	4.52	5.37	4.6
1991-10-26	3.37	2.75	3.65	2.82
1991-10-27	0.9	0.18	1.14	0.23
1991-10-28	1.04	0.12	1.2	0.06
1991-10-29	1.57	0.76	1.83	0.8
1991-10-30	1.97	1.23	2.2	1.24
1991-10-31	1.77	1.14	2.05	1.22
1991-11-01	1.22	0.52	1.49	0.53
1991-11-02	2.32	1.62	2.63	1.69
1991-11-03	3.92	3.15	4.2	3.27
1991-11-04	3.07	2.34	3.32	2.37
1991-11-05	1.82	1.09	2.16	1.23
1991-11-06	0.71	-0.11	0.91	-0.1
1991-11-07	0.1	-0.6	0.39	-0.62
1991-11-08	-0.68	-1.42	-0.39	-1.36
1991-11-09	-0.84	-1.4	-0.44	-1.32
1991-11-10	-1.48	-2.13	-1.12	-2.08
1991-11-11	-1.57	-2.3	-1.29	-2.34
1991-11-12	-0.23	-0.79	0.22	-0.63
1991-11-13	1.23	0.59	1.56	0.64
1991-11-14	0.49	-0.17	0.84	-0.08
1991-11-15	-1.08	-1.88	-0.75	-1.7
1991-11-16	-3.13	-3.79	-2.78	-3.79
1991-11-17	-4.22	-5.24	-4.11	-5.48
1991-11-18	-3.52	-4.53	-3.34	-4.57
1991-11-19	-6.97	-7.82	-6.69	-7.7
1991-11-20	-4.52	-5.24	-4.23	-5.35
1991-11-21	-2.83	-3.39	-2.41	-3.36
1991-11-22	1.46	0.8	1.77	0.84
1991-11-23	2.62	2.11	2.99	2.13
1991-11-24	2.03	1.47	2.42	1.55
1991-11-25	3.05	2.43	3.45	2.59
1991-11-26	2.2	1.65	2.55	1.73
1991-11-27	1.56	0.82	1.96	1.12
1991-11-28	3.08	2.42	3.49	2.64
1991-11-29	1.39	0.64	1.67	0.71
1991-11-30	-0.31	-0.85	0.18	-0.58
1991-12-01	-0.52	-1.52	-0.16	-1.39
1991-12-02	-1.65	-2.54	-1.34	-2.64
1991-12-03	-1.69	-2.57	-1.36	-2.65
1991-12-04	-1.23	-2.02	-0.86	-2.04
1991-12-05	-2.07	-2.74	-1.62	-2.72
1991-12-06	-1.11	-1.62	-0.59	-1.55
1991-12-07	0.27	-0.44	0.65	-0.5
1991-12-08	-1.02	-1.85	-0.71	-2.02
1991-12-09	-2.4	-3.29	-2.09	-3.5
1991-12-10	-3	-3.91	-2.73	-4.14
1991-12-11	-3.21	-4.23	-3.13	-4.74
1991-12-12	-1.98	-2.86	-1.71	-3.06
1991-12-13	-0.72	-1.5	-0.39	-1.6
1991-12-14	-2.98	-3.78	-2.64	-3.88
1991-12-15	-3.08	-3.76	-2.63	-3.82
1991-12-16	-5.1	-6.06	-4.81	-6.31
1991-12-17	-1.52	-2.32	-1.16	-2.33
1991-12-18	-0.33	-1.14	0.01	-1.19
1991-12-19	-3.56	-4.33	-3.15	-4.37
1991-12-20	-1.98	-2.8	-1.64	-2.89
1991-12-21	-3.29	-4.18	-3	-4.26
1991-12-22	-7.21	-8.23	-6.96	-8.44
1991-12-23	-4.2	-5.16	-3.88	-5.18
1991-12-24	-9.7	-10.81	-9.49	-10.92
1991-12-25	-6.68	-7.59	-6.38	-7.74
1991-12-26	-3.56	-4.67	-3.33	-4.69
1991-12-27	-6.09	-7.02	-5.75	-7.09
1991-12-28	0.99	0.25	1.33	0.12
1991-12-29	-0.02	-0.82	0.28	-0.99
1991-12-30	-2.15	-3.07	-1.88	-3.16
1991-12-31	-5.02	-5.78	-4.61	-5.81
1992-01-01	0.76	0.15	1.1	0.12
1992-01-02	-3.61	-4.34	-3.14	-4.14
1992-01-03	-0.35	-0.99	0.04	-0.85
1992-01-04	-2.89	-3.66	-2.57	-3.58
1992-01-05	-3.64	-4.36	-3.38	-4.44
1992-01-06	-6.76	-7.76	-6.53	-7.71
1992-01-07	-4.44	-4.98	-4.01	-4.98
1992-01-08	-6.65	-7.35	-6.37	-7.34
1992-01-09	-9.22	-9.91	-8.81	-9.82
1992-01-10	-7.23	-7.58	-6.61	-7.43
1992-01-11	1.01	0.38	1.36	0.39
1992-01-12	-2.45	-3.13	-2.12	-3.14
1992-01-13	-5.04	-5.6	-4.53	-5.45
1992-01-14	2.5	2.08	2.87	2
1992-01-15	2.27	1.78	2.59	1.74
1992-01-16	-2.31	-2.98	-1.96	-2.8
1992-01-17	-6.38	-7.21	-6.15	-7.17
1992-01-18	-10.3	-11.56	-10.03	-11.29
1992-01-19	-8.37	-9.58	-8.15	-9.43
1992-01-20	-3.7	-4.3	-3.39	-4.38
1992-01-21	-0.05	-0.56	0.32	-0.67
1992-01-22	-4.18	-5.13	-4.05	-5.3
1992-01-23	-5.47	-6.3	-5.14	-6.31
1992-01-24	-6.22	-7.62	-6.15	-7.32
1992-01-25	-4.52	-5.53	-4.17	-5.2
1992-01-26	-1.49	-2.24	-1.28	-2.32
1992-01-27	3.39	2.8	3.64	2.66
1992-01-28	4.06	3.4	4.39	3.47
1992-01-29	2.56	1.97	2.91	1.99
1992-01-30	2.08	1.55	2.43	1.48
1992-01-31	-0.97	-1.5	-0.64	-1.68
1992-02-01	-1.98	-2.73	-1.75	-2.76
1992-02-02	-1.85	-2.53	-1.52	-2.52
1992-02-03	-0.5	-1.14	-0.13	-0.96
1992-02-04	-2.34	-3.07	-2.04	-2.94
1992-02-05	-3.94	-4.76	-3.72	-4.72
1992-02-06	-4.91	-5.64	-4.62	-5.55
1992-02-07	1.16	0.59	1.46	0.57
1992-02-08	0.45	-0.06	0.8	0.01
1992-02-09	-0.48	-0.89	-0.04	-0.74
1992-02-10	-0.22	-0.76	0.13	-0.69
1992-02-11	-0.95	-1.7	-0.73	-1.63
1992-02-12	-2.05	-2.88	-1.86	-2.82
1992-02-13	-3.23	-4.07	-2.97	-3.98
1992-02-14	-8.42	-9.26	-8.11	-9.06
1992-02-15	-10.7	-11.53	-10.43	-11.48
1992-02-16	-9.14	-9.92	-8.83	-9.84
1992-02-17	-7.88	-8.62	-7.53	-8.5
1992-02-18	-4.75	-5.38	-4.36	-5.27
1992-02-19	-3.36	-4	-2.99	-3.87
1992-02-20	-5.41	-5.81	-4.82	-5.43
1992-02-21	-3.24	-3.77	-2.82	-3.92
1992-02-22	-1.72	-2.27	-1.29	-2.16
1992-02-23	-0.25	-0.96	0.05	-0.84
1992-02-24	-1.94	-2.72	-1.68	-2.71
1992-02-25	-0.7	-1.7	-0.69	-1.96
1992-02-26	-1.05	-1.78	-0.72	-1.79
1992-02-27	-0.15	-0.77	0.25	-0.59
1992-02-28	0.6	0.06	1.09	0.33
1992-02-29	-0.29	-0.96	0.04	-0.89
1992-03-01	1.31	0.72	1.63	0.84
1992-03-02	1.66	1.02	2.01	1.23
1992-03-03	0.75	0.2	1.14	0.45
1992-03-04	-0.48	-1.1	-0.09	-0.95
1992-03-05	-0.06	-0.45	0.49	-0.21
1992-03-06	2.23	1.6	2.49	1.73
1992-03-07	2.1	1.39	2.35	1.56
1992-03-08	3.24	2.56	3.52	2.74
1992-03-09	2.47	1.91	2.84	2.09
1992-03-10	3.29	2.53	3.48	2.55
1992-03-11	1.85	1.04	2.06	1.11
1992-03-12	-1.09	-1.79	-0.81	-1.68
1992-03-13	-0.6	-1.26	-0.31	-1.17
1992-03-14	-2.54	-3.34	-2.34	-3.26
1992-03-15	-1.88	-2.72	-1.73	-2.67
1992-03-16	-1.31	-2.08	-1.03	-1.94
1992-03-17	1.07	0.4	1.41	0.6
1992-03-18	3.91	3.31	4.24	3.48
1992-03-19	3.92	3.08	4.08	3.14
1992-03-20	1.42	0.85	1.72	1
1992-03-21	0.74	0.23	1.06	0.31
1992-03-22	0.59	0.06	0.94	0.2
1992-03-23	0.75	0.22	1.11	0.39
1992-03-24	-2.46	-2.97	-2.06	-2.82
1992-03-25	-0.91	-1.41	-0.51	-1.24
1992-03-26	-1.29	-1.58	-0.79	-1.35
1992-03-27	-0.41	-0.91	-0.04	-0.75
1992-03-28	-1.09	-1.84	-0.83	-1.73
1992-03-29	-2.51	-3	-2.1	-2.8
1992-03-30	-3.21	-3.66	-2.77	-3.37
1992-03-31	-3.1	-3.7	-2.75	-3.46
1992-04-01	-3.6	-3.99	-3.23	-3.66
1992-04-02	-4.79	-5.45	-4.56	-5.2
1992-04-03	-1.91	-2.54	-1.63	-2.16
1992-04-04	-2.39	-2.74	-1.96	-2.38
1992-04-05	-3.23	-3.72	-2.94	-3.45
1992-04-06	-2.7	-3.21	-2.39	-2.88
1992-04-07	0.13	-0.44	0.37	-0.17
1992-04-08	-0.69	-1.54	-0.69	-1.47
1992-04-09	-0.3	-0.92	-0.24	-0.69
1992-04-10	1.09	0.92	1.53	1.33
1992-04-11	3.65	3.19	4.02	3.56
1992-04-12	0.48	0.27	0.9	0.62
1992-04-13	0.42	0.09	0.72	0.29
1992-04-14	-1.27	-1.57	-0.87	-1.25
1992-04-15	-2.68	-3.11	-2.32	-2.77
1992-04-16	-1.87	-2.24	-1.51	-1.9
1992-04-17	-0.02	-0.51	0.28	-0.25
1992-04-18	-0.06	-0.38	0.33	-0.08
1992-04-19	0.88	0.63	1.32	1.03
1992-04-20	1.76	1.11	1.95	1.33
1992-04-21	0.04	-0.32	0.38	0.01
1992-04-22	-1.29	-1.68	-0.91	-1.31
1992-04-23	-1.27	-1.68	-0.89	-1.27
1992-04-24	-1.62	-1.92	-1.2	-1.54
1992-04-25	0.15	-0.27	0.5	0.03
1992-04-26	2.64	2.19	3.08	2.79
1992-04-27	1.96	1.48	2.29	1.85
1992-04-28	5.38	4.88	5.67	5.28
1992-04-29	3.03	2.73	3.4	3.11
1992-04-30	4.86	4.18	5.13	4.57
1992-05-01	4.3	3.77	4.69	4.08
1992-05-02	5.23	4.55	5.53	4.84
1992-05-03	5.28	4.57	5.55	4.74
1992-05-04	7.96	7.38	8.24	7.57
1992-05-05	9.57	9.32	10.02	9.7
1992-05-06	8.74	7.94	8.91	8.16
1992-05-07	5.09	4.47	5.39	4.74
1992-05-08	4.25	3.44	4.47	3.69
1992-05-09	2.16	1.61	2.47	1.78
1992-05-10	3.17	2.65	3.44	2.84
1992-05-11	2.84	2.16	3.13	2.36
1992-05-12	4.27	3.79	4.65	4.06
1992-05-13	5.82	5.17	6.08	5.36
1992-05-14	8.09	8.04	8.75	8.6
1992-05-15	15.37	14.81	15.59	14.96
1992-05-16	8.96	8.17	9.16	8.36
1992-05-17	6.66	5.92	6.92	6.12
1992-05-18	11.68	10.92	11.92	11.16
1992-05-19	15.36	14.75	15.56	15.08
1992-05-20	13.75	13.2	14.03	13.56
1992-05-21	13.38	13.09	13.74	13.41
1992-05-22	11.24	11.16	11.75	11.58
1992-05-23	13.35	13.05	13.77	13.44
1992-05-24	13.38	12.81	13.62	13.08
1992-05-25	11.45	11.35	11.95	11.72
1992-05-26	14.22	14.14	14.71	14.54
1992-05-27	15.76	15.42	16.04	15.74
1992-05-28	15.34	15.24	15.78	15.65
1992-05-29	16.29	16.13	16.69	16.54
1992-05-30	16.9	16.59	17.22	17
1992-05-31	17.77	17.19	17.97	17.48
1992-06-01	15.77	15.64	16.27	16.16
1992-06-02	13.59	13.42	14.06	13.8
1992-06-03	13.87	13.71	14.35	14.1
1992-06-04	15.1	15.2	15.77	15.82
1992-06-05	18.86	18.37	19.08	18.74
1992-06-06	18.73	18.14	18.91	18.46
1992-06-07	20.27	19.64	20.43	19.96
1992-06-08	13.47	13.38	14.04	13.8
1992-06-09	13.8	13.5	14.19	13.77
1992-06-10	15.76	15.58	16.16	15.84
1992-06-11	16.95	16.67	17.3	16.91
1992-06-12	14.87	14.43	15.09	14.51
1992-06-13	14.41	14.02	14.68	14.1
1992-06-14	15.83	15.59	16.27	15.95
1992-06-15	16.53	16.05	16.88	16.45
1992-06-16	10.92	10.06	11.08	10.27
1992-06-17	10.83	10.05	11.06	10.3
1992-06-18	11.71	10.99	11.93	11.18
1992-06-19	13.42	12.95	13.72	13.17
1992-06-20	16.36	15.65	16.53	15.88
1992-06-21	9.1	8.23	9.27	8.44
1992-06-22	8.25	7.42	8.44	7.63
1992-06-23	10.47	9.61	10.67	9.84
1992-06-24	12.46	12.26	12.96	12.69
1992-06-25	14.26	14.14	14.79	14.59
1992-06-26	16.64	16.58	17.17	17.07
1992-06-27	18.26	17.74	18.55	18.1
1992-06-28	12.18	11.31	12.3	11.43
1992-06-29	14.37	13.73	14.73	14.18
1992-06-30	14.11	13.21	14.24	13.48
1992-07-01	10.94	10.38	11.19	10.56
1992-07-02	11.22	10.61	11.53	10.82
1992-07-03	10.74	10.06	10.98	10.19
1992-07-04	11.2	10.49	11.41	10.6
1992-07-05	14.1	13.56	14.3	13.73
1992-07-06	15.52	14.79	15.7	15.02
1992-07-07	13.32	12.66	13.56	12.83
1992-07-08	17.36	16.69	17.58	16.92
1992-07-09	12.47	11.9	12.73	12.04
1992-07-10	13.02	12.23	13.31	12.54
1992-07-11	13	12.57	13.33	12.78
1992-07-12	14.04	13.71	14.41	13.95
1992-07-13	14.97	14.54	15.38	14.78
1992-07-14	12.94	12.38	13.2	12.41
1992-07-15	10.71	10	10.87	9.96
1992-07-16	11.44	10.83	11.76	11.03
1992-07-17	12.57	12.13	12.97	12.45
1992-07-18	12.26	11.9	12.71	12.14
1992-07-19	12.76	12.27	13.09	12.49
1992-07-20	13.68	13.49	14.24	13.89
1992-07-21	15.35	15.17	15.92	15.67
1992-07-22	16.75	16.28	17.14	16.56
1992-07-23	14.25	13.7	14.6	13.94
1992-07-24	14.68	14.37	15.19	14.77
1992-07-25	17.71	17.21	18.05	17.49
1992-07-26	17.9	17.63	18.39	17.97
1992-07-27	15.42	14.7	15.66	14.89
1992-07-28	13.36	12.77	13.65	12.88
1992-07-29	13.3	12.7	13.66	12.95
1992-07-30	13.97	13.24	14.28	13.55
1992-07-31	12.97	12.14	13.2	12.37
1992-08-01	12.46	11.84	12.77	12.12
1992-08-02	13.85	13.51	14.29	13.77
1992-08-03	16.2	15.6	16.46	15.76
1992-08-04	16.09	15.31	16.22	15.35
1992-08-05	15.13	14.43	15.34	14.57
1992-08-06	16.02	15.31	16.24	15.44
1992-08-07	13.51	12.79	13.82	13.01
1992-08-08	13.22	12.45	13.49	12.66
1992-08-09	12.55	12.23	13.02	12.57
1992-08-10	14.45	14.19	15.05	14.7
1992-08-11	15.04	14.33	15.3	14.57
1992-08-12	12.18	11.55	12.51	11.75
1992-08-13	12.89	12.35	13.25	12.56
1992-08-14	12.31	11.77	12.62	11.97
1992-08-15	12.47	11.85	12.75	11.99
1992-08-16	13.83	13.35	14.18	13.53
1992-08-17	12.39	11.86	12.71	11.98
1992-08-18	12.82	12.26	13.12	12.43
1992-08-19	11.21	10.66	11.52	10.79
1992-08-20	12.81	12.35	13.2	12.56
1992-08-21	11.03	10.66	11.45	10.86
1992-08-22	9.81	9.34	10.2	9.52
1992-08-23	10.63	10.03	10.97	10.23
1992-08-24	11.4	10.85	11.8	11.13
1992-08-25	9.66	8.92	9.83	8.98
1992-08-26	10.42	9.78	10.75	9.95
1992-08-27	11.09	10.4	11.33	10.57
1992-08-28	11.64	11.1	12.02	11.34
1992-08-29	13.44	12.91	13.76	13.03
1992-08-30	12.84	12.23	13.18	12.49
1992-08-31	11.08	10.51	11.41	10.62
1992-09-01	10.86	10.32	11.18	10.46
1992-09-02	12.36	11.68	12.64	11.88
1992-09-03	11.21	10.77	11.59	10.98
1992-09-04	8.26	7.66	8.58	7.78
1992-09-05	5.13	4.62	5.51	4.81
1992-09-06	6.95	6.39	7.33	6.52
1992-09-07	6.96	6.25	7.23	6.37
1992-09-08	8.3	7.5	8.5	7.57
1992-09-09	9.66	9	9.95	9.18
1992-09-10	12.25	11.81	12.66	12.06
1992-09-11	11.92	11.68	12.48	12
1992-09-12	11.39	10.97	11.83	11.13
1992-09-13	9.56	8.97	9.88	9.11
1992-09-14	9.53	8.93	9.87	9.11
1992-09-15	10.58	9.95	10.85	10.04
1992-09-16	9.5	8.88	9.77	8.98
1992-09-17	9.05	8.31	9.26	8.42
1992-09-18	8.16	7.57	8.52	7.79
1992-09-19	8.62	7.91	8.89	8.18
1992-09-20	8.13	7.5	8.42	7.7
1992-09-21	7.71	7.07	8.08	7.36
1992-09-22	9.95	9.47	10.33	9.68
1992-09-23	10.76	10.22	11.12	10.45
1992-09-24	10.25	9.64	10.53	9.77
1992-09-25	10.82	10.26	11.14	10.43
1992-09-26	10	9.45	10.32	9.63
1992-09-27	8.96	8.25	9.21	8.4
1992-09-28	7.33	6.64	7.61	6.78
1992-09-29	6.7	6.09	7.04	6.3
1992-09-30	6.25	5.57	6.54	5.71
1992-10-01	7.23	6.92	7.65	7.09
1992-10-02	6.84	6.51	7.25	6.61
1992-10-03	7.34	6.84	7.64	6.94
1992-10-04	6.51	6.08	6.94	6.24
1992-10-05	6.24	5.83	6.62	5.86
1992-10-06	6.56	5.89	6.74	5.81
1992-10-07	6.29	5.79	6.59	5.84
1992-10-08	8.28	7.66	8.56	7.84
1992-10-09	3.22	2.79	3.61	2.94
1992-10-10	3.22	2.7	3.54	2.81
1992-10-11	1.33	0.83	1.66	0.95
1992-10-12	-0.89	-1.33	-0.53	-1.28
1992-10-13	-1.47	-2.04	-1.18	-2.04
1992-10-14	0.43	-0.13	0.74	-0.08
1992-10-15	-0.8	-1.6	-0.61	-1.55
1992-10-16	-2.1	-3.09	-2	-3.08
1992-10-17	-4.61	-5.32	-4.35	-5.2
1992-10-18	-5.38	-6.09	-5.08	-6.01
1992-10-19	0.14	-0.23	0.62	-0.09
1992-10-20	-3.25	-4	-2.96	-3.71
1992-10-21	-8.56	-9.94	-8.5	-9.69
1992-10-22	-10.04	-11.6	-9.93	-11.3
1992-10-23	-5.76	-6.89	-5.46	-6.55
1992-10-24	-1.19	-1.64	-0.8	-1.57
1992-10-25	-1.45	-1.96	-1.01	-1.77
1992-10-26	-2.13	-2.72	-1.71	-2.49
1992-10-27	-1.72	-2.19	-1.27	-2.08
1992-10-28	-3.74	-4.33	-3.39	-4.16
1992-10-29	-5.96	-6.64	-5.68	-6.51
1992-10-30	-12.88	-13.73	-12.61	-13.7
1992-10-31	-9.62	-10.02	-8.9	-9.73
1992-11-01	-2.75	-3.2	-2.16	-2.87
1992-11-02	-0.21	-0.82	0.24	-0.54
1992-11-03	-0.54	-1.28	-0.26	-1.12
1992-11-04	-3.88	-4.6	-3.58	-4.58
1992-11-05	-5.61	-6.51	-5.3	-6.28
1992-11-06	-1.11	-1.7	-0.77	-1.6
1992-11-07	-2.75	-3.41	-2.41	-3.22
1992-11-08	-4.98	-5.73	-4.69	-5.78
1992-11-09	-3.97	-4.6	-3.39	-4.21
1992-11-10	-0.18	-0.74	0.12	-0.72
1992-11-11	1.18	0.65	1.52	0.73
1992-11-12	-0.05	-0.64	0.26	-0.56
1992-11-13	-3.25	-3.8	-2.98	-3.91
1992-11-14	-3.45	-3.94	-3.13	-3.97
1992-11-15	-2.12	-2.88	-1.92	-2.9
1992-11-16	-3.39	-4.09	-3.1	-4
1992-11-17	-5.79	-6.48	-5.46	-6.34
1992-11-18	-2.11	-2.82	-1.77	-2.66
1992-11-19	-1.19	-1.77	-0.87	-1.66
1992-11-20	-2.86	-3.67	-2.65	-3.59
1992-11-21	-4.88	-5.62	-4.65	-5.61
1992-11-22	-10.99	-11.47	-10.43	-11.1
1992-11-23	-11.86	-12.58	-11.46	-12.32
1992-11-24	-1.75	-2.52	-1.55	-2.53
1992-11-25	-1.85	-2.55	-1.56	-2.6
1992-11-26	0.18	-0.35	0.54	-0.22
1992-11-27	-0.52	-1.12	-0.19	-1.05
1992-11-28	-1	-1.66	-0.75	-1.72
1992-11-29	-1.65	-2.74	-1.56	-2.79
1992-11-30	-2.78	-3.42	-2.46	-3.35
1992-12-01	2.57	2	2.93	1.91
1992-12-02	2.19	1.53	2.55	1.52
1992-12-03	1.67	0.98	2.01	0.92
1992-12-04	-0.06	-0.72	0.3	-0.78
1992-12-05	-2.4	-3.29	-2.11	-3.29
1992-12-06	-1.12	-1.9	-0.76	-1.87
1992-12-07	-4.01	-5.15	-3.77	-5.03
1992-12-08	-5.25	-6.28	-4.88	-6.12
1992-12-09	-5.18	-6.01	-4.6	-5.59
1992-12-10	-2.64	-3.37	-2.19	-3.24
1992-12-11	-0.23	-1.04	0.07	-1.19
1992-12-12	-7.57	-8.52	-7.26	-8.62
1992-12-13	-8.2	-8.91	-7.71	-8.69
1992-12-14	-6.14	-6.93	-5.77	-6.98
1992-12-15	0.35	-0.22	0.98	0.13
1992-12-16	1.81	1.29	2.33	1.4
1992-12-17	-0.57	-1.42	-0.28	-1.47
1992-12-18	0.13	-0.44	0.55	-0.44
1992-12-19	1.07	0.41	1.37	0.26
1992-12-20	-4.9	-5.86	-4.79	-6.18
1992-12-21	-8.14	-9.46	-8.02	-9.99
1992-12-22	-10.4	-11.97	-10.58	-12.5
1992-12-23	-6.56	-7.84	-6.57	-8.49
1992-12-24	-4.69	-5.74	-4.41	-5.68
1992-12-25	-2.16	-2.97	-1.76	-2.97
1992-12-26	-0.83	-1.58	-0.55	-1.72
1992-12-27	-5.03	-5.93	-4.85	-6.29
1992-12-28	0.85	0.1	1.1	-0.07
1992-12-29	-0.39	-1.07	-0.02	-1.09
1992-12-30	-4.04	-4.59	-3.55	-4.73
1992-12-31	-2.82	-3.34	-2.39	-3.45
1993-01-01	-2.22	-2.68	-1.82	-2.54
1993-01-02	-1.52	-2.05	-1.2	-1.98
1993-01-03	-1.76	-2.29	-1.37	-2.12
1993-01-04	-5.7	-6.25	-5.42	-6.3
1993-01-05	-6.05	-6.5	-5.71	-6.48
1993-01-06	0.4	-0.18	0.7	-0.1
1993-01-07	-2.26	-2.87	-1.94	-2.94
1993-01-08	-1.53	-2.01	-1.19	-1.95
1993-01-09	-1.33	-1.92	-1.04	-1.84
1993-01-10	-2.11	-2.78	-1.82	-2.7
1993-01-11	-1.29	-1.89	-1	-1.81
1993-01-12	-4.54	-5.43	-4.28	-5.23
1993-01-13	-3.6	-4.38	-3.25	-4.1
1993-01-14	-3.46	-4.26	-3.12	-3.98
1993-01-15	-3.23	-3.89	-2.93	-3.78
1993-01-16	0.26	-0.37	0.53	-0.31
1993-01-17	-0.12	-0.64	0.23	-0.51
1993-01-18	-0.47	-1.07	-0.16	-0.94
1993-01-19	-7.52	-8.51	-7.23	-8.22
1993-01-20	-4.5	-5.07	-4.05	-4.82
1993-01-21	-0.25	-0.8	0.09	-0.68
1993-01-22	-1.54	-2.07	-1.15	-1.85
1993-01-23	-6.63	-7.48	-6.43	-7.53
1993-01-24	-8.2	-9.17	-7.89	-9
1993-01-25	-8.82	-9.48	-8.38	-9.34
1993-01-26	-9.33	-10	-9.11	-10.18
1993-01-27	-6.92	-7.44	-6.52	-7.39
1993-01-28	-10.38	-10.96	-9.92	-10.73
1993-01-29	-14.72	-15.92	-14.52	-15.91
1993-01-30	-9.57	-10.37	-9.19	-10.19
1993-01-31	-2.1	-2.71	-1.85	-2.77
1993-02-01	2.53	1.89	2.8	2.02
1993-02-02	-0.74	-1.45	-0.42	-1.22
1993-02-03	-0.2	-0.79	0.18	-0.5
1993-02-04	0.96	0.41	1.35	0.71
1993-02-05	-2.93	-3.63	-2.69	-3.54
1993-02-06	-3.84	-4.6	-3.57	-4.43
1993-02-07	-4.1	-4.84	-3.88	-4.77
1993-02-08	3.21	2.78	3.49	2.81
1993-02-09	2.4	1.91	2.71	2.07
1993-02-10	-0.83	-1.09	-0.3	-0.81
1993-02-11	-1.22	-1.89	-0.95	-1.8
1993-02-12	-0.43	-1.2	-0.3	-1.3
1993-02-13	-0.91	-1.7	-0.75	-1.73
1993-02-14	-1.11	-1.47	-0.7	-1.4
1993-02-15	-0.24	-0.8	0.04	-0.73
1993-02-16	-2.65	-3.48	-2.46	-3.39
1993-02-17	-4.94	-5.64	-4.65	-5.53
1993-02-18	-4.79	-5.47	-4.48	-5.28
1993-02-19	-5.7	-6.13	-5.24	-5.82
1993-02-20	-13.27	-13.96	-12.83	-13.67
1993-02-21	-14.67	-15.42	-14.35	-15.22
1993-02-22	-11.81	-12.67	-11.57	-12.53
1993-02-23	-11.28	-12.5	-11.11	-12.4
1993-02-24	-9.98	-10.49	-9.43	-10.32
1993-02-25	-5.57	-5.85	-5.07	-5.63
1993-02-26	-3.61	-3.77	-3.12	-3.65
1993-02-27	-3.17	-3.77	-2.85	-3.61
1993-02-28	-5.62	-6.2	-5.24	-6.02
1993-03-01	-8.32	-8.81	-7.8	-8.63
1993-03-02	-7.36	-8.05	-7.13	-8.28
1993-03-03	-4.4	-5.08	-4.1	-5.01
1993-03-04	-3.49	-3.87	-2.98	-3.67
1993-03-05	-1.42	-1.71	-0.86	-1.4
1993-03-06	-2.54	-2.98	-2.07	-2.73
1993-03-07	-6.47	-6.98	-5.97	-6.72
1993-03-08	-1.15	-1.51	-0.67	-1.31
1993-03-09	1.39	0.83	1.76	1.02
1993-03-10	-3.53	-4.08	-3.16	-3.96
1993-03-11	-3	-3.52	-2.68	-3.55
1993-03-12	-0.64	-1.09	-0.26	-1.05
1993-03-13	2.47	2.05	2.92	2.13
1993-03-14	2.59	2.1	3.08	2.25
1993-03-15	2.57	1.93	2.84	1.96
1993-03-16	1.58	1.19	2.14	1.53
1993-03-17	1.26	0.77	1.67	1.03
1993-03-18	0.87	0.34	1.21	0.57
1993-03-19	-0.69	-1.34	-0.35	-1.13
1993-03-20	0.41	-0.13	0.83	0.05
1993-03-21	3.24	2.66	3.55	2.88
1993-03-22	1.3	0.65	1.52	0.84
1993-03-23	0.68	0.09	1.01	0.24
1993-03-24	-1.25	-2.26	-1.11	-2.14
1993-03-25	-1.56	-2.46	-1.45	-2.39
1993-03-26	-2.33	-3.4	-2.38	-3.27
1993-03-27	-3.34	-4.78	-3.67	-4.63
1993-03-28	-3.22	-4.12	-3.2	-3.95
1993-03-29	-2.78	-3.48	-2.37	-3.27
1993-03-30	-1.9	-2.6	-1.66	-2.45
1993-03-31	-0.19	-0.66	0.16	-0.5
1993-04-01	0.1	-0.31	0.52	0.02
1993-04-02	-0.29	-0.85	0.04	-0.54
1993-04-03	-0.33	-0.72	0.14	-0.3
1993-04-04	-0.98	-1.52	-0.65	-1.24
1993-04-05	-1.21	-1.79	-0.95	-1.56
1993-04-06	-0.26	-0.67	0.08	-0.37
1993-04-07	-1.35	-1.76	-0.99	-1.54
1993-04-08	-3.94	-4.64	-3.81	-4.54
1993-04-09	-3.27	-3.83	-3.09	-3.64
1993-04-10	-1.5	-1.95	-1.22	-1.72
1993-04-11	-1.41	-1.91	-1.17	-1.72
1993-04-12	-0.14	-0.57	0.13	-0.34
1993-04-13	-0.32	-0.93	-0.15	-0.77
1993-04-14	-0.59	-1.17	-0.43	-0.97
1993-04-15	0.19	-0.13	0.61	0.21
1993-04-16	3.46	2.95	3.78	3.22
1993-04-17	2.61	1.92	2.88	2.2
1993-04-18	1.92	1.26	2.17	1.47
1993-04-19	0.09	-0.42	0.42	-0.17
1993-04-20	0.45	-0.03	0.81	0.28
1993-04-21	2.54	2.14	2.93	2.48
1993-04-22	6.99	6.3	7.28	6.6
1993-04-23	8.93	8.29	9.16	8.55
1993-04-24	9.87	9.37	10.2	9.68
1993-04-25	12.81	12.26	13.06	12.55
1993-04-26	8.94	8.87	9.49	9.38
1993-04-27	12.23	12.13	12.71	12.7
1993-04-28	6.79	6.11	7.1	6.46
1993-04-29	9.58	9.35	10.08	9.76
1993-04-30	11.89	11.72	12.41	12.25
1993-05-01	10.94	10.99	11.6	11.53
1993-05-02	10.07	10.26	10.86	10.95
1993-05-03	10.6	10.54	11.19	11.08
1993-05-04	6.11	4.91	5.97	4.79
1993-05-05	5.28	4.83	5.63	5.06
1993-05-06	5.63	5.05	5.86	5.08
1993-05-07	8.69	8.61	9.19	8.94
1993-05-08	8.3	7.45	8.51	7.6
1993-05-09	8.39	7.83	8.64	8.03
1993-05-10	11.16	10.22	11.21	10.3
1993-05-11	11.81	10.95	11.88	11.15
1993-05-12	8.54	7.71	8.71	8.14
1993-05-13	2.35	1.53	2.57	1.71
1993-05-14	6.1	5.62	6.49	5.96
1993-05-15	11.01	10.89	11.58	11.42
1993-05-16	10.66	10.23	11.02	10.54
1993-05-17	11.28	10.4	11.39	10.47
1993-05-18	13.8	13.41	14.18	13.73
1993-05-19	14.96	14.65	15.32	14.88
1993-05-20	14.89	14.42	15.1	14.57
1993-05-21	13.19	13.1	13.7	13.46
1993-05-22	12.79	12.95	13.41	13.42
1993-05-23	17.93	17.32	18.15	17.51
1993-05-24	12.16	11.03	12.2	11.16
1993-05-25	6.56	5.57	6.62	5.58
1993-05-26	6.06	5.12	6.17	5.14
1993-05-27	5.64	4.79	5.83	4.91
1993-05-28	6.1	5.79	6.61	6.12
1993-05-29	5.45	5.21	5.99	5.5
1993-05-30	5.68	5.32	6.12	5.66
1993-05-31	6.92	6.54	7.42	6.9
1993-06-01	10.99	10.54	11.29	10.77
1993-06-02	5.24	4.45	5.43	4.55
1993-06-03	5.21	4.62	5.47	4.73
1993-06-04	9.83	9.24	10.15	9.52
1993-06-05	9	8.89	9.66	9.5
1993-06-06	10.16	9.59	10.52	9.9
1993-06-07	9.85	9.11	10.08	9.3
1993-06-08	9.27	8.61	9.54	8.83
1993-06-09	12.12	11.78	12.55	12.19
1993-06-10	10.85	10.68	11.36	11.03
1993-06-11	8.37	8.11	8.8	8.35
1993-06-12	7.74	7.3	8.09	7.51
1993-06-13	6.01	5.52	6.41	5.83
1993-06-14	8.67	7.97	8.94	8.23
1993-06-15	8.18	7.76	8.5	8.01
1993-06-16	9.22	8.8	9.61	9.13
1993-06-17	7.84	7.25	8.21	7.5
1993-06-18	8.98	8.24	9.25	8.52
1993-06-19	11.03	10.51	11.36	10.8
1993-06-20	11.8	11.47	12.18	11.74
1993-06-21	9.87	9.08	10.15	9.37
1993-06-22	7.72	6.98	7.86	6.95
1993-06-23	9.25	8.7	9.57	8.87
1993-06-24	8.6	7.86	8.84	8.04
1993-06-25	10.41	10.04	10.83	10.32
1993-06-26	12.28	11.89	12.62	12.11
1993-06-27	12.99	12.46	13.2	12.54
1993-06-28	14.39	13.63	14.55	13.78
1993-06-29	11.75	11.06	11.98	11.21
1993-06-30	15.53	15.21	15.92	15.56
1993-07-01	14.12	14.13	14.73	14.55
1993-07-02	14.57	14.16	14.96	14.55
1993-07-03	13.44	12.68	13.68	12.93
1993-07-04	13.33	12.69	13.63	13.05
1993-07-05	11.49	10.78	11.78	10.99
1993-07-06	11.02	10.2	11.25	10.41
1993-07-07	9.39	8.56	9.59	8.68
1993-07-08	11.82	11.05	12.04	11.24
1993-07-09	12.86	12.17	13.13	12.37
1993-07-10	15.28	14.55	15.51	14.72
1993-07-11	13.59	13.19	13.98	13.44
1993-07-12	15.7	15.25	15.97	15.37
1993-07-13	14.21	13.8	14.56	13.96
1993-07-14	15.1	14.58	15.43	14.81
1993-07-15	15.97	15.56	16.32	15.74
1993-07-16	17.36	16.71	17.63	16.95
1993-07-17	16.49	15.73	16.71	15.97
1993-07-18	16.07	15.46	16.34	15.77
1993-07-19	14.7	14.12	14.99	14.26
1993-07-20	15.15	14.83	15.56	15.12
1993-07-21	15.51	15.05	15.8	15.25
1993-07-22	14.92	14.52	15.24	14.61
1993-07-23	14.17	13.8	14.57	14.01
1993-07-24	15.43	14.99	15.79	15.24
1993-07-25	13.11	12.58	13.48	12.86
1993-07-26	13.23	12.67	13.56	12.85
1993-07-27	11.88	11.2	12.17	11.3
1993-07-28	13.52	12.98	13.87	13.17
1993-07-29	14.06	13.52	14.43	13.82
1993-07-30	14.33	13.83	14.69	14.05
1993-07-31	14.48	14.13	14.98	14.49
1993-08-01	15.06	14.36	15.25	14.34
1993-08-02	14.77	14.3	15.18	14.59
1993-08-03	15.28	14.71	15.6	14.89
1993-08-04	15.06	14.36	15.34	14.51
1993-08-05	14.48	13.7	14.68	13.85
1993-08-06	14.74	14.16	15.04	14.36
1993-08-07	13.75	13.3	14.14	13.49
1993-08-08	13.72	13.39	14.18	13.67
1993-08-09	13.82	13.19	14.15	13.34
1993-08-10	13.88	13.35	14.25	13.5
1993-08-11	13.61	13	13.92	13.13
1993-08-12	12.67	12.04	12.95	12.13
1993-08-13	10.4	9.67	10.66	9.77
1993-08-14	12.3	11.7	12.67	11.93
1993-08-15	13.49	12.98	13.95	13.23
1993-08-16	11.14	10.5	11.45	10.62
1993-08-17	10.73	10.05	11	10.16
1993-08-18	10.3	9.64	10.62	9.83
1993-08-19	12	11.29	12.25	11.39
1993-08-20	11.33	10.81	11.71	11.06
1993-08-21	10.48	9.86	10.83	10.06
1993-08-22	9.77	9.2	10.14	9.46
1993-08-23	9.75	9.12	10.05	9.26
1993-08-24	9.91	9.27	10.2	9.37
1993-08-25	10.1	9.36	10.34	9.45
1993-08-26	9.77	9.01	9.99	9.07
1993-08-27	10.37	9.67	10.63	9.75
1993-08-28	10.25	9.73	10.64	9.93
1993-08-29	9.53	9.02	9.94	9.27
1993-08-30	8.77	8.27	9.17	8.43
1993-08-31	8.42	7.93	8.82	8.12
1993-09-01	9.94	9.45	10.3	9.63
1993-09-02	9.69	9.2	10.08	9.46
1993-09-03	9.41	8.79	9.68	8.96
1993-09-04	8.51	7.76	8.66	7.8
1993-09-05	8.69	7.94	8.9	8.07
1993-09-06	8.05	7.43	8.35	7.6
1993-09-07	7.13	6.53	7.45	6.71
1993-09-08	7.66	7.12	8.01	7.25
1993-09-09	8.21	7.84	8.65	8.13
1993-09-10	8.62	8.2	9.03	8.41
1993-09-11	8.09	7.67	8.46	7.8
1993-09-12	6.28	5.76	6.61	5.89
1993-09-13	4.68	4.15	5.04	4.29
1993-09-14	4.72	4.06	5.01	4.09
1993-09-15	4.52	3.81	4.79	3.97
1993-09-16	4.59	3.92	4.87	4.08
1993-09-17	4.43	3.76	4.73	3.9
1993-09-18	4.48	3.77	4.75	3.87
1993-09-19	5.31	4.68	5.65	4.88
1993-09-20	6.35	5.66	6.73	5.9
1993-09-21	8.29	7.73	8.63	7.92
1993-09-22	8.8	8.24	9.19	8.55
1993-09-23	7.35	6.78	7.7	7.02
1993-09-24	6.68	6.25	7.11	6.56
1993-09-25	6.17	5.66	6.56	5.89
1993-09-26	5.21	4.58	5.55	4.78
1993-09-27	5.72	5.16	6.1	5.35
1993-09-28	5.4	4.62	5.58	4.77
1993-09-29	4.62	3.94	4.88	4.05
1993-09-30	4.53	3.89	4.81	4.02
1993-10-01	3.48	2.9	3.79	3.04
1993-10-02	4.12	3.47	4.38	3.58
1993-10-03	5.06	4.53	5.39	4.71
1993-10-04	6.97	6.4	7.28	6.61
1993-10-05	8.04	7.53	8.33	7.68
1993-10-06	6.81	6.33	7.17	6.57
1993-10-07	6.8	5.98	7.07	6.42
1993-10-08	3.89	3.24	4.22	3.58
1993-10-09	3.68	3.07	3.99	3.35
1993-10-10	3.52	2.86	3.78	3.02
1993-10-11	1.01	0.48	1.39	0.7
1993-10-12	2.54	1.76	2.79	2
1993-10-13	2.27	1.59	2.53	1.77
1993-10-14	-1.13	-1.76	-0.85	-1.66
1993-10-15	-2.16	-2.86	-1.88	-2.81
1993-10-16	-1.86	-2.53	-1.56	-2.38
1993-10-17	-1.15	-1.65	-0.79	-1.46
1993-10-18	1.36	0.86	1.7	1.02
1993-10-19	4.68	4.03	4.91	4.15
1993-10-20	2.77	2.06	2.98	2.16
1993-10-21	-1.75	-2.26	-1.31	-1.97
1993-10-22	-3.2	-3.97	-2.97	-3.9
1993-10-23	-2.26	-2.74	-1.89	-2.59
1993-10-24	1	0.51	1.38	0.7
1993-10-25	0.71	0.31	1.16	0.58
1993-10-26	3.86	3.66	4.47	4.09
1993-10-27	4.91	4.37	5.19	4.52
1993-10-28	3.14	2.54	3.43	2.76
1993-10-29	-0.1	-0.54	0.31	-0.37
1993-10-30	0.61	0.16	0.98	0.31
1993-10-31	1.27	0.82	1.64	1.01
1993-11-01	-0.09	-0.78	0.19	-0.87
1993-11-02	-0.79	-1.51	-0.49	-1.53
1993-11-03	-1.77	-2.17	-1.2	-1.99
1993-11-04	-2.26	-3.09	-1.99	-3.08
1993-11-05	-2.59	-3.5	-2.38	-3.47
1993-11-06	-3.27	-4.23	-3.03	-4.16
1993-11-07	-2.49	-3.35	-2.19	-3.31
1993-11-08	-2.5	-3.24	-2.12	-3.13
1993-11-09	-0.52	-1.23	-0.17	-1.18
1993-11-10	0.62	-0.04	0.97	0.02
1993-11-11	-0.07	-0.65	0.31	-0.6
1993-11-12	-0.69	-1.43	-0.39	-1.43
1993-11-13	1.01	0.41	1.38	0.49
1993-11-14	0.12	-0.56	0.44	-0.54
1993-11-15	-1.9	-2.61	-1.59	-2.7
1993-11-16	-3.62	-4.46	-3.35	-4.54
1993-11-17	-4.08	-5.22	-3.98	-5.49
1993-11-18	-4.77	-5.86	-4.64	-6.25
1993-11-19	-3.25	-4.09	-2.99	-4.21
1993-11-20	-4.65	-5.47	-4.38	-5.58
1993-11-21	-4.85	-5.76	-4.62	-5.79
1993-11-22	-3.69	-4.55	-3.41	-4.51
1993-11-23	-2.93	-3.76	-2.65	-3.7
1993-11-24	-4.79	-5.57	-4.48	-5.73
1993-11-25	-6.42	-7.1	-5.92	-7.06
1993-11-26	-7.24	-7.86	-6.66	-7.64
1993-11-27	-8.54	-9.35	-8.23	-9.3
1993-11-28	-7.89	-8.51	-7.37	-8.31
1993-11-29	-6.33	-6.69	-5.79	-6.58
1993-11-30	-4.88	-5.68	-4.65	-5.81
1993-12-01	-5.57	-6.22	-5.28	-6.41
1993-12-02	-2.79	-3.47	-2.55	-3.63
1993-12-03	-5.47	-5.78	-4.86	-5.72
1993-12-04	-2.24	-2.7	-1.69	-2.53
1993-12-05	-2.05	-2.64	-1.72	-2.69
1993-12-06	-3.11	-3.75	-2.82	-3.94
1993-12-07	-1.37	-2.11	-0.92	-1.79
1993-12-08	-3.11	-3.94	-2.8	-4.03
1993-12-09	-8.22	-9.13	-8	-9.38
1993-12-10	-12.35	-13.83	-12.38	-14.29
1993-12-11	-6.74	-8	-6.52	-7.77
1993-12-12	-6.68	-7.23	-6.26	-7.12
1993-12-13	-11.31	-12.08	-10.99	-12.15
1993-12-14	-18.33	-19.22	-17.88	-19.44
1993-12-15	-7.99	-8.44	-7.43	-8.32
1993-12-16	-2.89	-3.51	-2.51	-3.48
1993-12-17	-4.01	-4.73	-3.57	-4.45
1993-12-18	-9.17	-9.52	-8.45	-9.25
1993-12-19	1.85	1.47	2.32	1.53
1993-12-20	-3.45	-4.06	-3.18	-4.23
1993-12-21	-6.79	-7.55	-6.63	-7.95
1993-12-22	-13.97	-15.71	-14.13	-16.13
1993-12-23	-10.95	-12.36	-10.73	-12.4
1993-12-24	-5.3	-6.07	-4.99	-6.08
1993-12-25	-5.8	-6.66	-5.51	-6.6
1993-12-26	-7.51	-8.44	-7.25	-8.34
1993-12-27	-17.66	-18.5	-17.21	-18.39
1993-12-28	-12.23	-13.91	-12.3	-14.06
1993-12-29	-4.27	-4.99	-3.98	-5.03
1993-12-30	-3.04	-3.59	-2.68	-3.64
1993-12-31	-4.19	-4.56	-3.71	-4.61
1994-01-01	-11.01	-11.5	-10.72	-11.54
1994-01-02	-9.1	-9.57	-8.68	-9.3
1994-01-03	-14.45	-14.81	-13.92	-14.45
1994-01-04	-17.04	-17.47	-16.69	-17.72
1994-01-05	-7.19	-7.85	-6.98	-7.78
1994-01-06	-4.87	-5.41	-4.55	-5.17
1994-01-07	-3.41	-3.91	-3.1	-3.7
1994-01-08	-5.18	-5.82	-4.91	-5.6
1994-01-09	-10.86	-11.44	-10.45	-11.44
1994-01-10	-14.73	-15.73	-14.24	-15.18
1994-01-11	-12.5	-13.11	-11.92	-12.68
1994-01-12	-4.78	-5.43	-4.56	-5.35
1994-01-13	-2.14	-2.54	-1.78	-2.3
1994-01-14	-4.49	-5.11	-4.12	-4.8
1994-01-15	-8.47	-8.96	-8.12	-8.72
1994-01-16	-14.87	-15.56	-14.57	-15.34
1994-01-17	-15.54	-16.42	-15.32	-16.26
1994-01-18	-18.23	-18.96	-17.88	-18.82
1994-01-19	-10.3	-10.96	-10.1	-11.02
1994-01-20	-7.43	-8.07	-7.14	-7.84
1994-01-21	-0.25	-0.58	0.16	-0.32
1994-01-22	-3.35	-3.84	-2.99	-3.56
1994-01-23	-5.49	-6.04	-5.19	-5.85
1994-01-24	-7.81	-8.34	-7.55	-8.21
1994-01-25	-12.35	-13.09	-12.15	-13.11
1994-01-26	-6.64	-7.4	-6.45	-7.43
1994-01-27	-5.54	-6.19	-5.35	-6.12
1994-01-28	-14.65	-15.15	-14.3	-14.87
1994-01-29	-17.24	-17.88	-16.85	-17.6
1994-01-30	-10.23	-10.94	-10.01	-10.91
1994-01-31	-8.98	-9.48	-8.62	-9.24
1994-02-01	-11.61	-12.11	-11.23	-12.06
1994-02-02	-10.35	-10.95	-10.12	-10.88
1994-02-03	-13.98	-14.69	-13.63	-14.3
1994-02-04	-20	-20.9	-19.79	-20.7
1994-02-05	-21.95	-22.34	-21.34	-21.85
1994-02-06	-20.13	-20.07	-19.07	-19.02
1994-02-07	-17.15	-17.06	-16.29	-16.36
1994-02-08	-16.35	-16.47	-15.61	-15.87
1994-02-09	-11.88	-12.22	-11.22	-11.57
1994-02-10	-11.43	-11.85	-11.05	-11.48
1994-02-11	-12.86	-13.42	-12.62	-13.21
1994-02-12	-16.4	-16.88	-16.12	-16.75
1994-02-13	-15.17	-15.64	-14.84	-15.42
1994-02-14	-10.03	-10.92	-10.06	-11.01
1994-02-15	-9.6	-10.58	-9.68	-10.87
1994-02-16	-10.09	-10.78	-9.95	-10.76
1994-02-17	-8.69	-9.51	-8.7	-9.66
1994-02-18	-11.37	-12.18	-11.3	-12.03
1994-02-19	-12.65	-13.48	-12.55	-13.44
1994-02-20	-13.87	-14.68	-13.91	-14.73
1994-02-21	-15.66	-16.18	-15.39	-15.88
1994-02-22	-16.18	-16.49	-15.58	-16.05
1994-02-23	-16.67	-16.98	-16.27	-16.61
1994-02-24	-10.68	-10.99	-10.3	-10.62
1994-02-25	-9.89	-10.45	-9.7	-10.32
1994-02-26	-8	-8.54	-7.83	-8.49
1994-02-27	-11.55	-12	-11.26	-11.71
1994-02-28	-14.73	-15.15	-14.39	-14.91
1994-03-01	-15.23	-16.02	-15.12	-15.53
1994-03-02	-15.89	-16.12	-15.29	-15.63
1994-03-03	-12.85	-13.24	-12.42	-12.9
1994-03-04	-6.8	-7	-6.23	-6.51
1994-03-05	-0.8	-1.2	-0.41	-0.91
1994-03-06	-0.1	-0.53	0.29	-0.23
1994-03-07	-2.22	-2.89	-2.01	-2.73
1994-03-08	-0.43	-0.73	0.02	-0.36
1994-03-09	1.5	0.91	1.77	1.11
1994-03-10	-0.44	-1.06	-0.18	-0.82
1994-03-11	0.67	0.02	0.91	0.25
1994-03-12	0.77	0.25	1.07	0.45
1994-03-13	-1.15	-1.71	-0.88	-1.53
1994-03-14	-1.93	-2.42	-1.62	-2.2
1994-03-15	-3.1	-3.73	-2.81	-3.57
1994-03-16	-4.43	-4.87	-4.06	-4.69
1994-03-17	-5.23	-5.7	-4.83	-5.44
1994-03-18	-4.03	-4.66	-3.8	-4.56
1994-03-19	-5.64	-6.32	-5.45	-6.26
1994-03-20	-6.1	-6.93	-5.97	-6.83
1994-03-21	-6.77	-7.62	-6.66	-7.46
1994-03-22	-5.07	-5.67	-4.78	-5.37
1994-03-23	-0.51	-0.94	-0.12	-0.62
1994-03-24	-2.04	-2.6	-1.73	-2.33
1994-03-25	-5.01	-5.57	-4.69	-5.35
1994-03-26	-6.66	-7.24	-6.35	-7
1994-03-27	-3.1	-3.39	-2.64	-3.13
1994-03-28	-0.31	-0.74	0.05	-0.49
1994-03-29	0.52	0.05	0.88	0.29
1994-03-30	1.27	0.83	1.65	1.13
1994-03-31	1.67	1.32	2.07	1.58
1994-04-01	2.27	1.78	2.64	2.02
1994-04-02	3.28	2.7	3.61	2.9
1994-04-03	1.93	1.35	2.25	1.52
1994-04-04	1.26	0.74	1.64	0.96
1994-04-05	0.72	0.13	1.03	0.3
1994-04-06	1.56	1	1.86	1.08
1994-04-07	0.54	-0.12	0.8	0
1994-04-08	0.83	0.18	1.03	0.41
1994-04-09	0.69	0.43	1.27	0.82
1994-04-10	0.86	0.8	1.52	1.24
1994-04-11	2.56	2.19	3.21	2.58
1994-04-12	3.02	2.87	3.72	3.29
1994-04-13	2.85	2.47	3.29	2.66
1994-04-14	2.93	2.23	3.14	2.33
1994-04-15	2.37	1.67	2.56	1.76
1994-04-16	2.43	1.77	2.66	1.85
1994-04-17	1.05	0.25	1.18	0.27
1994-04-18	0.06	-0.64	0.24	-0.61
1994-04-19	0.04	-0.57	0.25	-0.55
1994-04-20	0.57	0.14	0.93	0.3
1994-04-21	3.19	2.73	3.51	3.01
1994-04-22	4.51	3.96	4.73	4.2
1994-04-23	6.43	5.86	6.64	6.21
1994-04-24	7.75	7.62	8.43	8.39
1994-04-25	7.48	7.27	7.97	7.74
1994-04-26	4.02	3.66	4.45	4.02
1994-04-27	10.02	9.23	10.13	9.36
1994-04-28	9.86	8.94	9.95	9.08
1994-04-29	8.76	7.77	8.87	7.97
1994-04-30	4.93	4.17	5.04	4.29
1994-05-01	2.04	1.29	2.24	1.49
1994-05-02	2.82	2.28	3.11	2.52
1994-05-03	5.79	5.37	6.19	5.68
1994-05-04	7.22	7.11	7.71	7.46
1994-05-05	7.23	7.13	7.73	7.52
1994-05-06	7.71	7.46	8.2	7.84
1994-05-07	8.68	8.53	9.22	9.01
1994-05-08	9.69	9.72	10.33	10.28
1994-05-09	9.38	9.55	10.04	10.12
1994-05-10	10.26	9.93	10.54	10.27
1994-05-11	10.28	10.06	10.69	10.55
1994-05-12	4.55	4.47	5.12	4.98
1994-05-13	3.54	3.39	4.1	3.93
1994-05-14	8.78	8.1	8.97	8.44
1994-05-15	5.12	4.5	5.27	4.66
1994-05-16	4.62	4.03	4.87	4.27
1994-05-17	3.49	3.16	3.89	3.55
1994-05-18	3.31	2.94	3.67	3.18
1994-05-19	3.58	3.06	3.92	3.44
1994-05-20	5.52	4.87	5.7	5.14
1994-05-21	4.5	4.05	4.78	4.3
1994-05-22	6.05	5.63	6.36	5.98
1994-05-23	6.47	5.79	6.69	6.05
1994-05-24	7.3	6.79	7.55	7.1
1994-05-25	7.97	7.09	8.04	7.38
1994-05-26	6.52	5.68	6.63	5.87
1994-05-27	6.43	5.6	6.55	5.73
1994-05-28	6.15	5.47	6.34	5.71
1994-05-29	5.33	4.72	5.51	4.89
1994-05-30	7.78	7.16	7.99	7.42
1994-05-31	7.93	7.27	8.16	7.62
1994-06-01	9.34	8.73	9.65	9.01
1994-06-02	8.95	8.6	9.4	8.96
1994-06-03	9.95	9.9	10.43	10.2
1994-06-04	9.09	8.79	9.51	9.03
1994-06-05	11.21	10.7	11.55	10.95
1994-06-06	10.99	10.48	11.26	10.67
1994-06-07	10.78	10.23	11.06	10.4
1994-06-08	10.85	10.18	11.11	10.37
1994-06-09	9.84	9.29	10.07	9.41
1994-06-10	11.23	10.61	11.44	10.72
1994-06-11	12.26	11.78	12.58	11.99
1994-06-12	12.09	11.5	12.45	11.78
1994-06-13	11.37	10.72	11.71	11.1
1994-06-14	12.15	11.37	12.35	11.6
1994-06-15	8.39	7.68	8.64	7.86
1994-06-16	7.38	6.68	7.57	6.76
1994-06-17	8.16	7.45	8.36	7.53
1994-06-18	9.71	9.3	10.11	9.59
1994-06-19	8.63	8.16	9.02	8.39
1994-06-20	11.08	10.41	11.31	10.5
1994-06-21	13.4	12.94	13.71	13.11
1994-06-22	8.56	7.87	8.76	7.93
1994-06-23	6.73	6.29	7.17	6.58
1994-06-24	9.93	9.34	10.22	9.52
1994-06-25	9.76	9.24	10.14	9.56
1994-06-26	13.35	13.1	13.86	13.59
1994-06-27	12.81	12.31	13.26	12.73
1994-06-28	15.33	14.74	15.61	15.03
1994-06-29	17.44	17.4	18.07	17.96
1994-06-30	15.36	14.57	15.55	14.8
1994-07-01	12.12	11.18	12.31	11.17
1994-07-02	14.98	14.24	15.28	14.41
1994-07-03	14.28	13.45	14.48	13.62
1994-07-04	12.27	11.98	12.77	12.22
1994-07-05	12.55	12.48	13.19	12.78
1994-07-06	17.71	17.24	18.03	17.41
1994-07-07	16.93	16.7	17.46	16.99
1994-07-08	19.32	18.62	19.55	18.86
1994-07-09	19.83	19.27	20.17	19.53
1994-07-10	20.62	20.12	21.05	20.37
1994-07-11	17.99	16.95	18.11	16.93
1994-07-12	20.04	19.81	20.71	20.24
1994-07-13	23.33	22.57	23.55	22.56
1994-07-14	20.09	19.9	20.67	20.21
1994-07-15	20.75	20.48	21.32	20.83
1994-07-16	16.92	15.73	16.95	15.62
1994-07-17	13.47	12.54	13.64	12.47
1994-07-18	13.22	12.28	13.38	12.17
1994-07-19	16.14	15.54	16.44	15.64
1994-07-20	15.96	15.32	16.31	15.44
1994-07-21	16.59	16.2	17.04	16.31
1994-07-22	17.47	17.4	18.17	17.83
1994-07-23	17.93	17	18.15	17.07
1994-07-24	16.83	16.07	17.09	16.17
1994-07-25	20.68	20.06	21.01	20.11
1994-07-26	23.7	22.98	23.89	22.92
1994-07-27	24.82	24.07	24.99	23.98
1994-07-28	24.05	23.09	24.14	23.1
1994-07-29	19.61	18.44	19.75	18.48
1994-07-30	15.45	14.56	15.67	14.55
1994-07-31	18.44	18.04	18.9	18.22
1994-08-01	18.78	18.65	19.34	19.05
1994-08-02	18.45	18.23	18.95	18.58
1994-08-03	18.24	17.78	18.55	17.92
1994-08-04	18.82	18.05	19.01	18.13
1994-08-05	21.76	21.01	21.92	21.12
1994-08-06	17.2	16.39	17.4	16.46
1994-08-07	15.08	14.29	15.28	14.39
1994-08-08	14.77	14.16	15.04	14.33
1994-08-09	14.65	13.89	14.83	13.97
1994-08-10	15.71	14.95	15.92	15.1
1994-08-11	15.12	14.76	15.58	15.01
1994-08-12	15.29	15.04	15.76	15.32
1994-08-13	15.33	15.02	15.79	15.27
1994-08-14	15.56	14.78	15.71	14.83
1994-08-15	13.64	12.71	13.74	12.74
1994-08-16	12.47	11.89	12.76	12.07
1994-08-17	12.59	12.05	12.97	12.28
1994-08-18	12.62	11.97	12.89	12.08
1994-08-19	12.09	11.47	12.4	11.57
1994-08-20	11.58	11.07	11.98	11.28
1994-08-21	12.93	12.33	13.26	12.56
1994-08-22	12.34	11.77	12.7	12.04
1994-08-23	12.69	12.13	13.05	12.42
1994-08-24	13.13	12.74	13.54	12.99
1994-08-25	13.87	13.5	14.32	13.72
1994-08-26	14.31	13.87	14.74	14.17
1994-08-27	13.65	13.09	14	13.28
1994-08-28	11.77	11.05	12.04	11.27
1994-08-29	10.88	10.2	11.17	10.45
1994-08-30	9.07	8.34	9.34	8.57
1994-08-31	9.72	9.15	10.15	9.46
1994-09-01	11.46	11.13	11.92	11.43
1994-09-02	11.35	11.04	11.78	11.23
1994-09-03	11.31	10.83	11.72	11.09
1994-09-04	10.89	10.45	11.25	10.61
1994-09-05	10.31	9.89	10.69	10.07
1994-09-06	10.38	9.84	10.76	10.06
1994-09-07	10	9.37	10.31	9.56
1994-09-08	10.95	10.46	11.37	10.81
1994-09-09	9.34	8.63	9.65	8.9
1994-09-10	10.97	10.49	11.33	10.64
1994-09-11	9.3	8.59	9.53	8.7
1994-09-12	10.49	10	10.9	10.26
1994-09-13	10.17	9.65	10.52	9.83
1994-09-14	9.19	8.8	9.62	9.06
1994-09-15	8.02	7.57	8.42	7.75
1994-09-16	9.56	8.34	9.56	8.49
1994-09-17	5.94	5.22	6.19	5.35
1994-09-18	5.88	5.16	6.13	5.33
1994-09-19	4.93	4.23	5.3	4.44
1994-09-20	5.83	4.89	6.05	4.96
1994-09-21	7.08	6.43	7.34	6.55
1994-09-22	8.79	8.34	9.21	8.41
1994-09-23	10.77	10.3	11.2	10.5
1994-09-24	10.5	9.88	10.83	10.15
1994-09-25	7.36	6.91	7.76	7.08
1994-09-26	6.85	6.06	7.01	6.07
1994-09-27	6.73	6.1	7.01	6.2
1994-09-28	5.74	5.08	6.01	5.22
1994-09-29	6.03	5.38	6.29	5.5
1994-09-30	5.96	5.27	6.2	5.36
1994-10-01	3.13	2.41	3.4	2.44
1994-10-02	2.57	1.9	2.91	1.93
1994-10-03	1.13	0.46	1.47	0.5
1994-10-04	1.34	0.59	1.61	0.58
1994-10-05	1.47	0.82	1.79	0.79
1994-10-06	4.35	3.78	4.7	3.83
1994-10-07	8.82	8.21	9.09	8.21
1994-10-08	7.34	6.66	7.7	6.83
1994-10-09	6.89	6.26	7.27	6.41
1994-10-10	4.1	3.18	4.35	3.24
1994-10-11	3.25	2.45	3.51	2.46
1994-10-12	4.58	3.91	4.89	3.99
1994-10-13	5.34	4.67	5.69	4.82
1994-10-14	7.75	7.09	8.06	7.18
1994-10-15	0.13	-0.58	0.49	-0.39
1994-10-16	-1.56	-2.37	-1.32	-2.25
1994-10-17	-0.12	-0.86	0.14	-0.8
1994-10-18	-0.72	-1.44	-0.42	-1.35
1994-10-19	-1.66	-2.45	-1.33	-2.25
1994-10-20	-0.29	-0.84	0.12	-0.76
1994-10-21	0.11	-0.4	0.54	-0.31
1994-10-22	1.33	0.67	1.65	0.73
1994-10-23	3.84	3.18	4.13	3.24
1994-10-24	5.63	5.07	5.97	5.2
1994-10-25	6.46	5.86	6.78	5.98
1994-10-26	5.11	4.72	5.52	4.87
1994-10-27	2.39	1.82	2.76	1.98
1994-10-28	1.18	0.59	1.52	0.65
1994-10-29	1.59	0.94	1.94	1.1
1994-10-30	2.64	1.87	2.95	2.06
1994-10-31	2.52	1.69	2.8	1.89
1994-11-01	1.75	0.96	1.97	1
1994-11-02	0.75	0.1	1.07	0.19
1994-11-03	-0.53	-1.19	-0.21	-1.09
1994-11-04	1.78	1.06	1.97	1.02
1994-11-05	2.15	1.6	2.4	1.51
1994-11-06	1.73	1.04	1.95	1.05
1994-11-07	0.93	0.27	1.26	0.35
1994-11-08	-0.36	-1.06	-0.09	-0.96
1994-11-09	-2.17	-2.94	-1.93	-2.84
1994-11-10	-6.07	-7.12	-5.87	-6.91
1994-11-11	-9.55	-10.51	-9.24	-10.37
1994-11-12	-8.62	-9.39	-8.13	-9.09
1994-11-13	-7.59	-8.5	-7.19	-8.19
1994-11-14	-2.77	-3.4	-2.34	-3.23
1994-11-15	-3.14	-4.05	-3.09	-4.25
1994-11-16	-2.31	-2.86	-1.91	-2.77
1994-11-17	-8.05	-8.44	-7.54	-8.2
1994-11-18	-6.93	-7.69	-6.72	-7.82
1994-11-19	-6.41	-7.1	-6.1	-7.15
1994-11-20	-1.55	-2.04	-1.04	-1.75
1994-11-21	-1.03	-1.7	-0.72	-1.6
1994-11-22	2.62	2.17	2.95	2.18
1994-11-23	3.92	3.39	4.21	3.54
1994-11-24	1.22	0.49	1.42	0.53
1994-11-25	-1.17	-1.86	-0.85	-1.73
1994-11-26	-0.95	-1.31	-0.37	-1.07
1994-11-27	0.88	0.45	1.25	0.45
1994-11-28	1.13	0.47	1.34	0.46
1994-11-29	-0.52	-1.23	-0.25	-1.08
1994-11-30	-2.26	-2.64	-1.57	-2.23
1994-12-01	-2.68	-3.69	-2.41	-3.71
1994-12-02	-4.35	-5.49	-4.2	-5.85
1994-12-03	-4.37	-5.09	-3.77	-4.77
1994-12-04	-4.41	-5.11	-4.01	-5.15
1994-12-05	-6.92	-8.3	-6.85	-8.44
1994-12-06	-1.46	-2.21	-0.99	-1.98
1994-12-07	0.44	-0.11	0.85	-0.16
1994-12-08	0.1	-0.45	0.49	-0.5
1994-12-09	0.25	-0.27	0.69	-0.28
1994-12-10	0.24	-0.3	0.7	-0.24
1994-12-11	-0.94	-1.81	-0.72	-1.86
1994-12-12	-2.1	-2.97	-1.89	-3.08
1994-12-13	-3.33	-4.13	-3.05	-4.23
1994-12-14	-2.19	-2.9	-1.86	-2.94
1994-12-15	-5.69	-6.72	-5.55	-6.74
1994-12-16	-4.26	-5.05	-3.99	-5.17
1994-12-17	-4.51	-5.46	-4.39	-5.81
1994-12-18	-1.33	-1.78	-0.88	-1.81
1994-12-19	-0.02	-0.49	0.42	-0.5
1994-12-20	0.32	-0.27	0.7	-0.3
1994-12-21	-2.56	-3.34	-2.26	-3.42
1994-12-22	-5.29	-6.21	-4.97	-6.38
1994-12-23	-1.89	-2.53	-1.52	-2.65
1994-12-24	0.54	-0.11	0.91	-0.09
1994-12-25	0.36	-0.27	0.77	-0.21
1994-12-26	0.36	-0.28	0.7	-0.29
1994-12-27	-1.58	-2.25	-1.21	-2.23
1994-12-28	-4.55	-5.68	-4.42	-5.8
1994-12-29	-3.51	-4.41	-3.16	-4.37
1994-12-30	-4.48	-5.53	-4.17	-5.48
1994-12-31	-6.7	-7.82	-6.41	-7.67
1995-01-01	-6.15	-7.11	-5.99	-7.06
1995-01-02	-9.78	-10.56	-9.49	-10.44
1995-01-03	-11.34	-12.13	-11	-12
1995-01-04	-8.38	-9.66	-8.12	-9.27
1995-01-05	-4.81	-5.37	-4.43	-5.2
1995-01-06	-6.87	-7.27	-6.42	-7.16
1995-01-07	-4.37	-4.79	-3.89	-4.57
1995-01-08	-1.46	-1.92	-0.97	-1.64
1995-01-09	-5.33	-5.85	-4.85	-5.69
1995-01-10	-2.91	-4.29	-3.06	-4.46
1995-01-11	-4.16	-5.23	-4.14	-5.36
1995-01-12	-7.4	-8.1	-7.08	-7.96
1995-01-13	-11.02	-11.36	-10.43	-11.13
1995-01-14	-0.66	-1.16	-0.24	-0.96
1995-01-15	-4.08	-4.61	-3.66	-4.6
1995-01-16	0.23	-0.19	0.65	-0.06
1995-01-17	0.05	-0.29	0.48	-0.21
1995-01-18	-1.45	-2.05	-1.17	-2.06
1995-01-19	-2.43	-3.09	-2.2	-3.15
1995-01-20	-2.35	-2.96	-2.09	-2.96
1995-01-21	-1.76	-2.3	-1.44	-2.25
1995-01-22	-1.91	-2.45	-1.58	-2.39
1995-01-23	-4.38	-5.04	-4.06	-4.87
1995-01-24	-11.22	-11.77	-10.7	-11.65
1995-01-25	-6.8	-7.39	-6.35	-7.26
1995-01-26	-7.59	-7.99	-7.12	-7.98
1995-01-27	-12.9	-13.61	-12.52	-13.41
1995-01-28	-16.19	-17.06	-15.96	-17.26
1995-01-29	-16.99	-18.32	-16.9	-18.54
1995-01-30	-13.91	-15.01	-13.78	-15.13
1995-01-31	-14.02	-14.83	-13.74	-14.84
1995-02-01	-5.81	-6.44	-5.39	-6.12
1995-02-02	-3.27	-3.92	-2.94	-3.73
1995-02-03	-3.41	-3.98	-3.06	-3.8
1995-02-04	1.36	0.74	1.63	0.88
1995-02-05	-0.28	-0.84	0.04	-0.66
1995-02-06	0.9	0.24	1.16	0.4
1995-02-07	-4.88	-5.59	-4.65	-5.54
1995-02-08	-7.1	-7.74	-6.83	-7.67
1995-02-09	-4.92	-5.57	-4.66	-5.49
1995-02-10	-3.91	-4.59	-3.7	-4.6
1995-02-11	-7.32	-7.97	-7.05	-8.02
1995-02-12	-6.51	-7.2	-6.18	-7.08
1995-02-13	-3.94	-4.51	-3.52	-4.32
1995-02-14	-2.09	-2.53	-1.49	-2.05
1995-02-15	0.39	-0.06	0.77	0.15
1995-02-16	0.66	0.19	1.02	0.38
1995-02-17	-0.45	-1.01	-0.11	-0.82
1995-02-18	-1.42	-2.1	-1.19	-2.01
1995-02-19	-3.68	-4.39	-3.39	-4.37
1995-02-20	-2.16	-2.85	-1.92	-2.77
1995-02-21	-5.13	-5.73	-4.61	-5.53
1995-02-22	-7.71	-8.44	-7.38	-8.23
1995-02-23	-0.17	-0.69	0.2	-0.45
1995-02-24	-1.48	-2.1	-1.21	-1.98
1995-02-25	-4.77	-5.52	-4.52	-5.47
1995-02-26	-5.44	-6.06	-5.15	-6.02
1995-02-27	-5.44	-6.05	-5.1	-5.92
1995-02-28	0.27	-0.31	0.64	-0.04
1995-03-01	-0.5	-1.22	-0.12	-0.94
1995-03-02	-3.15	-4.04	-2.73	-3.74
1995-03-03	-5.7	-6.65	-5.36	-6.42
1995-03-04	-3.06	-4.04	-2.88	-3.9
1995-03-05	-2.31	-3.06	-2.02	-2.92
1995-03-06	-2.31	-3.11	-2.06	-3
1995-03-07	-0.57	-1.27	-0.31	-1.16
1995-03-08	-1.1	-1.51	-0.62	-1.28
1995-03-09	-1.29	-1.92	-1.02	-1.85
1995-03-10	-2.13	-3.04	-2.09	-3.1
1995-03-11	-2.31	-2.7	-1.84	-2.34
1995-03-12	-0.54	-1.03	-0.18	-0.91
1995-03-13	2.75	2.18	3.03	2.26
1995-03-14	0.13	-0.39	0.42	-0.32
1995-03-15	-2.81	-3.49	-2.56	-3.44
1995-03-16	-1.11	-1.71	-0.81	-1.6
1995-03-17	-0.08	-0.63	0.24	-0.49
1995-03-18	0.05	-0.41	0.45	-0.19
1995-03-19	-0.54	-0.92	-0.13	-0.75
1995-03-20	-0.45	-0.94	-0.12	-0.82
1995-03-21	0.31	-0.34	0.58	-0.25
1995-03-22	1.39	0.78	1.67	0.88
1995-03-23	4.13	3.7	4.51	3.81
1995-03-24	0.51	0.11	0.93	0.29
1995-03-25	0.28	-0.22	0.68	0.03
1995-03-26	-0.12	-0.76	0.17	-0.61
1995-03-27	-3.99	-4.67	-3.71	-4.55
1995-03-28	-3.75	-4.33	-3.39	-4.14
1995-03-29	-1.91	-2.55	-1.61	-2.43
1995-03-30	-1.81	-2.38	-1.44	-2.2
1995-03-31	0.03	-0.41	0.44	-0.21
1995-04-01	2.05	1.39	2.34	1.64
1995-04-02	-0.45	-1.21	-0.22	-0.98
1995-04-03	-0.95	-1.7	-0.73	-1.51
1995-04-04	-0.88	-1.59	-0.66	-1.44
1995-04-05	-0.84	-1.46	-0.48	-1.22
1995-04-06	-1.55	-1.98	-1.11	-1.69
1995-04-07	-0.67	-1.18	-0.32	-0.94
1995-04-08	0.34	-0.28	0.6	-0.08
1995-04-09	-1.11	-1.82	-0.88	-1.63
1995-04-10	-0.58	-1.12	-0.16	-0.8
1995-04-11	-0.31	-0.41	0.34	0.09
1995-04-12	1.45	1.23	2.02	1.75
1995-04-13	3.57	3.2	3.99	3.5
1995-04-14	4.29	3.78	4.6	4.01
1995-04-15	2.14	1.71	2.47	1.88
1995-04-16	1.73	1.16	2	1.39
1995-04-17	1.08	0.61	1.44	0.87
1995-04-18	1.57	1.01	1.86	1.2
1995-04-19	1.9	1.35	2.23	1.61
1995-04-20	1.78	1.35	2.12	1.55
1995-04-21	3.36	2.75	3.61	2.9
1995-04-22	3.64	3.07	4	3.36
1995-04-23	3.91	3.45	4.26	3.72
1995-04-24	4.64	4.14	4.9	4.34
1995-04-25	1.72	1.17	2.04	1.4
1995-04-26	-0.16	-0.85	0.07	-0.76
1995-04-27	-0.38	-1.21	-0.23	-1.19
1995-04-28	-0.54	-1.18	-0.3	-1.05
1995-04-29	-0.48	-1	-0.17	-0.83
1995-04-30	-0.48	-0.8	-0.1	-0.65
1995-05-01	-0.99	-1.06	-0.5	-0.95
1995-05-02	5.29	4.6	5.43	4.73
1995-05-03	7.24	6.52	7.36	6.7
1995-05-04	7.9	7.01	7.95	7.11
1995-05-05	7.13	6.67	7.37	6.99
1995-05-06	6.78	6.2	6.97	6.4
1995-05-07	4.23	3.98	4.67	4.3
1995-05-08	2.39	2.1	2.88	2.46
1995-05-09	3.23	2.73	3.57	3.1
1995-05-10	0.72	0.24	1.12	0.57
1995-05-11	1.31	0.71	1.57	0.94
1995-05-12	1.1	0.68	1.47	1.01
1995-05-13	1.7	1.24	2.07	1.55
1995-05-14	0.89	0.25	1.13	0.44
1995-05-15	-0.59	-1.23	-0.32	-0.97
1995-05-16	1.77	1.02	1.93	1.18
1995-05-17	3.83	3.3	4.12	3.6
1995-05-18	3.49	2.52	3.56	2.64
1995-05-19	5.06	4.44	5.33	4.75
1995-05-20	7.26	6.87	7.69	7.31
1995-05-21	7.23	6.33	7.29	6.55
1995-05-22	8.12	7.48	8.27	7.67
1995-05-23	5.54	5.11	5.88	5.44
1995-05-24	5.38	5.2	5.91	5.77
1995-05-25	9.39	9.39	9.96	9.98
1995-05-26	10.09	9.77	10.48	10.11
1995-05-27	13.8	13.4	14.17	13.87
1995-05-28	13.64	13.75	14.24	14.4
1995-05-29	16.15	15.9	16.57	16.42
1995-05-30	17.19	17.13	17.62	17.71
1995-05-31	13.57	13.77	14.17	14.39
1995-06-01	12.74	12.61	13.25	12.92
1995-06-02	13.04	13.08	13.58	13.41
1995-06-03	12.81	12.81	13.38	13.17
1995-06-04	14.14	14.02	14.58	14.24
1995-06-05	13.69	13.58	14.23	14.02
1995-06-06	13.92	13.89	14.62	14.47
1995-06-07	13.14	13.13	13.78	13.61
1995-06-08	12.08	12.16	12.71	12.51
1995-06-09	13.71	13.07	13.95	13.14
1995-06-10	13.75	13.03	14.02	13.25
1995-06-11	10.35	9.37	10.48	9.52
1995-06-12	11.02	10.47	11.39	10.72
1995-06-13	13.7	13.27	14.06	13.45
1995-06-14	13.86	13.46	14.2	13.58
1995-06-15	14.15	13.76	14.55	13.97
1995-06-16	16.37	15.61	16.49	15.64
1995-06-17	13.91	13.3	14.14	13.42
1995-06-18	12.25	11.65	12.58	11.82
1995-06-19	11.26	10.6	11.54	10.73
1995-06-20	14.65	13.96	14.88	14.1
1995-06-21	12.04	11.07	12.17	11.16
1995-06-22	9.89	9.3	10.27	9.43
1995-06-23	13.92	13.07	14.1	13.12
1995-06-24	15.63	14.66	15.74	14.73
1995-06-25	17.48	16.56	17.59	16.71
1995-06-26	14.62	13.65	14.79	13.84
1995-06-27	12.92	11.99	13.11	12.14
1995-06-28	14.06	13.12	14.28	13.41
1995-06-29	10.26	9.3	10.47	9.5
1995-06-30	9.81	8.88	9.98	8.95
1995-07-01	9.43	8.76	9.66	8.81
1995-07-02	11.76	11.38	12.22	11.72
1995-07-03	13.11	12.48	13.37	12.67
1995-07-04	9.49	8.72	9.71	8.8
1995-07-05	8.91	8.25	9.25	8.52
1995-07-06	10.8	10.24	11.12	10.46
1995-07-07	15.85	15.27	16.17	15.54
1995-07-08	12.56	11.95	12.89	12.32
1995-07-09	10.42	9.68	10.68	9.95
1995-07-10	13.78	13.49	14.26	13.92
1995-07-11	14.78	14.02	15.05	14.29
1995-07-12	13.62	12.91	13.85	13.18
1995-07-13	14.84	14.33	15.03	14.51
1995-07-14	13.06	12.83	13.54	13.12
1995-07-15	12.17	11.98	12.67	12.25
1995-07-16	13.38	13.05	13.78	13.28
1995-07-17	12.29	11.94	12.81	12.3
1995-07-18	14.75	14.13	15.12	14.41
1995-07-19	14.04	13.29	14.28	13.46
1995-07-20	14.95	14.43	15.29	14.68
1995-07-21	16.01	15.37	16.29	15.6
1995-07-22	12.25	11.58	12.55	11.76
1995-07-23	12.83	12.17	13.14	12.37
1995-07-24	14.94	14.37	15.22	14.48
1995-07-25	12.94	12.21	13.19	12.36
1995-07-26	15.31	14.77	15.62	14.99
1995-07-27	19.77	19.13	19.98	19.29
1995-07-28	20.58	19.96	20.84	20.14
1995-07-29	19.4	19.03	19.72	19.18
1995-07-30	19.12	18.89	19.55	19.08
1995-07-31	19.15	18.87	19.51	19.09
1995-08-01	20.58	20.06	20.77	20.05
1995-08-02	20.25	20.11	20.73	20.35
1995-08-03	17.01	16.49	17.35	16.57
1995-08-04	13.31	12.66	13.62	12.81
1995-08-05	15.92	15.38	16.2	15.61
1995-08-06	13.31	12.71	13.66	12.88
1995-08-07	10.84	10.09	11.04	10.09
1995-08-08	10.65	9.93	10.9	10.02
1995-08-09	13.95	13.27	14.24	13.44
1995-08-10	14.43	13.78	14.73	13.93
1995-08-11	15.59	15.03	15.95	15.21
1995-08-12	16.34	15.98	16.76	16.3
1995-08-13	16.05	15.97	16.67	16.38
1995-08-14	13.3	12.81	13.7	12.96
1995-08-15	14.68	14.08	14.97	14.19
1995-08-16	17.33	16.71	17.62	16.78
1995-08-17	18.57	17.97	18.91	18.18
1995-08-18	19.09	18.4	19.34	18.62
1995-08-19	14.36	13.63	14.65	13.82
1995-08-20	12.04	11.32	12.3	11.41
1995-08-21	13.22	12.71	13.62	12.97
1995-08-22	18.42	17.68	18.65	17.97
1995-08-23	13.47	12.57	13.71	12.8
1995-08-24	12.89	12.22	13.29	12.44
1995-08-25	10.76	10.06	11.1	10.28
1995-08-26	8.27	7.6	8.6	7.66
1995-08-27	7.65	6.95	7.99	7.12
1995-08-28	8.53	7.83	8.81	7.9
1995-08-29	8.32	7.64	8.63	7.71
1995-08-30	9.34	8.68	9.64	8.73
1995-08-31	10.1	9.53	10.49	9.67
1995-09-01	11.6	11.13	11.97	11.28
1995-09-02	12.22	11.82	12.63	11.99
1995-09-03	13.13	12.52	13.37	12.53
1995-09-04	13.04	12.55	13.37	12.63
1995-09-05	12.3	11.86	12.69	12.01
1995-09-06	12.78	12.33	13.14	12.47
1995-09-07	13.09	12.58	13.41	12.72
1995-09-08	10.53	9.98	10.86	10.13
1995-09-09	9.3	8.64	9.57	8.8
1995-09-10	8.97	8.35	9.27	8.49
1995-09-11	8.78	8.24	9.16	8.44
1995-09-12	9.08	8.53	9.55	8.86
1995-09-13	9.99	9.39	10.35	9.62
1995-09-14	10.8	10.16	11.16	10.47
1995-09-15	7.78	7.14	8.13	7.3
1995-09-16	7.65	6.93	7.94	7.04
1995-09-17	7.74	7.12	8.09	7.27
1995-09-18	8.95	8.22	9.28	8.25
1995-09-19	9.23	8.41	9.45	8.4
1995-09-20	8.96	8.41	9.35	8.62
1995-09-21	8.89	8.31	9.26	8.42
1995-09-22	10.77	10.17	11.14	10.36
1995-09-23	8.2	7.48	8.55	7.74
1995-09-24	8.5	7.69	8.79	7.85
1995-09-25	6.17	5.54	6.48	5.63
1995-09-26	9.58	8.83	9.84	8.95
1995-09-27	6.59	5.87	6.84	5.89
1995-09-28	4.82	4.12	5.11	4.22
1995-09-29	4.67	3.88	4.9	3.98
1995-09-30	2.98	2.18	3.2	2.27
1995-10-01	1.21	0.48	1.48	0.53
1995-10-02	1.35	0.62	1.63	0.68
1995-10-03	5.21	4.64	5.58	4.82
1995-10-04	9.36	8.91	9.73	9.1
1995-10-05	10.77	10.42	11.2	10.68
1995-10-06	9.48	8.95	9.78	9.03
1995-10-07	9.33	8.79	9.66	8.96
1995-10-08	8.47	7.79	8.74	7.96
1995-10-09	11.31	10.76	11.68	11.02
1995-10-10	10.12	9.53	10.5	9.84
1995-10-11	8.31	7.67	8.6	7.79
1995-10-12	7.37	6.83	7.76	7.07
1995-10-13	6.89	6.18	7.13	6.24
1995-10-14	4.14	3.44	4.36	3.41
1995-10-15	3.62	2.96	3.92	3.06
1995-10-16	8.84	8.28	9.2	8.5
1995-10-17	9.67	9.07	9.98	9.25
1995-10-18	8.2	7.55	8.46	7.68
1995-10-19	6.36	5.73	6.63	5.85
1995-10-20	4.08	3.38	4.32	3.47
1995-10-21	1.06	0.41	1.37	0.5
1995-10-22	1.94	1.38	2.32	1.53
1995-10-23	5.15	4.5	5.57	4.92
1995-10-24	7.97	7.42	8.35	7.67
1995-10-25	5.89	5.52	6.44	6.01
1995-10-26	7.74	7.15	8.03	7.3
1995-10-27	8.17	7.62	8.46	7.76
1995-10-28	3.98	3.29	4.23	3.36
1995-10-29	1.39	0.68	1.68	0.76
1995-10-30	-0.3	-0.92	0.02	-0.9
1995-10-31	-3.46	-4.18	-3.13	-4.01
1995-11-01	-2.62	-3.17	-2.22	-3.12
1995-11-02	-2.17	-2.77	-1.77	-2.64
1995-11-03	-5.22	-6.04	-4.97	-6.01
1995-11-04	-5.91	-6.84	-5.7	-6.93
1995-11-05	-1.67	-2.39	-1.4	-2.47
1995-11-06	-0.65	-1.41	-0.38	-1.39
1995-11-07	-3.27	-4.04	-2.97	-4.13
1995-11-08	-3.69	-4.31	-3.23	-4.18
1995-11-09	-1.03	-1.7	-0.66	-1.57
1995-11-10	-4.4	-5.19	-4.08	-5.1
1995-11-11	-4.87	-5.5	-4.53	-5.46
1995-11-12	-1.47	-2.11	-1.24	-2.24
1995-11-13	2.3	1.66	2.57	1.69
1995-11-14	-0.65	-1.22	-0.29	-1.16
1995-11-15	-2.38	-3.01	-2.05	-2.9
1995-11-16	-7.65	-8.51	-7.34	-8.34
1995-11-17	-8.48	-9.33	-8.25	-9.28
1995-11-18	-6.93	-7.7	-6.65	-7.63
1995-11-19	-6.53	-7.25	-6.2	-7.11
1995-11-20	-7.37	-7.95	-6.96	-7.83
1995-11-21	-1.42	-1.87	-1.02	-1.94
1995-11-22	-1.33	-1.78	-0.86	-1.62
1995-11-23	-0.12	-0.53	0.35	-0.33
1995-11-24	0.19	-0.37	0.57	-0.2
1995-11-25	-0.85	-1.43	-0.47	-1.25
1995-11-26	-2.97	-3.83	-2.69	-3.62
1995-11-27	-10.08	-11.07	-9.82	-10.86
1995-11-28	-9.93	-10.58	-9.43	-10.34
1995-11-29	-7.24	-8.2	-7.11	-8.36
1995-11-30	-4.72	-5.58	-4.56	-5.71
1995-12-01	-2.9	-4.02	-3	-4.33
1995-12-02	-4.62	-5.11	-4.08	-4.73
1995-12-03	-8.05	-8.24	-7.42	-8.12
1995-12-04	-9.82	-10.32	-9.22	-10.2
1995-12-05	-12.16	-13.24	-11.98	-13.03
1995-12-06	-9.25	-10.06	-8.93	-9.85
1995-12-07	-6.39	-7.14	-6.06	-6.99
1995-12-08	-3.7	-4.44	-3.46	-4.41
1995-12-09	-4.28	-4.92	-3.9	-4.65
1995-12-10	-1.45	-2.14	-1.16	-2
1995-12-11	-1.04	-1.35	-0.55	-1.04
1995-12-12	0.51	0.05	0.9	0.23
1995-12-13	-6.18	-6.99	-5.99	-6.96
1995-12-14	-0.44	-1.05	-0.18	-0.98
1995-12-15	-0.42	-1.03	-0.13	-0.93
1995-12-16	-0.61	-1.34	-0.42	-1.35
1995-12-17	-3.63	-4.39	-3.35	-4.15
1995-12-18	-11.06	-11.59	-10.52	-11.19
1995-12-19	-12.14	-12.66	-11.63	-12.46
1995-12-20	-16.38	-17.11	-16.04	-16.93
1995-12-21	-13.01	-13.75	-12.7	-13.86
1995-12-22	-18.91	-19.81	-18.62	-20.12
1995-12-23	-23.47	-24.54	-23.04	-24.6
1995-12-24	-19.88	-20.67	-19.46	-20.52
1995-12-25	-15.97	-16.71	-15.71	-16.95
1995-12-26	-16.16	-16.93	-15.85	-16.96
1995-12-27	-15.78	-16.6	-15.44	-16.75
1995-12-28	-13.49	-14.22	-13.22	-14.69
1995-12-29	-15.18	-16.08	-15.09	-16.62
1995-12-30	-13.46	-14.43	-13.21	-14.43
1995-12-31	-14.19	-15.21	-13.98	-15.47
1996-01-01	-16.57	-17.74	-16.3	-17.69
1996-01-02	-17.72	-19.07	-17.81	-19.19
1996-01-03	-15.79	-16.4	-15.35	-16.18
1996-01-04	-12.91	-13.54	-12.54	-13.4
1996-01-05	-11.16	-11.65	-10.81	-11.63
1996-01-06	-9.92	-10.45	-9.6	-10.49
1996-01-07	-6.04	-6.51	-5.55	-6.33
1996-01-08	-3.78	-4.36	-3.47	-4.4
1996-01-09	-4.08	-4.39	-3.55	-4.24
1996-01-10	-1.81	-2.19	-1.38	-2.13
1996-01-11	-2.55	-3.03	-2.18	-3.02
1996-01-12	-2.25	-2.72	-1.85	-2.68
1996-01-13	-2.27	-2.8	-1.92	-2.79
1996-01-14	-1.05	-1.49	-0.48	-1.12
1996-01-15	-1.25	-1.77	-0.54	-1.14
1996-01-16	-2.87	-3.46	-2.45	-3.29
1996-01-17	-3.43	-4.39	-3.31	-4.47
1996-01-18	-5.49	-6.61	-5.36	-6.61
1996-01-19	-4.61	-5.14	-4.25	-5.16
1996-01-20	-7.3	-7.81	-6.86	-7.73
1996-01-21	-11.92	-12.81	-11.75	-12.86
1996-01-22	-14.94	-15.92	-14.79	-15.95
1996-01-23	-14.64	-15.78	-14.48	-15.65
1996-01-24	-9.04	-9.56	-8.57	-9.39
1996-01-25	-11.43	-12.08	-11	-11.92
1996-01-26	-14.97	-16.21	-14.86	-16.07
1996-01-27	-10.18	-11.03	-10	-10.98
1996-01-28	-1.75	-2.33	-1.48	-2.39
1996-01-29	-5.51	-6.1	-5.14	-5.98
1996-01-30	-4.8	-5.47	-4.61	-5.56
1996-01-31	-7.51	-8.15	-7.25	-8.33
1996-02-01	-6.4	-6.93	-6.17	-7.02
1996-02-02	-9.18	-9.73	-8.88	-9.66
1996-02-03	-7.34	-7.98	-7.05	-7.92
1996-02-04	-12.53	-13.28	-12.28	-13.17
1996-02-05	-17.43	-18.67	-17.4	-18.68
1996-02-06	-17.89	-19.14	-17.92	-19.62
1996-02-07	-15.77	-16.53	-15.47	-16.52
1996-02-08	-14.16	-15.08	-13.97	-14.9
1996-02-09	-16.02	-16.91	-15.81	-16.84
1996-02-10	-13.22	-13.77	-12.83	-13.67
1996-02-11	-10.3	-11.06	-10.13	-11.04
1996-02-12	-10.55	-11.28	-10.35	-11.24
1996-02-13	-12.41	-12.9	-12.03	-12.79
1996-02-14	-7.01	-7.61	-6.77	-7.59
1996-02-15	-3.27	-3.86	-3.04	-3.79
1996-02-16	-5.9	-6.42	-5.55	-6.2
1996-02-17	-16.19	-16.99	-15.95	-16.79
1996-02-18	-16.44	-17.39	-16.28	-17.18
1996-02-19	-14.17	-14.92	-13.94	-14.69
1996-02-20	-13.11	-13.54	-12.73	-13.1
1996-02-21	-15.66	-15.74	-14.96	-15.11
1996-02-22	-17.77	-18.1	-17.21	-17.57
1996-02-23	-12.49	-12.18	-11.64	-11.53
1996-02-24	-8.37	-8.13	-7.49	-7.5
1996-02-25	-9.83	-9.68	-9.06	-9.13
1996-02-26	-3.77	-4.3	-3.43	-4
1996-02-27	-0.69	-1.36	-0.48	-1.23
1996-02-28	-4.2	-4.81	-3.97	-4.59
1996-02-29	-2.08	-2.85	-1.93	-2.79
1996-03-01	-1.48	-2.29	-1.33	-2.19
1996-03-02	-6.24	-6.7	-5.69	-6.3
1996-03-03	-4.97	-5.25	-4.41	-4.91
1996-03-04	2.01	1.28	2.2	1.42
1996-03-05	-2.82	-3.53	-2.54	-3.32
1996-03-06	-0.39	-0.8	-0.05	-0.61
1996-03-07	0.37	-0.47	0.45	-0.51
1996-03-08	0.77	0.46	1.19	0.78
1996-03-09	-1.93	-2.21	-1.4	-1.69
1996-03-10	-1.72	-2.15	-1.23	-1.87
1996-03-11	-5.35	-5.82	-4.93	-5.6
1996-03-12	-6.39	-6.99	-6.11	-6.84
1996-03-13	-5.78	-6.49	-5.55	-6.36
1996-03-14	-5.19	-5.89	-4.94	-5.68
1996-03-15	-4.95	-5.64	-4.7	-5.47
1996-03-16	-2.35	-2.99	-2.12	-2.84
1996-03-17	-2.61	-3.25	-2.38	-3.1
1996-03-18	-3.59	-3.89	-3.03	-3.6
1996-03-19	-2.88	-3.47	-2.44	-3.18
1996-03-20	-3.28	-3.81	-3.02	-3.77
1996-03-21	-5.59	-6.1	-5.22	-5.84
1996-03-22	-6.52	-6.81	-6.09	-6.39
1996-03-23	-5.63	-6.03	-5.22	-5.73
1996-03-24	-5.31	-5.41	-4.73	-5.05
1996-03-25	-1.46	-2.1	-1.29	-2.01
1996-03-26	-2.39	-3.23	-2.28	-3.18
1996-03-27	-3.57	-4.21	-3.31	-3.95
1996-03-28	-4.03	-4.63	-3.79	-4.35
1996-03-29	-4.03	-4.65	-3.73	-4.4
1996-03-30	-3.48	-4.1	-3.24	-3.92
1996-03-31	-2.47	-3.13	-2.26	-3
1996-04-01	-3.3	-3.94	-3.04	-3.75
1996-04-02	-3.49	-4.12	-3.16	-3.87
1996-04-03	-0.08	-0.62	0.28	-0.42
1996-04-04	0.69	0.26	1.13	0.4
1996-04-05	1.79	1.15	2.2	1.47
1996-04-06	1.13	0.62	1.59	0.84
1996-04-07	2.52	1.89	2.68	2.23
1996-04-08	4.7	4.7	5.14	5.24
1996-04-09	1.96	1.78	2.46	2.26
1996-04-10	-2.73	-3.07	-2.35	-2.8
1996-04-11	-3.48	-3.92	-3.14	-3.71
1996-04-12	-1.68	-1.84	-1.21	-1.57
1996-04-13	2.53	2	2.76	2.27
1996-04-14	2.21	1.54	2.42	1.75
1996-04-15	3.26	2.56	3.38	2.72
1996-04-16	3.32	3.31	3.97	3.8
1996-04-17	7.23	6.72	7.53	6.93
1996-04-18	8	7.62	8.44	7.97
1996-04-19	7.12	6.43	7.31	6.58
1996-04-20	7.41	6.53	7.48	6.66
1996-04-21	6.9	6.28	7.1	6.4
1996-04-22	6.29	5.37	6.39	5.52
1996-04-23	1.17	0.57	1.43	0.69
1996-04-24	-0.97	-1.65	-0.68	-1.38
1996-04-25	-0.99	-1.4	-0.54	-1.06
1996-04-26	1.15	0.81	1.55	1.11
1996-04-27	3.92	3.52	4.3	3.9
1996-04-28	3.9	3.1	4.07	3.27
1996-04-29	1.17	0.64	1.49	0.92
1996-04-30	1.1	0.69	1.53	1.05
1996-05-01	2.64	2.12	3.03	2.57
1996-05-02	3.65	3.3	4.05	3.75
1996-05-03	3.6	3.13	3.91	3.42
1996-05-04	4.37	3.87	4.64	4.14
1996-05-05	3.71	3.51	4.16	3.86
1996-05-06	0.82	0.39	1.22	0.75
1996-05-07	2.28	1.51	2.48	1.8
1996-05-08	4.31	4.02	4.78	4.47
1996-05-09	4.02	3.28	4.22	3.51
1996-05-10	3.85	3.49	4.25	3.84
1996-05-11	6.21	5.77	6.53	6.1
1996-05-12	10.38	10.19	10.87	10.6
1996-05-13	12.35	12.42	12.88	12.9
1996-05-14	6.82	6.46	7.2	6.88
1996-05-15	0.45	-0.19	0.68	-0.02
1996-05-16	-0.45	-1.03	-0.05	-0.76
1996-05-17	-0.04	-0.67	0.24	-0.45
1996-05-18	0.92	0.24	1.08	0.45
1996-05-19	1.99	1.55	2.32	1.84
1996-05-20	4.18	3.82	4.54	4.1
1996-05-21	5.61	5.39	5.98	5.72
1996-05-22	7.07	7.1	7.59	7.5
1996-05-23	10.39	10.2	10.76	10.63
1996-05-24	10.67	10.22	10.89	10.5
1996-05-25	6.04	5.83	6.64	6.51
1996-05-26	7.88	7.37	8.16	7.73
1996-05-27	8.56	7.74	8.68	8.01
1996-05-28	7.95	7.18	8.02	7.39
1996-05-29	8.97	8.22	9.02	8.3
1996-05-30	10.74	10.09	10.96	10.34
1996-05-31	11.32	10.88	11.58	11.19
1996-06-01	12.22	11.7	12.46	11.78
1996-06-02	12.15	11.49	12.31	11.53
1996-06-03	13.15	12.47	13.28	12.59
1996-06-04	12.82	12.14	12.95	12.18
1996-06-05	14.28	13.66	14.53	13.88
1996-06-06	15	14.17	15.11	14.28
1996-06-07	12.6	11.92	12.88	12.2
1996-06-08	15.39	15.09	15.94	15.63
1996-06-09	14.17	13.66	14.49	14.06
1996-06-10	15.42	15.61	16.17	16.31
1996-06-11	17.1	16.28	17.26	16.55
1996-06-12	13.48	12.78	13.73	12.98
1996-06-13	10.35	9.52	10.53	9.65
1996-06-14	9.71	8.89	9.9	9
1996-06-15	10.32	9.46	10.52	9.63
1996-06-16	10.85	9.99	11.01	10.16
1996-06-17	10.14	9.8	10.55	10.11
1996-06-18	8.58	8.15	9.05	8.53
1996-06-19	7.6	7.19	8	7.36
1996-06-20	7.57	7.25	8.03	7.42
1996-06-21	9.9	9.65	10.31	9.84
1996-06-22	9.77	9.66	10.33	9.99
1996-06-23	11.47	10.68	11.67	10.77
1996-06-24	10.11	9.33	10.31	9.41
1996-06-25	11.55	11.02	11.84	11.23
1996-06-26	11.79	11.96	12.54	12.52
1996-06-27	10.51	10.06	10.86	10.25
1996-06-28	11.54	10.92	11.84	11.23
1996-06-29	12.71	12.27	13.16	12.7
1996-06-30	10.9	10.59	11.35	10.9
1996-07-01	12.16	11.74	12.51	11.9
1996-07-02	11.67	11.21	12.11	11.48
1996-07-03	12.29	11.75	12.61	11.98
1996-07-04	12.73	12.3	13.17	12.58
1996-07-05	13.12	12.58	13.5	12.81
1996-07-06	13	12.56	13.36	12.76
1996-07-07	13.93	13.31	14.19	13.36
1996-07-08	13.54	12.99	13.87	13.18
1996-07-09	13.95	13.54	14.33	13.75
1996-07-10	11.22	10.62	11.55	10.77
1996-07-11	15.54	14.99	15.87	15.28
1996-07-12	14.77	13.78	14.86	13.96
1996-07-13	14.43	13.79	14.68	13.91
1996-07-14	13.27	12.51	13.49	12.57
1996-07-15	12.46	11.71	12.7	11.84
1996-07-16	11.95	11.17	12.17	11.29
1996-07-17	10.64	9.96	10.94	10.14
1996-07-18	11.26	10.94	11.69	11.1
1996-07-19	13.32	12.81	13.66	12.99
1996-07-20	13.47	13.11	13.88	13.36
1996-07-21	13.72	13.44	14.23	13.77
1996-07-22	15.45	15.19	15.94	15.56
1996-07-23	17.32	17.02	17.82	17.43
1996-07-24	18.41	17.63	18.57	17.73
1996-07-25	16.68	15.86	16.87	15.98
1996-07-26	14.83	14.01	15.03	14.23
1996-07-27	12.58	12.05	12.89	12.13
1996-07-28	12.3	11.64	12.64	11.82
1996-07-29	12.33	11.61	12.64	11.8
1996-07-30	11.6	10.87	11.89	11.05
1996-07-31	13.75	13.2	14.09	13.38
1996-08-01	14.84	14.09	15.05	14.15
1996-08-02	12.51	11.65	12.71	11.69
1996-08-03	11.09	10.22	11.3	10.32
1996-08-04	14.13	13.29	14.34	13.41
1996-08-05	15.81	15.28	16.1	15.47
1996-08-06	16.13	15.68	16.49	15.85
1996-08-07	14.72	14.19	15.02	14.31
1996-08-08	14.52	13.96	14.83	14.11
1996-08-09	15.02	14.55	15.38	14.71
1996-08-10	16.18	15.71	16.59	15.93
1996-08-11	16.5	16.06	16.88	16.25
1996-08-12	16.62	16.32	17.11	16.6
1996-08-13	17.28	16.81	17.68	16.98
1996-08-14	17.24	16.73	17.63	16.9
1996-08-15	17.45	17.05	17.82	17.19
1996-08-16	17.47	17.14	17.98	17.47
1996-08-17	20.17	19.44	20.38	19.52
1996-08-18	18.44	18.01	18.89	18.34
1996-08-19	20.69	19.9	20.89	19.96
1996-08-20	21.02	20.21	21.19	20.27
1996-08-21	20.28	19.73	20.59	19.95
1996-08-22	15.39	14.93	15.92	15.31
1996-08-23	15.26	14.59	15.59	14.85
1996-08-24	16.04	15.57	16.45	15.81
1996-08-25	16.51	15.92	16.9	16.14
1996-08-26	16.14	15.41	16.4	15.49
1996-08-27	15.23	14.54	15.54	14.63
1996-08-28	15.44	14.64	15.66	14.75
1996-08-29	15.13	14.43	15.42	14.52
1996-08-30	15.95	15.22	16.26	15.36
1996-08-31	13.8	12.98	14.05	13.06
1996-09-01	13.32	12.59	13.58	12.7
1996-09-02	14.88	14.37	15.23	14.5
1996-09-03	12.35	11.6	12.61	11.77
1996-09-04	10.61	9.92	10.89	10.04
1996-09-05	9.33	8.68	9.65	8.8
1996-09-06	8.59	7.99	8.93	8.15
1996-09-07	8.78	8.36	9.25	8.57
1996-09-08	8.76	8.14	9.1	8.28
1996-09-09	7.94	7.24	8.2	7.32
1996-09-10	6.61	5.94	6.91	6.1
1996-09-11	5.89	5.21	6.2	5.37
1996-09-12	6.12	5.52	6.49	5.72
1996-09-13	6.69	6.09	7.07	6.34
1996-09-14	7.45	6.96	7.85	7.16
1996-09-15	8.91	8.25	9.2	8.41
1996-09-16	8.52	8.05	8.95	8.25
1996-09-17	8.11	7.82	8.6	7.95
1996-09-18	9.55	8.9	9.88	9.09
1996-09-19	7.26	6.77	7.68	7.01
1996-09-20	6.24	5.56	6.53	5.69
1996-09-21	7.09	6.24	7.26	6.25
1996-09-22	8.09	7.41	8.4	7.54
1996-09-23	7.97	7.31	8.34	7.54
1996-09-24	7.82	7.34	8.27	7.51
1996-09-25	6.14	5.16	6.16	5.13
1996-09-26	6.09	5.25	6.27	5.22
1996-09-27	7.58	6.93	7.87	6.97
1996-09-28	7.98	7.43	8.35	7.58
1996-09-29	7.8	7.26	8.15	7.38
1996-09-30	7.64	7.08	8.01	7.25
1996-10-01	6.87	6.24	7.19	6.38
1996-10-02	5.58	4.92	5.84	4.92
1996-10-03	5.8	5.15	6.05	5.15
1996-10-04	6.26	5.57	6.53	5.69
1996-10-05	6.17	5.51	6.48	5.67
1996-10-06	7.59	6.91	7.88	7.08
1996-10-07	10.75	10.21	11.05	10.36
1996-10-08	7.74	7.05	7.99	7.16
1996-10-09	7.47	6.77	7.71	6.86
1996-10-10	4.41	3.65	4.66	3.76
1996-10-11	4.62	3.93	4.89	3.99
1996-10-12	7.7	6.94	7.91	7.06
1996-10-13	2.19	1.54	2.49	1.73
1996-10-14	1.57	0.84	1.88	0.98
1996-10-15	4.78	4.12	5.1	4.27
1996-10-16	4.52	4	4.92	4.25
1996-10-17	5.66	5.12	6.04	5.39
1996-10-18	6.3	5.85	6.72	6.16
1996-10-19	5.52	4.96	5.89	5.22
1996-10-20	4.88	4.46	5.32	4.76
1996-10-21	3.72	3.33	4.17	3.64
1996-10-22	4.08	3.52	4.42	3.67
1996-10-23	3.73	2.85	3.88	2.9
1996-10-24	5.77	5.26	6.17	5.5
1996-10-25	6.5	5.96	6.86	6.11
1996-10-26	3.63	3.17	4.08	3.39
1996-10-27	4.84	4.35	5.22	4.52
1996-10-28	4.96	4.45	5.32	4.62
1996-10-29	5.38	4.75	5.67	4.93
1996-10-30	1.16	0.57	1.51	0.73
1996-10-31	-1.34	-1.89	-0.95	-1.74
1996-11-01	1.34	0.84	1.73	0.89
1996-11-02	1.13	0.57	1.56	0.77
1996-11-03	1.29	0.92	1.79	1.03
1996-11-04	0.74	0.19	1.16	0.37
1996-11-05	4.18	3.64	4.61	3.84
1996-11-06	3.15	2.48	3.47	2.59
1996-11-07	0.61	0	0.94	0.02
1996-11-08	-0.69	-1.43	-0.47	-1.51
1996-11-09	-2.97	-4.16	-3.17	-4.49
1996-11-10	-4.82	-6.08	-4.98	-6.47
1996-11-11	-7.05	-8.57	-7.29	-8.9
1996-11-12	-5.47	-6.64	-5.38	-6.75
1996-11-13	-3.83	-4.66	-3.62	-4.66
1996-11-14	-3.6	-4.01	-3.18	-4.13
1996-11-15	0.46	-0.02	0.97	0.24
1996-11-16	-0.65	-0.9	-0.05	-0.72
1996-11-17	2.24	1.93	2.75	2.13
1996-11-18	-1.49	-1.85	-0.98	-1.71
1996-11-19	-0.32	-0.93	0.06	-0.72
1996-11-20	-6.47	-7.11	-6.05	-7
1996-11-21	-0.92	-1.92	-0.79	-1.92
1996-11-22	-3.87	-4.41	-3.49	-4.34
1996-11-23	-3.39	-3.45	-2.61	-3.17
1996-11-24	-8.8	-9.25	-8.33	-9.07
1996-11-25	-8.16	-8.81	-7.48	-8.39
1996-11-26	-11	-12	-10.78	-11.81
1996-11-27	-16.03	-16.95	-15.58	-16.55
1996-11-28	-10.73	-12.06	-10.61	-11.83
1996-11-29	-6.06	-6.98	-6.03	-7.29
1996-11-30	-6.92	-7.38	-6.54	-7.48
1996-12-01	-5.47	-6.08	-5.06	-6.06
1996-12-02	-1.69	-2.36	-1.38	-2.43
1996-12-03	-0.57	-1.07	-0.19	-1.08
1996-12-04	0.19	-0.29	0.57	-0.32
1996-12-05	1.32	0.84	1.74	0.93
1996-12-06	-1.15	-2.1	-0.79	-1.77
1996-12-07	-8.47	-9.59	-8.33	-9.84
1996-12-08	-0.88	-1.46	-0.47	-1.34
1996-12-09	0.33	-0.05	0.73	-0.1
1996-12-10	1.16	0.71	1.6	0.75
1996-12-11	-1.73	-2.3	-1.34	-2.2
1996-12-12	-2.72	-3.27	-2.27	-3.09
1996-12-13	-12.99	-13.71	-12.69	-13.74
1996-12-14	-18.03	-18.98	-17.81	-19.17
1996-12-15	-14.49	-15.42	-14.35	-15.73
1996-12-16	-6.05	-6.7	-5.77	-6.87
1996-12-17	-9.42	-10.11	-9.13	-10.26
1996-12-18	-16.12	-17.48	-16.08	-17.48
1996-12-19	-15.08	-16.14	-14.91	-16.22
1996-12-20	-13.11	-14.08	-12.86	-14.13
1996-12-21	-9.79	-10.43	-9.27	-10.16
1996-12-22	-16.84	-17.7	-16.38	-17.35
1996-12-23	-15.57	-16.46	-15.17	-16.43
1996-12-24	-11.96	-12.6	-11.5	-12.39
1996-12-25	-17.28	-17.87	-16.56	-17.57
1996-12-26	-10.39	-11.47	-10.24	-11.71
1996-12-27	-5.89	-6.8	-5.73	-6.93
1996-12-28	-2.51	-3.13	-2.26	-3.28
1996-12-29	-6.13	-6.65	-5.73	-6.58
1996-12-30	-11.44	-12.51	-11.17	-12.39
1996-12-31	-11.15	-12.19	-11.04	-12.5
1997-01-01	-7.93	-8.55	-7.61	-8.54
1997-01-02	-10.94	-11.52	-10.54	-11.37
1997-01-03	-6.27	-7.26	-6.37	-7.7
1997-01-04	-2.42	-2.93	-2.13	-2.94
1997-01-05	-3.8	-4.33	-3.36	-4.07
1997-01-06	-5.01	-5.29	-4.47	-5.15
1997-01-07	-2.52	-3.1	-2.19	-3.06
1997-01-08	-5.93	-6.51	-5.58	-6.38
1997-01-09	-11.92	-12.59	-11.52	-12.48
1997-01-10	-13.46	-14.28	-13.15	-14.3
1997-01-11	-17.69	-19.17	-17.63	-19.11
1997-01-12	-9.55	-10.14	-9.07	-9.84
1997-01-13	-0.5	-1.05	-0.14	-0.85
1997-01-14	0.13	-0.42	0.44	-0.32
1997-01-15	2.46	1.83	2.73	1.96
1997-01-16	-1.49	-1.98	-1.11	-1.87
1997-01-17	-2.78	-3.38	-2.56	-3.52
1997-01-18	-4.84	-5.49	-4.51	-5.47
1997-01-19	-2.39	-2.98	-2.02	-2.67
1997-01-20	-9.59	-9.93	-8.9	-9.46
1997-01-21	0.78	0.21	1.01	0.15
1997-01-22	-0.86	-1.62	-0.63	-1.59
1997-01-23	-2.26	-2.89	-1.98	-2.84
1997-01-24	-7	-7.7	-6.68	-7.68
1997-01-25	-11.25	-11.82	-10.61	-11.61
1997-01-26	-6.61	-7.84	-6.27	-7.26
1997-01-27	-1.95	-2.77	-1.69	-2.52
1997-01-28	-4.92	-5.44	-4.51	-5.22
1997-01-29	1.2	0.62	1.41	0.58
1997-01-30	0.6	-0.07	0.81	-0.07
1997-01-31	-4.03	-4.75	-3.82	-4.72
1997-02-01	-5.6	-6.18	-5.3	-6.09
1997-02-02	-5.1	-5.77	-4.75	-5.48
1997-02-03	-3.51	-4.15	-3.21	-4
1997-02-04	-0.9	-1.45	-0.63	-1.33
1997-02-05	-5.06	-5.78	-4.9	-5.76
1997-02-06	-5.46	-5.96	-5.07	-5.71
1997-02-07	1.3	0.77	1.67	1.08
1997-02-08	-1.47	-1.96	-1.07	-1.62
1997-02-09	-5.36	-6.09	-5.09	-5.82
1997-02-10	-3.85	-4.44	-3.5	-4.21
1997-02-11	-0.16	-0.7	0.23	-0.35
1997-02-12	-1.71	-2.17	-1.2	-1.75
1997-02-13	-10.74	-11.19	-10.25	-10.83
1997-02-14	-15.34	-16.09	-15.07	-15.95
1997-02-15	-16.85	-17.7	-16.64	-17.61
1997-02-16	-15.97	-16.93	-15.73	-16.8
1997-02-17	-14.06	-14.67	-13.64	-14.56
1997-02-18	-6.06	-6.83	-5.95	-6.85
1997-02-19	-2.88	-3.49	-2.65	-3.45
1997-02-20	-2.6	-3.27	-2.43	-3.29
1997-02-21	-4.15	-4.7	-3.97	-4.81
1997-02-22	-3.1	-3.59	-2.69	-3.35
1997-02-23	1.62	1.23	2.06	1.51
1997-02-24	1.39	0.87	1.69	1.03
1997-02-25	-0.11	-0.52	0.24	-0.34
1997-02-26	-1.72	-2.08	-1.27	-1.8
1997-02-27	-2.31	-2.96	-2.03	-2.81
1997-02-28	-2.74	-3.13	-2.28	-2.84
1997-03-01	1.85	1.37	2.22	1.65
1997-03-02	3.67	3.16	3.96	3.38
1997-03-03	1.35	0.79	1.64	0.99
1997-03-04	-0.65	-1.23	-0.36	-1.02
1997-03-05	0.55	0.26	1.08	0.65
1997-03-06	1.29	0.83	1.65	1.02
1997-03-07	0.64	0.19	1.02	0.39
1997-03-08	2.93	2.45	3.25	2.66
1997-03-09	2.81	2.34	3.18	2.62
1997-03-10	2.05	1.8	2.58	2.13
1997-03-11	1.7	1.21	1.99	1.37
1997-03-12	2.89	2.36	3.2	2.62
1997-03-13	0.1	-0.54	0.36	-0.33
1997-03-14	-4.43	-5.1	-4.08	-4.93
1997-03-15	-4.57	-5.31	-4.38	-5.2
1997-03-16	-6.74	-7.37	-6.38	-7.14
1997-03-17	-6.75	-7.52	-6.5	-7.24
1997-03-18	-6.29	-7.08	-5.93	-6.75
1997-03-19	-7.48	-8.24	-7.26	-8.07
1997-03-20	-5.68	-6.48	-5.58	-6.5
1997-03-21	-5.09	-5.65	-4.76	-5.4
1997-03-22	-5.25	-5.82	-4.98	-5.64
1997-03-23	-3.86	-4.34	-3.44	-4.19
1997-03-24	-3.55	-3.99	-3.2	-3.93
1997-03-25	-2.69	-3.1	-2.22	-2.81
1997-03-26	-0.04	-0.41	0.32	-0.15
1997-03-27	2.59	2.15	2.95	2.43
1997-03-28	0.19	-0.22	0.57	-0.01
1997-03-29	0.26	-0.35	0.51	-0.19
1997-03-30	1.57	0.76	1.72	0.94
1997-03-31	4.7	4.08	5	4.43
1997-04-01	4.07	3.6	4.5	3.95
1997-04-02	1.58	0.97	1.91	1.28
1997-04-03	1.09	0.63	1.46	0.86
1997-04-04	-0.98	-1.49	-0.62	-1.19
1997-04-05	-2.26	-3.05	-2.13	-2.88
1997-04-06	-3.26	-4.03	-3.1	-3.79
1997-04-07	-2.28	-3.04	-2.02	-2.74
1997-04-08	-1.56	-2.2	-1.31	-1.8
1997-04-09	1.53	1.15	1.9	1.38
1997-04-10	2.35	1.87	2.68	2.16
1997-04-11	-1.82	-2.36	-1.54	-2.16
1997-04-12	-2.35	-2.94	-2.13	-2.76
1997-04-13	4.04	3.52	4.36	3.78
1997-04-14	-1.08	-1.59	-0.75	-1.36
1997-04-15	-0.15	-0.52	0.19	-0.21
1997-04-16	3.8	3.3	4.11	3.65
1997-04-17	1.81	1.37	2.23	1.66
1997-04-18	-0.41	-0.86	0	-0.59
1997-04-19	-0.38	-0.8	0.01	-0.55
1997-04-20	0	-0.33	0.5	0.09
1997-04-21	2.31	2.03	2.76	2.23
1997-04-22	-0.34	-0.85	-0.02	-0.77
1997-04-23	-1.17	-1.86	-0.96	-1.77
1997-04-24	0.61	-0.25	0.65	-0.06
1997-04-25	0.26	-0.48	0.43	-0.3
1997-04-26	0.85	0.09	0.97	0.26
1997-04-27	2.63	1.99	2.87	2.22
1997-04-28	3.34	3.18	3.91	3.66
1997-04-29	2.15	2.08	2.72	2.41
1997-04-30	3.39	3.41	3.94	3.75
1997-05-01	6.07	5.87	6.52	6.45
1997-05-02	7.26	6.59	7.54	7.01
1997-05-03	2.7	1.99	2.92	2.25
1997-05-04	1.66	0.98	1.91	1.23
1997-05-05	1.21	0.86	1.59	1.16
1997-05-06	1.08	0.66	1.43	0.93
1997-05-07	4.36	3.99	4.66	4.21
1997-05-08	5.03	4.54	5.46	5.11
1997-05-09	4.76	4.41	5.06	4.6
1997-05-10	4.89	4.64	5.3	4.92
1997-05-11	6.28	5.87	6.67	6.27
1997-05-12	7.49	7.05	7.85	7.44
1997-05-13	9.57	8.97	9.75	9.16
1997-05-14	10.46	9.86	10.62	10.1
1997-05-15	9.27	8.55	9.49	8.86
1997-05-16	7.9	7.25	8.17	7.55
1997-05-17	7.32	7.04	7.7	7.5
1997-05-18	6.91	6.24	7.12	6.52
1997-05-19	5.09	4.51	5.38	4.78
1997-05-20	3.14	2.85	3.55	3.18
1997-05-21	2.26	1.88	2.65	2.12
1997-05-22	3.18	2.84	3.58	3.11
1997-05-23	4.82	4.5	5.2	4.86
1997-05-24	6.5	5.87	6.66	6.11
1997-05-25	6.24	5.57	6.43	5.84
1997-05-26	6.87	6.72	7.34	7.11
1997-05-27	8.16	7.98	8.58	8.42
1997-05-28	7.62	6.93	7.78	7.14
1997-05-29	6.02	5.5	6.32	5.81
1997-05-30	6.73	6.48	7.19	6.91
1997-05-31	9.69	9.7	10.22	10.21
1997-06-01	13.46	13.05	13.77	13.36
1997-06-02	13.45	12.46	13.5	12.58
1997-06-03	10.24	9.3	10.42	9.48
1997-06-04	8.07	7.76	8.58	8.21
1997-06-05	15.2	14.75	15.61	15.15
1997-06-06	18.04	17.24	18.17	17.48
1997-06-07	19.13	18.73	19.52	19.16
1997-06-08	16.85	16.69	17.32	17.12
1997-06-09	16.82	16.71	17.3	17.16
1997-06-10	16.41	15.19	16.26	15.01
1997-06-11	17.05	15.9	16.99	15.96
1997-06-12	18.05	17.44	18.26	17.7
1997-06-13	17.08	17.09	17.64	17.54
1997-06-14	13.54	13.34	14.02	13.55
1997-06-15	14.35	13.73	14.56	13.86
1997-06-16	8.97	8.17	9.23	8.33
1997-06-17	8.11	7.47	8.4	7.54
1997-06-18	10.46	10.09	10.9	10.31
1997-06-19	12.19	11.8	12.62	12.09
1997-06-20	12.24	11.84	12.63	12.14
1997-06-21	11.89	11.61	12.37	11.93
1997-06-22	9.7	9.31	10.1	9.46
1997-06-23	12.37	11.58	12.63	11.8
1997-06-24	10.55	9.98	10.95	10.21
1997-06-25	11.91	11.06	12.1	11.19
1997-06-26	12.96	12.34	13.27	12.57
1997-06-27	13.26	12.85	13.63	13.04
1997-06-28	14.29	13.79	14.59	13.97
1997-06-29	14.63	14.4	15.21	14.81
1997-06-30	15.91	15.68	16.38	15.95
1997-07-01	19.46	19.38	20.01	19.74
1997-07-02	19.39	19.26	19.84	19.57
1997-07-03	18.19	17.78	18.63	18.16
1997-07-04	18.82	18.19	19.06	18.35
1997-07-05	17.97	17.09	18.22	17.29
1997-07-06	17.44	16.75	17.78	17.06
1997-07-07	18.44	17.74	18.65	17.94
1997-07-08	13.58	12.65	13.79	12.8
1997-07-09	12.86	12.24	13.27	12.5
1997-07-10	14.9	14.39	15.29	14.63
1997-07-11	15.49	15.2	15.98	15.45
1997-07-12	16.11	15.75	16.55	15.96
1997-07-13	16.45	16.15	16.92	16.39
1997-07-14	16.82	16.33	17.18	16.52
1997-07-15	17.74	17.3	18.12	17.54
1997-07-16	17.53	16.93	17.79	17.08
1997-07-17	16.42	16	16.8	16.23
1997-07-18	15.91	15.22	16.17	15.32
1997-07-19	18.24	17.67	18.53	17.79
1997-07-20	19.63	19.18	19.96	19.37
1997-07-21	20.91	20.37	21.2	20.58
1997-07-22	20.99	20.44	21.28	20.64
1997-07-23	20.65	20.04	20.95	20.29
1997-07-24	20.95	20.12	21.12	20.35
1997-07-25	19.3	18.9	19.74	19.12
1997-07-26	17.57	16.95	17.88	17.08
1997-07-27	15.74	15.24	16.17	15.44
1997-07-28	15.26	14.22	15.32	14.14
1997-07-29	13.1	12.22	13.28	12.23
1997-07-30	15.88	14.91	16.04	14.94
1997-07-31	16.88	16.19	17.17	16.31
1997-08-01	16.06	15.57	16.43	15.69
1997-08-02	15.62	14.86	15.82	14.84
1997-08-03	16.34	15.56	16.53	15.57
1997-08-04	17.53	16.84	17.78	17
1997-08-05	18.81	18.09	19.01	18.19
1997-08-06	18.02	17.49	18.31	17.64
1997-08-07	18.83	18.63	19.35	18.9
1997-08-08	20.59	20.03	20.91	20.12
1997-08-09	21.53	20.66	21.61	20.56
1997-08-10	16.6	15.67	16.81	15.77
1997-08-11	14.09	13.46	14.43	13.64
1997-08-12	17.42	16.61	17.63	16.67
1997-08-13	15.03	14.21	15.29	14.4
1997-08-14	13.32	12.6	13.63	12.78
1997-08-15	13.02	12.71	13.52	12.96
1997-08-16	15.99	15.7	16.5	16
1997-08-17	18.14	17.85	18.59	18.2
1997-08-18	17.12	17.03	17.7	17.36
1997-08-19	18.64	18.18	19.02	18.46
1997-08-20	17.31	17.11	17.85	17.51
1997-08-21	20.46	19.97	20.83	20.22
1997-08-22	18.76	17.89	18.9	17.88
1997-08-23	15.09	14.46	15.43	14.66
1997-08-24	12.97	12.33	13.29	12.36
1997-08-25	12.61	11.92	12.91	12
1997-08-26	17.12	16.09	17.27	16.14
1997-08-27	15.74	14.76	15.92	14.9
1997-08-28	15.93	15.2	16.32	15.58
1997-08-29	17.4	16.93	17.81	17.14
1997-08-30	16.8	16.29	17.17	16.43
1997-08-31	15.6	15.04	15.99	15.21
1997-09-01	16.53	15.98	16.86	16.05
1997-09-02	16.4	15.95	16.84	16.19
1997-09-03	15.74	15.32	16.19	15.51
1997-09-04	16.04	15.56	16.44	15.69
1997-09-05	14.9	14.41	15.28	14.52
1997-09-06	14.14	13.53	14.48	13.63
1997-09-07	13.21	12.53	13.52	12.62
1997-09-08	12.26	11.55	12.53	11.66
1997-09-09	9.31	8.66	9.64	8.82
1997-09-10	10.33	9.63	10.59	9.71
1997-09-11	10.34	9.7	10.68	9.84
1997-09-12	10.12	9.66	10.56	9.82
1997-09-13	9.59	8.97	9.93	9.11
1997-09-14	8.43	7.71	8.73	7.87
1997-09-15	8.89	8.25	9.2	8.37
1997-09-16	11.95	11.34	12.26	11.46
1997-09-17	10.03	9.3	10.32	9.49
1997-09-18	6.97	6.27	7.27	6.41
1997-09-19	6.69	5.99	6.98	6.11
1997-09-20	6.72	5.99	6.98	6.1
1997-09-21	9.41	8.71	9.72	8.92
1997-09-22	8.28	7.63	8.61	7.86
1997-09-23	6.54	5.86	6.85	6.02
1997-09-24	9.67	9.08	10.03	9.32
1997-09-25	12.56	11.91	12.82	12
1997-09-26	9.5	8.81	9.76	8.9
1997-09-27	8.72	7.99	8.94	8.03
1997-09-28	7.12	6.55	7.44	6.76
1997-09-29	6.47	5.89	6.85	6.07
1997-09-30	6.26	5.64	6.57	5.77
1997-10-01	5.09	4.6	5.48	4.79
1997-10-02	5.06	4.46	5.37	4.61
1997-10-03	5.06	4.4	5.3	4.47
1997-10-04	4.67	4.03	4.96	4.17
1997-10-05	4.88	4.23	5.16	4.37
1997-10-06	3.47	2.8	3.77	2.88
1997-10-07	4.5	3.58	4.66	3.65
1997-10-08	5.8	5.16	6.17	5.45
1997-10-09	4.6	3.99	4.97	4.27
1997-10-10	4.46	3.85	4.77	4.05
1997-10-11	4.53	3.96	4.86	4.15
1997-10-12	2.41	1.79	2.71	2
1997-10-13	1.45	0.87	1.77	1.02
1997-10-14	0.92	0.3	1.22	0.46
1997-10-15	0.45	-0.13	0.78	0.05
1997-10-16	-0.78	-1.43	-0.48	-1.28
1997-10-17	0.94	0.33	1.26	0.46
1997-10-18	5.55	5.04	5.97	5.38
1997-10-19	3.91	3.24	4.22	3.43
1997-10-20	0.09	-0.56	0.39	-0.43
1997-10-21	-0.25	-0.82	0.12	-0.63
1997-10-22	-0.93	-1.45	-0.52	-1.23
1997-10-23	-2.62	-3.16	-2.23	-2.96
1997-10-24	-3.19	-3.79	-2.83	-3.6
1997-10-25	-2.92	-3.47	-2.54	-3.25
1997-10-26	-3.04	-3.66	-2.69	-3.46
1997-10-27	-2.04	-2.57	-1.67	-2.43
1997-10-28	0.48	-0.13	0.76	-0.09
1997-10-29	3.75	3.19	4.05	3.26
1997-10-30	3.76	3.23	4.12	3.37
1997-10-31	2.67	2.08	2.92	2.04
1997-11-01	2.36	1.59	2.59	1.58
1997-11-02	-2.12	-2.73	-1.75	-2.68
1997-11-03	-3.37	-3.99	-3	-3.94
1997-11-04	-3.66	-4.2	-3.22	-4.12
1997-11-05	-2.99	-3.56	-2.61	-3.55
1997-11-06	-1.22	-1.79	-0.83	-1.79
1997-11-07	-2.02	-2.49	-1.61	-2.45
1997-11-08	0.19	-0.37	0.57	-0.3
1997-11-09	-0.2	-0.78	0.17	-0.73
1997-11-10	0.78	0.08	1.11	0.21
1997-11-11	0.88	0.31	1.27	0.44
1997-11-12	2.17	1.47	2.45	1.53
1997-11-13	0.96	0.35	1.3	0.44
1997-11-14	-1.41	-2.12	-1.01	-1.9
1997-11-15	0.83	0.25	1.36	0.6
1997-11-16	-0.61	-1.08	-0.12	-0.88
1997-11-17	-1.02	-1.7	-0.71	-1.66
1997-11-18	-1.14	-1.79	-0.82	-1.75
1997-11-19	-2.56	-3.34	-2.3	-3.27
1997-11-20	-1.75	-2.5	-1.48	-2.47
1997-11-21	-1.49	-2.14	-1.19	-2.1
1997-11-22	-2.12	-2.92	-1.87	-2.87
1997-11-23	-1.91	-2.59	-1.59	-2.53
1997-11-24	-2.45	-3.28	-2.24	-3.32
1997-11-25	-2.75	-3.47	-2.46	-3.47
1997-11-26	-6.12	-6.76	-5.78	-6.73
1997-11-27	-6.9	-7.74	-6.68	-7.84
1997-11-28	-10.43	-11.87	-10.51	-11.94
1997-11-29	-10.82	-11.82	-10.46	-11.48
1997-11-30	-4.25	-5.04	-3.97	-5.05
1997-12-01	-3.53	-4.31	-3.24	-4.21
1997-12-02	-6.43	-7.46	-6.25	-7.41
1997-12-03	-10.82	-11.65	-10.5	-11.57
1997-12-04	-11.89	-13.18	-12.04	-13.67
1997-12-05	-10.65	-11.34	-10.32	-11.53
1997-12-06	-6.17	-7.02	-5.93	-7.17
1997-12-07	-5.64	-5.83	-4.99	-5.68
1997-12-08	0.54	-0.02	0.92	0.08
1997-12-09	0.22	-0.19	0.67	-0.08
1997-12-10	0.35	-0.1	0.78	0
1997-12-11	-0.16	-0.7	0.23	-0.6
1997-12-12	-1.51	-2.1	-1.15	-1.99
1997-12-13	-2.85	-3.4	-2.46	-3.32
1997-12-14	-4.93	-5.68	-4.62	-5.58
1997-12-15	-3.64	-4.28	-3.33	-4.27
1997-12-16	1.11	0.46	1.4	0.46
1997-12-17	-1.02	-1.72	-0.87	-2.11
1997-12-18	-5.19	-5.63	-4.67	-5.46
1997-12-19	-5.21	-5.66	-4.7	-5.54
1997-12-20	-4.73	-5.53	-4.43	-5.52
1997-12-21	-6.33	-7.19	-6.01	-7.1
1997-12-22	-6.26	-6.95	-5.95	-7.04
1997-12-23	-9.24	-10.71	-9.34	-10.84
1997-12-24	-8.74	-9.36	-8.33	-9.34
1997-12-25	-2.94	-3.71	-2.7	-3.74
1997-12-26	-4	-4.8	-3.72	-4.69
1997-12-27	-8.16	-9.11	-7.92	-9.02
1997-12-28	-14.12	-14.7	-13.54	-14.44
1997-12-29	-12	-13.11	-11.76	-13.02
1997-12-30	-9.74	-10.56	-9.24	-10.26
1997-12-31	-2.72	-3.42	-2.32	-3.27
1998-01-01	-1.08	-1.6	-0.75	-1.56
1998-01-02	-1.77	-2.37	-1.49	-2.39
1998-01-03	-0.62	-1.25	-0.32	-1.17
1998-01-04	-0.61	-1.11	-0.24	-1
1998-01-05	-1.96	-2.76	-1.77	-2.76
1998-01-06	-3.32	-3.87	-3.05	-3.99
1998-01-07	-1.86	-2.51	-1.58	-2.44
1998-01-08	-2.43	-3.17	-2.13	-3.03
1998-01-09	-6.68	-7.38	-6.22	-7.01
1998-01-10	-3.4	-4.01	-3.07	-3.92
1998-01-11	0.75	0.1	1.06	0.21
1998-01-12	-1.26	-1.61	-0.78	-1.41
1998-01-13	-2.01	-2.4	-1.51	-2.18
1998-01-14	-0.26	-0.69	0.23	-0.41
1998-01-15	-0.16	-0.61	0.23	-0.48
1998-01-16	-0.64	-1.19	-0.24	-1
1998-01-17	-3.88	-4.76	-3.44	-4.24
1998-01-18	-7.33	-8.31	-7.19	-8.35
1998-01-19	-9.13	-10.12	-8.93	-9.97
1998-01-20	-13.99	-15.03	-13.73	-14.83
1998-01-21	-16	-16.77	-15.62	-16.7
1998-01-22	-7.65	-8	-7.2	-7.99
1998-01-23	-2.44	-3.2	-2.24	-3.21
1998-01-24	-4.91	-5.62	-4.68	-5.68
1998-01-25	-0.85	-1.49	-0.66	-1.65
1998-01-26	1.25	0.6	1.46	0.51
1998-01-27	-1.87	-2.6	-1.62	-2.52
1998-01-28	-10.63	-11.28	-10.21	-11.04
1998-01-29	-11.33	-12.02	-10.94	-11.84
1998-01-30	-14.1	-14.78	-13.76	-14.61
1998-01-31	-16.36	-17.15	-16.06	-17.08
1998-02-01	-12.51	-13.38	-12.35	-13.49
1998-02-02	-9.74	-10.63	-9.63	-10.65
1998-02-03	-17.42	-18.17	-17.09	-17.9
1998-02-04	-15.86	-16.66	-15.55	-16.68
1998-02-05	-9.98	-11.27	-10.21	-11.64
1998-02-06	-9.59	-10.8	-9.73	-11.07
1998-02-07	-2.14	-2.62	-1.68	-2.22
1998-02-08	-4.07	-4.37	-3.42	-3.71
1998-02-09	-1.54	-1.79	-0.98	-1.44
1998-02-10	0.85	0.28	1.2	0.56
1998-02-11	-2.08	-2.73	-1.81	-2.6
1998-02-12	-3.7	-4.4	-3.41	-4.17
1998-02-13	-5.16	-5.8	-4.86	-5.72
1998-02-14	-6.53	-6.89	-6	-6.5
1998-02-15	-1.63	-1.67	-0.99	-1.38
1998-02-16	-2.91	-3.46	-2.57	-3.25
1998-02-17	-6.78	-7.12	-6.27	-6.74
1998-02-18	3.15	2.77	3.47	2.83
1998-02-19	2.04	1.54	2.4	1.78
1998-02-20	1.13	0.78	1.56	1.04
1998-02-21	2.33	1.83	2.67	2.06
1998-02-22	0.21	-0.41	0.5	-0.18
1998-02-23	0.49	-0.19	0.73	-0.02
1998-02-24	-5.38	-5.92	-5.06	-5.69
1998-02-25	-2.5	-2.88	-2.1	-2.66
1998-02-26	0.82	0.35	1.22	0.61
1998-02-27	0.05	-0.62	0.28	-0.49
1998-02-28	-4.45	-5.08	-4.11	-4.88
1998-03-01	-3.82	-4.59	-3.55	-4.39
1998-03-02	-7.89	-8.51	-7.47	-8.26
1998-03-03	-7.76	-9.01	-7.67	-8.79
1998-03-04	-3.57	-4.49	-3.44	-4.35
1998-03-05	-10.28	-10.88	-9.99	-10.59
1998-03-06	-12.04	-12.73	-11.79	-12.49
1998-03-07	-9.5	-10	-9.01	-9.69
1998-03-08	-10.06	-10.65	-9.57	-10.37
1998-03-09	-9.58	-10.12	-9.09	-9.65
1998-03-10	-10.14	-10.53	-9.67	-10.06
1998-03-11	-5.76	-6.12	-5.36	-5.83
1998-03-12	-3.66	-4.31	-3.45	-4.2
1998-03-13	-3.34	-4.01	-3.11	-3.91
1998-03-14	-6.9	-7.21	-6.43	-6.86
1998-03-15	-4.41	-4.71	-3.87	-4.29
1998-03-16	0.4	0.26	0.85	0.55
1998-03-17	-0.43	-0.69	0.1	-0.33
1998-03-18	-0.03	-0.8	0.11	-0.74
1998-03-19	-2.45	-3.23	-2.34	-3.25
1998-03-20	-0.77	-1.52	-0.63	-1.47
1998-03-21	-1.61	-2.1	-1.32	-1.98
1998-03-22	-0.38	-0.59	0.05	-0.41
1998-03-23	-1.1	-1.46	-0.78	-1.43
1998-03-24	-1.11	-1.68	-0.85	-1.56
1998-03-25	1.47	0.86	1.76	1.14
1998-03-26	1.17	0.68	1.53	0.89
1998-03-27	0.11	-0.36	0.41	-0.21
1998-03-28	1.16	0.88	1.57	1.12
1998-03-29	3.6	3.05	3.86	3.19
1998-03-30	3.72	3.22	4	3.34
1998-03-31	1.71	1.07	1.97	1.36
1998-04-01	-7.16	-7.76	-6.88	-7.58
1998-04-02	-6.63	-7.37	-6.39	-7.23
1998-04-03	-5.4	-6.32	-5.31	-6.25
1998-04-04	-4.75	-5.74	-4.63	-5.72
1998-04-05	-3.07	-3.85	-2.77	-3.63
1998-04-06	-1.67	-2.12	-1.22	-1.79
1998-04-07	-1.5	-2.13	-1.15	-1.87
1998-04-08	-3.09	-3.82	-2.74	-3.56
1998-04-09	-3.4	-4.1	-3.07	-3.78
1998-04-10	-2.03	-2.65	-1.68	-2.42
1998-04-11	-1.4	-2.22	-1.17	-1.96
1998-04-12	-2.77	-3.59	-2.58	-3.43
1998-04-13	-2.86	-3.75	-2.7	-3.6
1998-04-14	-1.23	-1.95	-1.02	-1.86
1998-04-15	0	-0.57	0.29	-0.44
1998-04-16	1.09	0.58	1.39	0.76
1998-04-17	0.7	0.31	1.07	0.51
1998-04-18	0.94	0.54	1.31	0.75
1998-04-19	0.93	0.38	1.22	0.55
1998-04-20	1.83	1.42	2.14	1.64
1998-04-21	3.39	3.06	3.84	3.42
1998-04-22	3.13	2.77	3.39	3.23
1998-04-23	4.14	4.11	4.55	4.65
1998-04-24	3.18	3.14	3.62	3.56
1998-04-25	3.73	3.8	4.37	4.38
1998-04-26	5.88	5.65	6.39	6.09
1998-04-27	9.55	8.86	9.66	9
1998-04-28	5.87	5.64	6.24	5.85
1998-04-29	9.38	9.41	9.94	9.91
1998-04-30	11	10.79	11.4	11.25
1998-05-01	7.02	6.7	7.39	7.08
1998-05-02	4.06	3.98	4.57	4.25
1998-05-03	4.28	3.9	4.64	4.12
1998-05-04	4.59	4.33	5.01	4.6
1998-05-05	1.73	1.02	1.88	1.13
1998-05-06	4.45	3.64	4.6	3.89
1998-05-07	5.73	5.03	5.91	5.29
1998-05-08	8.2	7.46	8.41	7.72
1998-05-09	7.84	7.55	8.28	7.96
1998-05-10	10.62	10.04	10.92	10.41
1998-05-11	7.21	6.47	7.42	6.69
1998-05-12	7.01	6.39	7.2	6.61
1998-05-13	10.05	9.82	10.44	10.3
1998-05-14	10.47	10.16	10.84	10.5
1998-05-15	9.26	9.43	9.87	9.89
1998-05-16	12.72	12.86	13.37	13.42
1998-05-17	13.42	13.1	13.74	13.46
1998-05-18	13.97	13.64	14.26	14.11
1998-05-19	8.05	7.32	8.32	7.69
1998-05-20	4.75	3.99	4.94	4.23
1998-05-21	4.66	4.2	4.97	4.47
1998-05-22	3.63	2.95	3.85	3.13
1998-05-23	3.95	3.23	4.13	3.44
1998-05-24	4.19	3.69	4.48	3.98
1998-05-25	2.58	1.9	2.83	2.22
1998-05-26	3.37	2.82	3.67	3.12
1998-05-27	7.53	7.12	7.86	7.52
1998-05-28	9.63	9.32	10.06	9.76
1998-05-29	7.59	7.25	7.99	7.66
1998-05-30	9.38	9.4	9.94	9.89
1998-05-31	8.93	8.31	9.14	8.61
1998-06-01	5.76	5.18	6.08	5.37
1998-06-02	6.42	6.07	6.9	6.38
1998-06-03	6.4	5.95	6.81	6.21
1998-06-04	7.35	6.52	7.64	6.84
1998-06-05	8.06	7.26	8.3	7.43
1998-06-06	9.47	9.15	9.95	9.61
1998-06-07	8.05	7.52	8.38	7.76
1998-06-08	10.87	10.1	11.12	10.39
1998-06-09	12.83	12.09	12.98	12.18
1998-06-10	14.88	14.14	15.03	14.3
1998-06-11	14.84	14.11	14.98	14.2
1998-06-12	15.07	14.62	15.37	14.86
1998-06-13	13.31	12.59	13.52	12.81
1998-06-14	11.27	10.64	11.54	10.93
1998-06-15	12.17	11.83	12.58	12.09
1998-06-16	11.17	10.53	11.42	10.68
1998-06-17	11.54	11.14	11.92	11.34
1998-06-18	11.86	10.98	12	11.13
1998-06-19	10.66	10.13	11.05	10.51
1998-06-20	11.77	11.22	12.08	11.45
1998-06-21	11.92	11.51	12.3	11.77
1998-06-22	8.77	8.28	9.16	8.58
1998-06-23	8.4	7.91	8.75	8.07
1998-06-24	12.17	11.78	12.54	12.07
1998-06-25	13.21	12.99	13.69	13.38
1998-06-26	12.62	12.36	13.11	12.83
1998-06-27	11.97	11.58	12.37	11.87
1998-06-28	13.88	13.53	14.22	13.73
1998-06-29	12.4	12.03	12.73	12.1
1998-06-30	13.06	12.63	13.4	12.8
1998-07-01	15.47	15.1	15.85	15.38
1998-07-02	14.42	13.56	14.57	13.69
1998-07-03	12.45	11.68	12.66	11.8
1998-07-04	13.28	12.68	13.56	12.88
1998-07-05	12.02	11.5	12.39	11.77
1998-07-06	12.03	11.23	12.22	11.22
1998-07-07	14.99	14.41	15.27	14.59
1998-07-08	16.68	15.94	16.87	16.06
1998-07-09	17.43	17.01	17.81	17.35
1998-07-10	12.55	11.84	12.78	11.91
1998-07-11	13.85	13.29	14.16	13.46
1998-07-12	15.26	14.71	15.56	14.84
1998-07-13	15.72	15.25	16.12	15.47
1998-07-14	14.32	13.79	14.68	13.98
1998-07-15	11.8	11.39	12.24	11.61
1998-07-16	12.67	12.04	13.01	12.24
1998-07-17	12.3	11.75	12.62	11.9
1998-07-18	13.21	12.72	13.58	12.99
1998-07-19	12.73	12.08	12.99	12.12
1998-07-20	13.63	12.9	13.98	13.25
1998-07-21	15.65	15.31	16.12	15.7
1998-07-22	17.68	17.14	18.01	17.35
1998-07-23	17.94	17.3	18.23	17.52
1998-07-24	15.92	15.52	16.35	15.8
1998-07-25	14.25	13.73	14.62	13.91
1998-07-26	14.11	13.36	14.33	13.51
1998-07-27	12.6	11.9	12.92	12.12
1998-07-28	14.5	14.03	14.88	14.27
1998-07-29	14.18	13.73	14.57	13.94
1998-07-30	12.64	12.13	13.03	12.31
1998-07-31	13.14	12.55	13.48	12.68
1998-08-01	14.9	14.24	15.19	14.39
1998-08-02	14.29	13.54	14.53	13.68
1998-08-03	15.21	14.66	15.54	14.87
1998-08-04	13.04	12.36	13.28	12.4
1998-08-05	13.56	12.89	13.84	13.04
1998-08-06	14.41	13.71	14.71	13.9
1998-08-07	11.86	11.15	12.13	11.3
1998-08-08	12.82	12.09	13.09	12.24
1998-08-09	12.89	12.16	13.15	12.28
1998-08-10	12.33	11.57	12.57	11.68
1998-08-11	13.67	13.18	14.07	13.42
1998-08-12	14.22	13.83	14.82	14.38
1998-08-13	13.5	13.03	13.87	13.15
1998-08-14	12.47	11.89	12.8	12.01
1998-08-15	12.34	11.83	12.73	12.06
1998-08-16	13.62	13.07	13.99	13.27
1998-08-17	13.28	12.74	13.63	12.94
1998-08-18	12.03	11.39	12.39	11.63
1998-08-19	9.67	9.04	9.97	9.16
1998-08-20	11.85	11.31	12.2	11.49
1998-08-21	12.5	11.87	12.79	11.95
1998-08-22	11.86	11.37	12.23	11.48
1998-08-23	10.31	9.75	10.64	9.86
1998-08-24	11.36	10.67	11.62	10.76
1998-08-25	10.12	9.45	10.4	9.54
1998-08-26	10.56	9.92	10.87	10.09
1998-08-27	9.61	9	9.91	9.1
1998-08-28	10.97	10.4	11.29	10.55
1998-08-29	11.26	10.74	11.63	10.93
1998-08-30	10.2	9.67	10.55	9.84
1998-08-31	8.24	7.69	8.6	7.86
1998-09-01	9.23	8.67	9.57	8.76
1998-09-02	10.61	10.04	10.93	10.19
1998-09-03	11.41	10.94	11.83	11.11
1998-09-04	10.11	9.67	10.53	9.89
1998-09-05	11.14	10.61	11.5	10.72
1998-09-06	12.25	11.68	12.56	11.78
1998-09-07	13	12.55	13.43	12.8
1998-09-08	12.9	12.43	13.33	12.66
1998-09-09	12.78	12.27	13.15	12.46
1998-09-10	13.62	13.01	13.93	13.17
1998-09-11	14	13.34	14.24	13.42
1998-09-12	12.79	12.25	13.15	12.43
1998-09-13	12.09	11.48	12.41	11.61
1998-09-14	12.58	11.98	12.9	12.15
1998-09-15	11.71	11.19	12.06	11.35
1998-09-16	11.01	10.49	11.37	10.6
1998-09-17	10.94	10.38	11.29	10.56
1998-09-18	9.1	8.21	9.33	8.32
1998-09-19	8.64	7.88	8.91	7.98
1998-09-20	11.32	10.74	11.66	10.86
1998-09-21	13.85	13.2	14.15	13.37
1998-09-22	11.3	10.58	11.59	10.75
1998-09-23	9.5	8.88	9.83	9.01
1998-09-24	8.82	8.05	9.08	8.15
1998-09-25	5.66	4.82	5.83	4.8
1998-09-26	5.21	4.43	5.47	4.47
1998-09-27	5.72	4.94	6.02	5.1
1998-09-28	6.76	6.01	7.06	6.16
1998-09-29	6.89	6.1	7.18	6.28
1998-09-30	5.17	4.55	5.56	4.72
1998-10-01	4.6	4.16	5.07	4.4
1998-10-02	4.43	3.89	4.8	4.01
1998-10-03	3.48	2.94	3.91	3.02
1998-10-04	4.24	3.53	4.56	3.6
1998-10-05	4.71	3.57	4.77	3.58
1998-10-06	4.61	3.85	4.96	4.12
1998-10-07	4.02	3.29	4.37	3.47
1998-10-08	4.54	3.96	4.92	4.09
1998-10-09	6.01	5.48	6.37	5.56
1998-10-10	6.55	5.94	6.9	6.13
1998-10-11	5.05	4.41	5.4	4.61
1998-10-12	4.07	3.46	4.4	3.65
1998-10-13	4.03	3.42	4.39	3.57
1998-10-14	3.71	3.04	4.03	3.17
1998-10-15	3.92	3.27	4.18	3.32
1998-10-16	3.96	3.31	4.24	3.41
1998-10-17	2.16	1.45	2.43	1.51
1998-10-18	1.3	0.78	1.69	0.98
1998-10-19	0.42	-0.39	0.65	-0.45
1998-10-20	-0.68	-1.53	-0.47	-1.59
1998-10-21	-0.23	-1.12	-0.07	-1.28
1998-10-22	3.65	2.99	3.95	3.12
1998-10-23	7.94	7.28	8.22	7.49
1998-10-24	3.88	3.2	4.17	3.35
1998-10-25	5.86	5.29	6.21	5.51
1998-10-26	6.35	5.86	6.7	6.06
1998-10-27	4.25	3.69	4.58	3.82
1998-10-28	2.18	1.7	2.57	1.89
1998-10-29	1.17	0.7	1.56	0.87
1998-10-30	1.28	0.85	1.73	1.09
1998-10-31	0.86	0.29	1.19	0.47
1998-11-01	-0.17	-0.75	0.14	-0.62
1998-11-02	-3.12	-3.91	-2.84	-3.77
1998-11-03	-7.62	-8.39	-7.16	-8.26
1998-11-04	-8.15	-9.3	-8.18	-9.51
1998-11-05	-4.19	-4.98	-3.86	-4.91
1998-11-06	-3.93	-5.63	-4.19	-5.8
1998-11-07	-6.03	-6.98	-5.73	-6.82
1998-11-08	-9.41	-10.77	-9.32	-10.66
1998-11-09	-6.87	-7.92	-6.62	-7.77
1998-11-10	-1.33	-1.99	-1.1	-2
1998-11-11	-0.4	-0.81	-0.02	-0.74
1998-11-12	-1.6	-2.09	-1.22	-2.02
1998-11-13	-4.16	-4.88	-3.68	-4.69
1998-11-14	-4.53	-4.82	-3.74	-4.66
1998-11-15	-4.53	-5.16	-4.14	-5.12
1998-11-16	-6.03	-6.8	-5.78	-6.74
1998-11-17	-9	-9.95	-8.82	-9.95
1998-11-18	-9.49	-10.16	-9.12	-10.24
1998-11-19	-8.78	-9.5	-8.32	-9.46
1998-11-20	-11.86	-12.91	-11.63	-13.3
1998-11-21	-1	-1.41	-0.54	-1.15
1998-11-22	3.02	2.66	3.37	2.8
1998-11-23	-0.28	-0.6	0.11	-0.52
1998-11-24	-2.26	-2.7	-1.91	-2.57
1998-11-25	-2.58	-3	-2.11	-2.77
1998-11-26	-1.2	-1.65	-0.84	-1.58
1998-11-27	-2.14	-2.95	-2.02	-3.03
1998-11-28	-4.35	-4.78	-3.86	-4.59
1998-11-29	-1.98	-2.43	-1.58	-2.31
1998-11-30	-1.18	-1.47	-0.67	-1.24
1998-12-01	-0.52	-1.12	-0.2	-1.11
1998-12-02	1.91	1.32	2.14	1.24
1998-12-03	0.49	-0.11	0.81	-0.08
1998-12-04	-4.19	-4.88	-3.87	-4.75
1998-12-05	-8.45	-9.42	-8.25	-9.32
1998-12-06	-9.69	-10.63	-9.52	-10.58
1998-12-07	-10.32	-11.16	-10.03	-11.03
1998-12-08	-5.92	-6.78	-5.59	-6.87
1998-12-09	-9.59	-10.21	-8.93	-10.11
1998-12-10	-6.58	-7.36	-6.16	-7.26
1998-12-11	-6.66	-7.08	-6.1	-6.94
1998-12-12	-7.84	-8.36	-7.32	-8.2
1998-12-13	-7.25	-8.01	-6.88	-7.85
1998-12-14	-5.57	-6.1	-5.14	-6.09
1998-12-15	0.61	-0.01	0.96	0.11
1998-12-16	0	-0.72	0.21	-0.77
1998-12-17	1.37	0.89	1.74	0.98
1998-12-18	1.24	0.52	1.51	0.55
1998-12-19	-1.49	-2.17	-1.22	-2.24
1998-12-20	-4.79	-5.33	-4.42	-5.35
1998-12-21	-9.38	-10.02	-8.98	-9.86
1998-12-22	-11.72	-12.89	-11.6	-13.05
1998-12-23	-10.45	-11.58	-10.3	-11.72
1998-12-24	-5.33	-6.42	-5.2	-6.5
1998-12-25	-4.95	-5.86	-4.52	-5.52
1998-12-26	-6.37	-7.15	-6.11	-7.32
1998-12-27	-2.31	-3.06	-2.04	-3.09
1998-12-28	-2.93	-3.69	-2.62	-3.64
1998-12-29	-2.96	-3.76	-2.81	-3.97
1998-12-30	-7.05	-7.54	-6.62	-7.47
1998-12-31	-4.25	-4.76	-3.76	-4.6
1999-01-01	-4.28	-5.04	-3.96	-4.77
1999-01-02	-3.84	-4.27	-3.34	-3.96
1999-01-03	-1.44	-1.92	-1.16	-1.95
1999-01-04	-2.57	-2.85	-2.16	-2.79
1999-01-05	-3.19	-3.97	-3.07	-4.2
1999-01-06	-8.5	-9.45	-8.41	-9.61
1999-01-07	-8.56	-9.34	-8.38	-9.4
1999-01-08	-9.26	-9.78	-8.83	-9.62
1999-01-09	-11.08	-11.41	-10.47	-10.97
1999-01-10	-13.46	-14.41	-13.13	-14.18
1999-01-11	-13.32	-13.67	-12.75	-13.6
1999-01-12	-14.35	-14.82	-13.81	-14.69
1999-01-13	-9.59	-10.58	-9.49	-10.62
1999-01-14	-13.33	-14.4	-13.09	-14.19
1999-01-15	-11.16	-12.15	-10.83	-11.87
1999-01-16	-1.24	-1.84	-1.01	-1.85
1999-01-17	-0.44	-0.98	-0.17	-0.98
1999-01-18	0.25	-0.34	0.5	-0.34
1999-01-19	0.3	-0.18	0.65	-0.08
1999-01-20	1.29	0.7	1.61	0.83
1999-01-21	-0.25	-0.89	0.09	-0.69
1999-01-22	-5.07	-5.82	-4.77	-5.71
1999-01-23	-5.01	-5.72	-4.67	-5.5
1999-01-24	-2.6	-3.38	-2.4	-3.3
1999-01-25	-7.73	-8.64	-7.58	-8.61
1999-01-26	-20.9	-21.75	-20.68	-21.73
1999-01-27	-27.32	-28.06	-26.97	-27.99
1999-01-28	-29.55	-30.55	-29.18	-30.38
1999-01-29	-16.45	-16.53	-15.7	-16.04
1999-01-30	-8.38	-8.85	-8.03	-8.78
1999-01-31	2.21	1.65	2.41	1.58
1999-02-01	3.49	3.06	3.83	3.12
1999-02-02	1.31	1.19	1.9	1.58
1999-02-03	0.3	-0.28	0.61	-0.11
1999-02-04	-0.15	-0.67	0.22	-0.37
1999-02-05	-8.58	-9.18	-8.23	-8.87
1999-02-06	-15.66	-16.07	-15.26	-15.78
1999-02-07	-17.18	-17.97	-16.84	-17.79
1999-02-08	-18.65	-19.52	-18.35	-19.54
1999-02-09	-16.48	-16.81	-15.9	-16.67
1999-02-10	-18.39	-19.27	-18.13	-18.93
1999-02-11	-16.43	-16.51	-15.65	-15.83
1999-02-12	-1.02	-1.64	-0.82	-1.84
1999-02-13	-5.46	-6.35	-5.29	-6.5
1999-02-14	-2.02	-2.55	-1.74	-2.37
1999-02-15	-0.26	-0.87	0.03	-0.69
1999-02-16	-2.24	-2.85	-2	-2.8
1999-02-17	-5.75	-6.25	-5.38	-6.03
1999-02-18	-6.54	-6.71	-5.88	-6.32
1999-02-19	-7.04	-7.52	-6.62	-7.26
1999-02-20	-5.12	-6.11	-5.29	-6.21
1999-02-21	-8.65	-9.05	-8.32	-8.77
1999-02-22	-3.12	-3.78	-2.78	-3.46
1999-02-23	-6.81	-7.46	-6.52	-7.27
1999-02-24	-7.22	-7.86	-6.94	-7.66
1999-02-25	-8.98	-9.72	-8.73	-9.52
1999-02-26	-6.48	-7.32	-6.37	-7.38
1999-02-27	-4.18	-5.03	-4.09	-5.02
1999-02-28	-1.2	-1.79	-0.86	-1.55
1999-03-01	-0.78	-1.22	-0.43	-1
1999-03-02	-3.19	-3.73	-2.86	-3.49
1999-03-03	-8.48	-9.27	-8.23	-9.08
1999-03-04	-6.83	-7.89	-6.58	-7.43
1999-03-05	-5.22	-6.1	-4.94	-5.72
1999-03-06	-2.97	-3.65	-2.71	-3.4
1999-03-07	-0.71	-1.23	-0.4	-1
1999-03-08	-1.08	-1.48	-0.71	-1.28
1999-03-09	-6.46	-7.03	-6.13	-6.81
1999-03-10	-9.24	-9.87	-8.93	-9.63
1999-03-11	-9.44	-10.13	-9.16	-9.9
1999-03-12	-9.42	-9.99	-9.06	-9.81
1999-03-13	-7.04	-7.27	-6.4	-6.79
1999-03-14	-3.17	-3.7	-2.9	-3.55
1999-03-15	-1.67	-2.21	-1.42	-2.08
1999-03-16	-0.41	-0.97	-0.19	-0.88
1999-03-17	-0.1	-0.37	0.37	-0.04
1999-03-18	-0.91	-1.04	-0.35	-0.73
1999-03-19	1.08	0.65	1.41	0.82
1999-03-20	-0.6	-1.22	-0.34	-1.07
1999-03-21	-2.58	-3.34	-2.41	-3.19
1999-03-22	-2.73	-3.58	-2.69	-3.59
1999-03-23	-3.78	-4.28	-3.49	-4.24
1999-03-24	-2.76	-3.23	-2.36	-2.91
1999-03-25	-1.39	-1.89	-1.04	-1.6
1999-03-26	-0.48	-0.95	-0.13	-0.73
1999-03-27	1.76	1.31	2.13	1.55
1999-03-28	0.95	0.45	1.35	0.64
1999-03-29	2.37	1.91	2.76	2.17
1999-03-30	4.06	3.6	4.35	3.74
1999-03-31	2.78	2.22	3.09	2.34
1999-04-01	2.72	2.14	3.07	2.29
1999-04-02	2.57	1.98	2.84	2.18
1999-04-03	1.42	0.75	1.66	0.94
1999-04-04	-0.98	-1.59	-0.54	-1.27
1999-04-05	0.77	0.35	1.31	0.87
1999-04-06	3.53	3.18	4	3.81
1999-04-07	3.37	3	3.69	3.35
1999-04-08	3.54	2.88	3.69	3.18
1999-04-09	7.83	7.06	8.03	7.38
1999-04-10	6.52	5.59	6.7	5.94
1999-04-11	0.49	0.12	0.89	0.35
1999-04-12	-0.79	-1.18	-0.41	-1.01
1999-04-13	0.71	0.11	1.02	0.3
1999-04-14	1.86	1.29	2.17	1.49
1999-04-15	1.51	1.04	1.76	1.13
1999-04-16	2.75	2.16	3.02	2.23
1999-04-17	2.86	2.2	2.97	2.24
1999-04-18	2.11	1.39	2.26	1.47
1999-04-19	2.26	1.64	2.61	1.92
1999-04-20	2.39	1.78	2.66	1.92
1999-04-21	4.47	4.08	4.75	4.25
1999-04-22	2.69	2.18	3.03	2.44
1999-04-23	4.86	4.59	5.34	5.07
1999-04-24	4.03	4.05	4.64	4.54
1999-04-25	5.81	5.86	6.35	6.23
1999-04-26	6.62	6.58	7.15	6.95
1999-04-27	9.29	8.78	9.53	9.02
1999-04-28	7.54	6.8	7.72	6.96
1999-04-29	3.93	3.14	4.15	3.36
1999-04-30	2.11	1.56	2.47	1.87
1999-05-01	3.16	2.64	3.52	3
1999-05-02	1.72	1.5	2.18	1.94
1999-05-03	2.91	2.58	3.29	2.89
1999-05-04	4.45	3.85	4.69	4.06
1999-05-05	3.32	3.07	3.76	3.45
1999-05-06	7.26	6.65	7.48	6.93
1999-05-07	3.01	2.84	3.54	3.29
1999-05-08	-0.52	-0.77	-0.04	-0.45
1999-05-09	-0.6	-0.99	-0.17	-0.66
1999-05-10	0.25	-0.18	0.64	0.14
1999-05-11	0.67	0.28	1.05	0.57
1999-05-12	1.29	0.97	1.72	1.32
1999-05-13	1.53	1.14	1.89	1.41
1999-05-14	3.76	3.38	4.1	3.67
1999-05-15	6.2	5.73	6.49	5.99
1999-05-16	5.75	5.29	6.02	5.57
1999-05-17	6.89	6.22	7.06	6.46
1999-05-18	11.79	11.1	12	11.48
1999-05-19	11.26	10.81	11.54	11.22
1999-05-20	11	11.06	11.57	11.62
1999-05-21	12.29	12.48	12.98	13.18
1999-05-22	10.66	10.24	10.96	10.53
1999-05-23	10.46	9.91	10.67	10.12
1999-05-24	12.08	11.42	12.27	11.71
1999-05-25	11.47	10.83	11.62	10.98
1999-05-26	12.13	11.46	12.26	11.67
1999-05-27	10.79	10.06	11.01	10.38
1999-05-28	10.9	10.34	11.06	10.58
1999-05-29	8.47	7.83	8.78	8.29
1999-05-30	8.93	8.19	9.11	8.43
1999-05-31	9	8.46	9.27	8.8
1999-06-01	12.23	11.64	12.57	12.1
1999-06-02	11.05	10.45	11.47	11.06
1999-06-03	9.36	8.99	9.76	9.25
1999-06-04	12.47	11.9	12.81	12.15
1999-06-05	12.86	12.11	13.06	12.32
1999-06-06	11.13	10.42	11.43	10.68
1999-06-07	10.81	10.5	11.28	10.91
1999-06-08	13.31	13.21	13.89	13.67
1999-06-09	10.2	9.85	10.61	10.04
1999-06-10	13.19	12.68	13.48	12.83
1999-06-11	15	14.69	15.39	14.95
1999-06-12	16.43	15.89	16.63	15.94
1999-06-13	16.24	16.01	16.64	16.3
1999-06-14	17.25	16.61	17.49	16.93
1999-06-15	15.93	15.49	16.28	15.84
1999-06-16	14.26	13.95	14.69	14.24
1999-06-17	15.67	14.69	15.68	14.69
1999-06-18	12.26	11.75	12.63	12.02
1999-06-19	16.84	16.05	17	16.17
1999-06-20	14.4	13.46	14.48	13.46
1999-06-21	13.96	13.3	14.19	13.38
1999-06-22	11.71	10.75	11.82	10.86
1999-06-23	8.26	7.7	8.63	7.88
1999-06-24	11.69	10.85	11.94	11.16
1999-06-25	14.06	13.47	14.32	13.74
1999-06-26	13.47	13.29	13.92	13.42
1999-06-27	13.25	12.91	13.71	13.16
1999-06-28	15.32	15.19	15.91	15.66
1999-06-29	15.31	14.91	15.65	15.06
1999-06-30	16.26	15.64	16.54	15.79
1999-07-01	17.36	16.77	17.57	16.77
1999-07-02	15.42	14.83	15.63	14.81
1999-07-03	12.1	11.33	12.3	11.38
1999-07-04	14.68	14.13	15.05	14.46
1999-07-05	15.1	14.81	15.57	15.07
1999-07-06	14.48	13.83	14.78	14.03
1999-07-07	12.55	11.8	12.81	11.96
1999-07-08	13.52	12.97	13.91	13.21
1999-07-09	15.6	14.93	15.88	15.12
1999-07-10	21.21	20.71	21.47	20.89
1999-07-11	18.54	17.68	18.72	17.81
1999-07-12	19.79	19.53	20.28	19.99
1999-07-13	19.17	19	19.68	19.44
1999-07-14	18.9	18.58	19.31	18.85
1999-07-15	16.23	15.6	16.51	15.79
1999-07-16	14.58	13.79	14.83	14
1999-07-17	14.35	13.69	14.64	13.8
1999-07-18	16.56	15.96	16.88	16.12
1999-07-19	17.76	17.17	18.07	17.32
1999-07-20	17.65	17.14	17.99	17.3
1999-07-21	16.81	16.3	17.19	16.47
1999-07-22	14.7	13.97	14.89	13.99
1999-07-23	12.69	11.91	12.91	11.99
1999-07-24	14.6	13.97	14.86	14.04
1999-07-25	13.32	12.73	13.72	13
1999-07-26	12.06	11.34	12.32	11.45
1999-07-27	12.39	11.7	12.69	11.87
1999-07-28	14.45	13.78	14.76	13.97
1999-07-29	15.62	14.88	15.95	15.2
1999-07-30	14.17	13.84	14.66	14.18
1999-07-31	16.45	16.32	17.03	16.74
1999-08-01	19.09	18.64	19.43	18.93
1999-08-02	19.07	18.74	19.49	19.03
1999-08-03	18.74	18.12	18.95	18.34
1999-08-04	19.07	18.33	19.32	18.59
1999-08-05	12.81	12.24	13.23	12.49
1999-08-06	11.83	11.46	12.34	11.73
1999-08-07	11.68	10.96	12.01	11.17
1999-08-08	11.55	10.88	11.83	10.96
1999-08-09	12.68	12.14	13.05	12.28
1999-08-10	11.7	11.09	12.05	11.26
1999-08-11	12.56	11.76	12.74	11.77
1999-08-12	11.41	10.63	11.63	10.69
1999-08-13	11.52	10.81	11.73	10.9
1999-08-14	12.59	12.08	12.98	12.22
1999-08-15	11.91	11.42	12.28	11.56
1999-08-16	11.72	11.38	12.18	11.57
1999-08-17	13.65	13.14	14.04	13.31
1999-08-18	13.73	12.99	13.98	13.16
1999-08-19	12.89	12.38	13.24	12.54
1999-08-20	12.05	11.32	12.27	11.37
1999-08-21	9.78	9.1	10.07	9.23
1999-08-22	9.49	8.83	9.8	8.95
1999-08-23	9.31	8.58	9.58	8.68
1999-08-24	10.33	9.64	10.61	9.72
1999-08-25	12.47	11.86	12.79	12.13
1999-08-26	14.37	13.88	14.78	14.07
1999-08-27	12.69	12.16	13.08	12.33
1999-08-28	13.14	12.5	13.45	12.62
1999-08-29	12.72	12.08	13.02	12.24
1999-08-30	13.46	13.06	14.02	13.45
1999-08-31	10.68	9.75	10.78	9.69
1999-09-01	11.81	11.26	12.13	11.34
1999-09-02	15.19	14.66	15.52	14.77
1999-09-03	19.06	18.44	19.28	18.49
1999-09-04	14.79	14.17	15.12	14.55
1999-09-05	16.14	15.66	16.52	15.84
1999-09-06	16.25	15.71	16.6	15.85
1999-09-07	15.49	15.04	15.9	15.22
1999-09-08	13.25	12.51	13.61	12.76
1999-09-09	15.1	14.28	15.27	14.34
1999-09-10	13.24	12.53	13.55	12.75
1999-09-11	12.91	12.4	13.34	12.64
1999-09-12	13.56	13.3	14.11	13.56
1999-09-13	12.28	11.8	12.64	11.93
1999-09-14	11.48	10.95	11.83	11.1
1999-09-15	11.04	10.28	11.27	10.34
1999-09-16	9.91	9.25	10.26	9.42
1999-09-17	10.21	9.48	10.49	9.59
1999-09-18	11.61	10.87	11.84	10.85
1999-09-19	11.33	10.69	11.64	10.78
1999-09-20	11.12	10.47	11.43	10.6
1999-09-21	11	10.43	11.37	10.6
1999-09-22	10.55	9.9	10.86	10.01
1999-09-23	10.23	9.4	10.5	9.62
1999-09-24	8.83	8.15	9.18	8.37
1999-09-25	8.13	7.37	8.42	7.5
1999-09-26	8.3	7.56	8.57	7.64
1999-09-27	9.82	9.17	10.13	9.27
1999-09-28	9.55	8.97	9.88	9.08
1999-09-29	8.07	7.42	8.37	7.49
1999-09-30	7.9	7.26	8.21	7.31
1999-10-01	7.97	7.38	8.33	7.61
1999-10-02	8.97	8.34	9.3	8.57
1999-10-03	9.03	8.47	9.35	8.58
1999-10-04	8.21	7.59	8.5	7.71
1999-10-05	6.3	5.67	6.65	5.85
1999-10-06	5.03	4.43	5.4	4.64
1999-10-07	3.86	3.1	4.14	3.3
1999-10-08	3.5	2.64	3.61	2.65
1999-10-09	2.93	2.45	3.33	2.65
1999-10-10	4.77	4.2	5.11	4.4
1999-10-11	3.58	2.92	3.88	3.1
1999-10-12	4.21	3.46	4.45	3.58
1999-10-13	5.6	4.96	5.88	5.11
1999-10-14	6.02	5.4	6.31	5.52
1999-10-15	3.34	2.7	3.65	2.85
1999-10-16	2.47	1.77	2.74	1.9
1999-10-17	2.22	1.69	2.59	1.84
1999-10-18	2.97	2.6	3.49	2.9
1999-10-19	1.61	1.17	2.01	1.28
1999-10-20	1.17	0.63	1.54	0.77
1999-10-21	-0.01	-0.76	0.27	-0.65
1999-10-22	0.65	-0.03	0.98	0.09
1999-10-23	3.05	2.34	3.3	2.39
1999-10-24	5.18	4.55	5.44	4.64
1999-10-25	6.09	5.57	6.43	5.75
1999-10-26	6.26	5.8	6.62	5.97
1999-10-27	2.62	1.99	2.89	2.07
1999-10-28	2.86	2.31	3.26	2.56
1999-10-29	4.94	4.24	5.19	4.39
1999-10-30	5.29	4.7	5.7	5.04
1999-10-31	6.41	6.05	6.86	6.29
1999-11-01	5.69	4.98	6.09	5.16
1999-11-02	5.91	5.17	6.26	5.3
1999-11-03	4.33	3.45	4.56	3.44
1999-11-04	4.03	3.46	4.54	3.67
1999-11-05	5.67	5.02	6.06	5.12
1999-11-06	4.45	3.7	4.74	3.71
1999-11-07	4.77	4.07	5.06	4.06
1999-11-08	4.87	4.19	5.16	4.19
1999-11-09	3	2.15	3.26	2.2
1999-11-10	1.37	0.64	1.65	0.52
1999-11-11	8.34	7.58	8.59	7.56
1999-11-12	9.13	8.3	9.36	8.33
1999-11-13	4.3	3.41	4.52	3.44
1999-11-14	-1.16	-1.9	-0.84	-1.89
1999-11-15	-3.88	-4.49	-3.44	-4.45
1999-11-16	-3.24	-4.01	-2.91	-4.02
1999-11-17	-1.54	-2.3	-1.21	-2.27
1999-11-18	-1.8	-2.65	-1.5	-2.61
1999-11-19	-4.4	-5.45	-4.23	-5.5
1999-11-20	-3.18	-3.9	-2.78	-3.95
1999-11-21	-0.1	-0.41	0.44	-0.34
1999-11-22	-3.58	-4.21	-3.2	-4.32
1999-11-23	-2.43	-2.99	-2.03	-2.93
1999-11-24	1.08	0.59	1.48	0.64
1999-11-25	2.03	1.5	2.42	1.57
1999-11-26	0.88	0.16	1.2	0.2
1999-11-27	4.3	3.5	4.52	3.45
1999-11-28	3.18	2.39	3.46	2.44
1999-11-29	2.62	1.61	2.83	1.75
1999-11-30	0.25	-0.53	0.55	-0.46
1999-12-01	0.88	0.28	1.25	0.31
1999-12-02	-1.2	-1.8	-0.86	-1.82
1999-12-03	-4.11	-4.67	-3.69	-4.64
1999-12-04	-7.75	-8.44	-7.38	-8.32
1999-12-05	-6.01	-6.55	-5.6	-6.58
1999-12-06	-5.94	-6.61	-5.5	-6.38
1999-12-07	-8.41	-9.32	-8.06	-9.15
1999-12-08	-16.02	-17.37	-16.08	-17.58
1999-12-09	-6.09	-6.97	-5.78	-6.96
1999-12-10	-9.3	-10.12	-9.04	-10.1
1999-12-11	-17.59	-19	-17.47	-18.95
1999-12-12	-10.25	-11.75	-10.22	-11.75
1999-12-13	-8.52	-9.33	-8.33	-9.46
1999-12-14	-14.14	-15.05	-13.94	-15.19
1999-12-15	-17.88	-19.19	-17.69	-19.19
1999-12-16	-17.87	-18.83	-17.47	-18.94
1999-12-17	-8.2	-8.77	-7.67	-8.8
1999-12-18	-4.64	-5.11	-4.19	-5.04
1999-12-19	-6.13	-6.46	-5.55	-6.32
1999-12-20	-8.03	-8.54	-7.55	-8.51
1999-12-21	-9.16	-9.77	-8.86	-10.15
1999-12-22	-9.83	-11.05	-9.4	-10.55
1999-12-23	-1.51	-1.98	-1.1	-1.95
1999-12-24	0	-0.37	0.46	-0.32
1999-12-25	-0.15	-0.46	0.32	-0.42
1999-12-26	-0.56	-0.93	-0.13	-0.94
1999-12-27	-2.67	-3.14	-2.3	-3.22
1999-12-28	-4.65	-5.22	-4.32	-5.26
1999-12-29	-8.16	-8.8	-7.87	-8.85
1999-12-30	-12.7	-13.53	-12.54	-13.65
1999-12-31	-17.33	-18.6	-17.28	-18.79
2000-01-01	-10.24	-11.02	-10.02	-11.23
2000-01-02	-5.84	-6.27	-5.29	-5.94
2000-01-03	-4.2	-4.69	-3.77	-4.56
2000-01-04	1.08	0.58	1.4	0.65
2000-01-05	-6.48	-7.24	-6.06	-6.97
2000-01-06	1.86	1.51	2.3	1.76
2000-01-07	-0.23	-0.7	0.16	-0.53
2000-01-08	2.69	2.24	2.99	2.37
2000-01-09	-1.11	-1.92	-0.99	-1.92
2000-01-10	-3.71	-4.55	-3.6	-4.64
2000-01-11	-2.35	-3.13	-2.05	-2.84
2000-01-12	-1.16	-1.89	-0.91	-1.7
2000-01-13	-4.16	-4.88	-3.94	-4.78
2000-01-14	-7.55	-8.26	-7.33	-8.35
2000-01-15	-2.46	-2.97	-2.18	-2.97
2000-01-16	2.16	1.68	2.5	1.85
2000-01-17	-0.9	-1.51	-0.66	-1.41
2000-01-18	-3.56	-4.07	-3.21	-3.82
2000-01-19	-5.21	-5.87	-4.94	-5.78
2000-01-20	-5.42	-5.94	-5.03	-5.71
2000-01-21	-13.11	-13.92	-12.79	-13.75
2000-01-22	-19.35	-20.76	-19.21	-20.47
2000-01-23	-16.04	-17.04	-15.66	-16.61
2000-01-24	-10.45	-10.7	-9.73	-10.16
2000-01-25	-1.21	-1.42	-0.68	-1.2
2000-01-26	1.28	0.95	1.68	1.08
2000-01-27	-4.27	-5.23	-4.22	-5.39
2000-01-28	-8	-8.8	-7.66	-8.76
2000-01-29	-3.11	-3.65	-2.7	-3.38
2000-01-30	-3.98	-4.49	-3.66	-4.43
2000-01-31	-8.4	-8.9	-8.09	-8.97
2000-02-01	-7.06	-7.56	-6.77	-7.43
2000-02-02	-11.21	-11.98	-10.84	-11.45
2000-02-03	-6.8	-7.3	-6.44	-7.06
2000-02-04	-1.24	-1.69	-0.92	-1.45
2000-02-05	-3.6	-3.89	-3.17	-3.68
2000-02-06	0.25	-0.07	0.67	0.25
2000-02-07	0.35	-0.05	0.76	0.33
2000-02-08	-1.45	-2.09	-1.26	-2
2000-02-09	-6.34	-7.53	-6.36	-7.54
2000-02-10	-1.32	-1.69	-0.95	-1.44
2000-02-11	0.11	-0.52	0.32	-0.27
2000-02-12	0.04	-0.48	0.35	-0.11
2000-02-13	-1.31	-2.04	-1.17	-1.86
2000-02-14	-3.16	-4.01	-3.07	-3.84
2000-02-15	-5.69	-6.56	-5.58	-6.42
2000-02-16	-5.7	-6.27	-5.35	-5.92
2000-02-17	-7.6	-8.56	-7.51	-8.83
2000-02-18	-9.39	-9.78	-8.71	-9.26
2000-02-19	-10.24	-10.87	-9.91	-10.89
2000-02-20	-5.75	-6.36	-5.5	-6.22
2000-02-21	-7.92	-8.52	-7.47	-8.45
2000-02-22	-8.31	-8.87	-7.91	-8.66
2000-02-23	-6.08	-6.63	-5.77	-6.61
2000-02-24	-4.25	-4.69	-3.92	-4.43
2000-02-25	-3.88	-4.39	-3.56	-4.33
2000-02-26	-6.32	-6.47	-5.67	-6.17
2000-02-27	-0.24	-0.53	0.22	-0.19
2000-02-28	1.18	0.82	1.6	1.21
2000-02-29	0.22	-0.21	0.59	0.13
2000-03-01	0.7	0.4	1.13	0.64
2000-03-02	-3.39	-4.18	-3.14	-4.04
2000-03-03	-4.3	-5.25	-4.12	-4.94
2000-03-04	-6.54	-7.03	-6.12	-6.7
2000-03-05	-10.49	-10.89	-10	-10.62
2000-03-06	-2.95	-3.5	-2.52	-3.09
2000-03-07	0.06	-0.49	0.38	-0.28
2000-03-08	-4.74	-5.28	-4.37	-5.12
2000-03-09	-5.01	-5.47	-4.59	-5.2
2000-03-10	-2.94	-3.39	-2.52	-3.14
2000-03-11	-7.63	-8.17	-7.22	-8.02
2000-03-12	-4.78	-5.32	-4.48	-5.28
2000-03-13	-0.23	-0.63	0.15	-0.43
2000-03-14	0.09	-0.46	0.41	-0.28
2000-03-15	-2.86	-3.45	-2.59	-3.36
2000-03-16	-3.66	-4.19	-3.31	-4.03
2000-03-17	-4.57	-4.78	-4.04	-4.38
2000-03-18	0.48	0.05	0.84	0.25
2000-03-19	1.39	1.06	1.8	1.21
2000-03-20	3.3	2.87	3.65	3.1
2000-03-21	1.14	0.61	1.43	0.84
2000-03-22	-0.84	-1.49	-0.58	-1.3
2000-03-23	-1.22	-1.86	-1.02	-1.77
2000-03-24	-0.73	-1.42	-0.52	-1.27
2000-03-25	-2.06	-2.87	-1.86	-2.5
2000-03-26	-2.94	-3.93	-2.71	-3.52
2000-03-27	-4.49	-5.29	-4.18	-5.07
2000-03-28	-1.7	-2.3	-1.33	-2.2
2000-03-29	1.71	1.42	2.1	1.62
2000-03-30	3.62	3.12	3.74	3.3
2000-03-31	2.63	2.11	2.73	2.38
2000-04-01	-0.95	-2.1	-1.07	-1.92
2000-04-02	-3.49	-4.47	-3.52	-4.19
2000-04-03	-2.23	-3.03	-2.11	-2.77
2000-04-04	-1.2	-2.19	-1.14	-2
2000-04-05	-2.5	-3.13	-2.23	-2.92
2000-04-06	0.06	-0.6	0.28	-0.46
2000-04-07	-1.53	-1.87	-1.19	-1.57
2000-04-08	-2.85	-2.8	-2.05	-2.24
2000-04-09	-1.68	-1.95	-1.12	-1.5
2000-04-10	1.94	1.67	2.32	1.91
2000-04-11	1.5	1.28	1.93	1.72
2000-04-12	1.8	1.39	2.1	1.75
2000-04-13	1.43	0.97	1.72	1.26
2000-04-14	1.71	1.38	2.07	1.7
2000-04-15	1.27	0.89	1.62	1.28
2000-04-16	1.62	1.22	1.93	1.5
2000-04-17	3.61	3.03	3.86	3.33
2000-04-18	6.43	5.9	6.65	6.22
2000-04-19	7.62	7.06	7.83	7.3
2000-04-20	8.08	7.74	8.43	8.06
2000-04-21	10.33	9.9	10.61	10.17
2000-04-22	9.7	9.11	9.9	9.23
2000-04-23	6.55	6.25	6.95	6.55
2000-04-24	6.5	6.17	6.8	6.4
2000-04-25	4.67	4.18	5.03	4.54
2000-04-26	6.14	5.43	6.32	5.76
2000-04-27	2.34	1.89	2.74	2.31
2000-04-28	5.89	5.92	6.51	6.49
2000-04-29	9.52	9.85	10.3	10.61
2000-04-30	4.52	4.33	5.05	4.83
2000-05-01	2.92	2.55	3.27	2.91
2000-05-02	7.71	7.45	8.04	7.69
2000-05-03	6.91	6.24	7.09	6.46
2000-05-04	7.12	6.51	7.32	6.8
2000-05-05	8.62	7.91	8.84	8.21
2000-05-06	6.09	5.86	6.5	6.28
2000-05-07	10.6	10.11	10.85	10.45
2000-05-08	10.13	9.48	10.36	9.83
2000-05-09	14.04	13.74	14.36	14.21
2000-05-10	9.86	9.06	10.02	9.34
2000-05-11	4.96	4.2	5.1	4.41
2000-05-12	4.7	4.02	4.9	4.29
2000-05-13	10.11	9.37	10.32	9.74
2000-05-14	12.97	12.24	13.12	12.54
2000-05-15	10.19	10.2	10.74	10.78
2000-05-16	8.27	8.51	9.02	9.31
2000-05-17	15.31	15.54	16.03	16.38
2000-05-18	11.58	11.77	12.38	12.57
2000-05-19	9.16	9.09	9.73	9.6
2000-05-20	10.23	10.19	10.72	10.64
2000-05-21	8.73	7.94	8.76	7.96
2000-05-22	8.31	7.94	8.6	8.18
2000-05-23	10.39	10.13	10.81	10.57
2000-05-24	9.73	9.29	10.04	9.58
2000-05-25	9.41	8.66	9.51	8.84
2000-05-26	5.92	5.37	6.22	5.71
2000-05-27	9.78	9.29	10.02	9.57
2000-05-28	10.61	10.06	10.81	10.27
2000-05-29	7.11	6.81	7.43	7.03
2000-05-30	8.52	7.95	8.76	8.2
2000-05-31	6.68	6.32	7.05	6.69
2000-06-01	9.23	8.65	9.62	8.98
2000-06-02	7.93	7.54	8.41	7.88
2000-06-03	6.77	6.07	7.08	6.26
2000-06-04	7.27	6.54	7.51	6.65
2000-06-05	7.75	6.99	7.96	7.06
2000-06-06	8.49	8.06	8.89	8.31
2000-06-07	8.18	7.89	8.67	8.13
2000-06-08	10.61	9.83	10.81	9.96
2000-06-09	10.81	10.35	11.18	10.68
2000-06-10	16.25	15.79	16.61	16.13
2000-06-11	14.93	14.4	15.4	14.95
2000-06-12	11.79	11.17	12.06	11.38
2000-06-13	12.3	11.51	12.56	11.81
2000-06-14	11.52	10.79	11.83	11.05
2000-06-15	9.07	8.39	9.35	8.55
2000-06-16	8.73	8	8.96	8.12
2000-06-17	7.87	7.18	8.16	7.34
2000-06-18	9.08	8.42	9.35	8.56
2000-06-19	14.49	13.81	14.78	14.1
2000-06-20	12.63	12.03	12.91	12.23
2000-06-21	15.76	15.65	16.36	16.13
2000-06-22	15.56	15.1	15.89	15.25
2000-06-23	14.76	14.2	15.01	14.3
2000-06-24	14.02	13.39	14.28	13.64
2000-06-25	12.88	12.3	13.12	12.48
2000-06-26	11.29	10.69	11.56	10.77
2000-06-27	8.39	7.71	8.57	7.63
2000-06-28	11.03	10.79	11.5	10.95
2000-06-29	14.26	13.85	14.62	13.98
2000-06-30	17.51	17.31	17.89	17.45
2000-07-01	13.94	13.72	14.43	13.97
2000-07-02	15.09	14.69	15.46	14.91
2000-07-03	14.53	14.2	15.01	14.61
2000-07-04	14.99	14.14	15.16	14.27
2000-07-05	13.64	12.88	13.85	12.93
2000-07-06	14.63	14.09	14.99	14.36
2000-07-07	12.18	11.59	12.56	11.9
2000-07-08	9.22	8.25	9.32	8.25
2000-07-09	9.94	9.07	10.18	9.2
2000-07-10	12.6	11.91	12.9	12.07
2000-07-11	12.73	12.06	13.07	12.26
2000-07-12	13.65	13.06	14.06	13.34
2000-07-13	13.34	12.7	13.65	12.8
2000-07-14	12.57	11.69	12.75	11.73
2000-07-15	13.61	13.07	14	13.3
2000-07-16	13.56	12.82	13.81	12.9
2000-07-17	14.34	13.81	14.73	14.02
2000-07-18	14.56	13.95	14.88	14.1
2000-07-19	15.12	14.43	15.38	14.55
2000-07-20	14.09	13.49	14.44	13.62
2000-07-21	15.1	14.37	15.36	14.48
2000-07-22	17.7	16.89	17.92	16.97
2000-07-23	15.11	14.18	15.17	14.02
2000-07-24	14.74	14.43	15.25	14.68
2000-07-25	13.91	13.39	14.3	13.56
2000-07-26	13.48	13.15	13.96	13.34
2000-07-27	12.87	12.46	13.32	12.61
2000-07-28	14.74	14.33	15.16	14.54
2000-07-29	16.25	16	16.72	16.25
2000-07-30	16.07	15.45	16.34	15.61
2000-07-31	14.9	14.09	15.12	14.22
2000-08-01	15.07	14.21	15.25	14.15
2000-08-02	14.86	14.35	15.23	14.45
2000-08-03	14.02	13.44	14.35	13.44
2000-08-04	14.91	14.48	15.37	14.67
2000-08-05	15.31	14.69	15.69	14.76
2000-08-06	14.56	13.7	14.81	13.69
2000-08-07	11.55	10.7	11.83	10.83
2000-08-08	10.95	10.09	11.16	10.01
2000-08-09	12.4	11.59	12.7	11.69
2000-08-10	13.01	12.23	13.31	12.36
2000-08-11	14.31	13.58	14.63	13.64
2000-08-12	12.95	12.18	13.26	12.27
2000-08-13	14.61	14.1	15.03	14.3
2000-08-14	16.37	15.79	16.75	15.92
2000-08-15	14.91	14.13	15.21	14.26
2000-08-16	13.21	12.38	13.5	12.46
2000-08-17	12.98	12.35	13.36	12.42
2000-08-18	12.43	11.71	12.77	11.81
2000-08-19	12.77	11.98	13.09	12.05
2000-08-20	10.25	9.52	10.58	9.51
2000-08-21	11.8	10.92	12.03	10.94
2000-08-22	11.47	10.62	11.7	10.6
2000-08-23	10.7	9.93	10.99	9.94
2000-08-24	10.85	10.09	11.13	10.08
2000-08-25	11.28	10.54	11.6	10.57
2000-08-26	14.62	14.07	15.04	14.19
2000-08-27	15.3	14.72	15.66	14.75
2000-08-28	15.09	14.52	15.48	14.57
2000-08-29	14.22	13.7	14.65	13.8
2000-08-30	13.72	13.1	14.08	13.14
2000-08-31	12.59	11.91	12.92	11.98
2000-09-01	12.13	11.73	12.58	12.01
2000-09-02	10.13	9.34	10.4	9.53
2000-09-03	8.73	7.99	8.98	8.15
2000-09-04	7.87	7.22	8.17	7.39
2000-09-05	8.32	7.82	8.7	8.06
2000-09-06	9.55	8.88	9.86	9.1
2000-09-07	10.73	10.15	11.1	10.42
2000-09-08	11.58	11.05	11.95	11.26
2000-09-09	11.81	11.14	12.1	11.33
2000-09-10	10.73	9.95	10.97	10.16
2000-09-11	8.87	8.11	9.08	8.25
2000-09-12	8.32	7.59	8.56	7.7
2000-09-13	7.39	6.68	7.63	6.78
2000-09-14	6.86	6.17	7.16	6.28
2000-09-15	7.63	7.07	8	7.23
2000-09-16	8.57	8.06	8.93	8.21
2000-09-17	9.16	8.64	9.5	8.78
2000-09-18	8.78	8.23	9.12	8.37
2000-09-19	7.88	7.3	8.2	7.4
2000-09-20	7.74	7.2	8.15	7.39
2000-09-21	7.51	6.93	7.83	7.03
2000-09-22	8.21	7.55	8.51	7.68
2000-09-23	9.17	8.57	9.46	8.71
2000-09-24	10.07	9.56	10.42	9.67
2000-09-25	10.14	9.65	10.47	9.91
2000-09-26	7.7	7.27	8.11	7.52
2000-09-27	7.53	6.94	7.92	7.23
2000-09-28	9.6	8.95	9.88	9.09
2000-09-29	11.57	11.11	11.94	11.34
2000-09-30	12.82	12.47	13.18	12.62
2000-10-01	9.92	9.46	10.26	9.69
2000-10-02	10.62	10.11	10.91	10.3
2000-10-03	10.42	9.88	10.7	10.09
2000-10-04	9.94	9.35	10.17	9.48
2000-10-05	10.25	9.95	10.7	10.23
2000-10-06	10.31	9.94	10.69	10.24
2000-10-07	9.97	9.59	10.36	9.91
2000-10-08	9.38	8.88	9.68	9.08
2000-10-09	9.62	9.15	9.96	9.38
2000-10-10	6.35	5.8	6.64	5.97
2000-10-11	6.51	5.89	6.81	6.09
2000-10-12	7.99	7.45	8.3	7.68
2000-10-13	7.89	7.3	8.16	7.49
2000-10-14	6.87	6.21	7.19	6.5
2000-10-15	8.02	7.49	8.39	7.77
2000-10-16	7.54	7.09	7.93	7.4
2000-10-17	8.76	8.36	9.15	8.68
2000-10-18	8.36	7.99	8.76	8.25
2000-10-19	6.88	6.35	7.22	6.6
2000-10-20	7.89	7.4	8.28	7.66
2000-10-21	7.37	6.79	7.7	7.1
2000-10-22	7.38	6.74	7.65	6.93
2000-10-23	5.73	5.17	6.06	5.37
2000-10-24	7.57	7.08	7.9	7.29
2000-10-25	5.09	4.48	5.34	4.61
2000-10-26	0.9	0.32	1.24	0.57
2000-10-27	-0.49	-1.05	-0.12	-0.82
2000-10-28	-0.54	-1.24	-0.2	-1.03
2000-10-29	-0.13	-0.78	0.2	-0.54
2000-10-30	2.65	1.81	2.85	1.99
2000-10-31	5.62	4.88	5.81	5.03
2000-11-01	4.33	3.58	4.65	3.58
2000-11-02	4.16	3.43	4.48	3.38
2000-11-03	3.94	3.16	4.19	3.05
2000-11-04	4.82	3.98	5.01	3.79
2000-11-05	3.04	2.44	3.46	2.48
2000-11-06	2.33	1.55	2.65	1.54
2000-11-07	2.59	1.66	2.86	1.72
2000-11-08	4.43	3.7	4.76	3.74
2000-11-09	4.43	3.73	4.76	3.74
2000-11-10	4.03	3.37	4.37	3.37
2000-11-11	3.43	2.69	3.73	2.7
2000-11-12	3.11	2.4	3.45	2.39
2000-11-13	3.82	3.02	4.07	2.92
2000-11-14	3.41	2.67	3.72	2.66
2000-11-15	-0.42	-1.3	-0.14	-1.25
2000-11-16	-0.39	-1.09	0.08	-0.92
2000-11-17	0.08	-0.66	0.5	-0.63
2000-11-18	1.97	1.04	2.23	1.03
2000-11-19	1.31	0.46	1.55	0.35
2000-11-20	2.49	1.72	2.78	1.67
2000-11-21	-0.38	-1.15	-0.02	-1.1
2000-11-22	0.14	-0.66	0.49	-0.62
2000-11-23	2.1	1.44	2.49	1.43
2000-11-24	2.57	1.85	2.91	1.84
2000-11-25	3.05	2.3	3.34	2.26
2000-11-26	1.94	1.21	2.26	1.18
2000-11-27	2.67	1.97	3	1.93
2000-11-28	0.54	-0.12	0.91	-0.11
2000-11-29	0.26	-0.54	0.7	-0.35
2000-11-30	3.08	2.24	3.37	2.25
2000-12-01	0	-0.92	0.19	-1.19
2000-12-02	2.26	1.66	2.69	1.6
2000-12-03	2.72	1.87	3.09	1.91
2000-12-04	1.52	0.62	1.89	0.68
2000-12-05	3.18	2.48	3.6	2.5
2000-12-06	4.94	4.34	5.31	4.18
2000-12-07	3.7	3.16	4.12	3.07
2000-12-08	1.1	0.38	1.45	0.3
2000-12-09	0.4	-0.39	0.74	-0.51
2000-12-10	2.99	2.29	3.35	2.21
2000-12-11	2.06	1.26	2.34	1.1
2000-12-12	-1.44	-2.24	-1.09	-2.31
2000-12-13	1.73	0.99	2.06	0.86
2000-12-14	1.5	0.85	1.84	0.68
2000-12-15	0.54	-0.29	0.78	-0.5
2000-12-16	0.12	-0.5	0.49	-0.66
2000-12-17	-1.87	-2.36	-1.39	-2.46
2000-12-18	-4.24	-4.81	-3.74	-4.87
2000-12-19	-6.23	-7.05	-5.88	-7.15
2000-12-20	-7.95	-8.92	-7.7	-8.99
2000-12-21	-6.84	-7.72	-6.52	-7.75
2000-12-22	-3	-3.73	-2.65	-3.93
2000-12-23	-5.3	-6.17	-5.02	-6.38
2000-12-24	-7.74	-8.59	-7.39	-8.66
2000-12-25	-9.62	-10.6	-9.37	-10.75
2000-12-26	-8.43	-9.49	-8.13	-9.6
2000-12-27	-8.18	-8.86	-7.66	-8.99
2000-12-28	-9.84	-11.27	-9.66	-11.36
2000-12-29	-8.54	-9.95	-8.52	-10.25
2000-12-30	-15.34	-16.53	-15.09	-16.53
2000-12-31	-16.18	-18.04	-16.08	-17.92
2001-01-01	-13.81	-14.64	-13.37	-14.77
2001-01-02	-2.66	-3.42	-2.35	-3.45
2001-01-03	-0.73	-1.55	-0.48	-1.66
2001-01-04	-1.24	-1.76	-0.79	-1.66
2001-01-05	-2.36	-3.08	-1.94	-2.94
2001-01-06	-0.69	-1.26	-0.25	-1.14
2001-01-07	-1.66	-2.27	-1.24	-2.14
2001-01-08	-2.23	-2.67	-1.7	-2.49
2001-01-09	-5.46	-6.15	-5.12	-6.04
2001-01-10	-7.2	-8.02	-6.92	-7.99
2001-01-11	-6.64	-7.42	-6.31	-7.33
2001-01-12	-6.7	-7.51	-6.36	-7.39
2001-01-13	-0.67	-1.38	-0.41	-1.59
2001-01-14	-2.31	-3.35	-2.29	-3.78
2001-01-15	-4.55	-5.5	-4.53	-6.17
2001-01-16	-9.7	-11.39	-10.29	-12.32
2001-01-17	-10.45	-12.08	-10.7	-12.37
2001-01-18	-9.85	-10.55	-9.51	-10.62
2001-01-19	-11.19	-12.31	-11.21	-12.74
2001-01-20	-8.34	-9.06	-7.87	-8.98
2001-01-21	-7.66	-7.94	-6.85	-7.48
2001-01-22	-6.54	-7	-5.95	-6.8
2001-01-23	-4.44	-5.28	-4.18	-5.31
2001-01-24	-1.73	-2.42	-1.4	-2.38
2001-01-25	-0.04	-0.55	0.48	-0.29
2001-01-26	-1.73	-2.18	-1.2	-1.99
2001-01-27	-3.77	-4.11	-3.25	-3.93
2001-01-28	-4.53	-5.22	-4.11	-5.08
2001-01-29	-7.34	-8.12	-6.97	-7.94
2001-01-30	-9.33	-10.04	-8.82	-9.57
2001-01-31	-9.57	-10.32	-9.17	-10.08
2001-02-01	-13.56	-14.1	-13.22	-14
2001-02-02	-13.75	-14.89	-13.72	-14.88
2001-02-03	-20.15	-20.99	-19.91	-20.93
2001-02-04	-21.45	-22.07	-21.15	-22.07
2001-02-05	-17.35	-18.25	-17.14	-18.28
2001-02-06	-11.24	-12.3	-11	-12.07
2001-02-07	-5.93	-6.72	-5.59	-6.38
2001-02-08	-2.66	-3.32	-2.39	-3.17
2001-02-09	-7.74	-8.33	-7.42	-8.29
2001-02-10	-8.71	-9.31	-8.29	-9.36
2001-02-11	-5.7	-6.15	-5.29	-5.98
2001-02-12	-1.61	-1.95	-0.99	-1.48
2001-02-13	0.45	0.18	0.89	0.33
2001-02-14	2.57	2.36	2.93	2.25
2001-02-15	1.07	0.73	1.39	0.64
2001-02-16	-1.98	-2.54	-1.72	-2.57
2001-02-17	-1.21	-1.65	-0.86	-1.52
2001-02-18	-1.06	-1.35	-0.63	-1.19
2001-02-19	0.87	0.46	1.2	0.53
2001-02-20	-0.45	-0.95	-0.18	-0.92
2001-02-21	-2.41	-2.7	-1.95	-2.45
2001-02-22	-13.23	-13.95	-12.95	-13.76
2001-02-23	-19.09	-20.22	-18.91	-20.1
2001-02-24	-16.61	-17.31	-16.1	-17.07
2001-02-25	-19.14	-19.97	-18.63	-19.5
2001-02-26	-19.31	-20.35	-19.11	-20.27
2001-02-27	-18.57	-19.69	-18.42	-19.66
2001-02-28	-17.74	-18.58	-17.43	-18.55
2001-03-01	-14.51	-15.48	-14.33	-15.47
2001-03-02	-12.4	-13.25	-12.21	-13.19
2001-03-03	-16.34	-17.16	-16.15	-16.96
2001-03-04	-9.11	-9.77	-8.59	-9.31
2001-03-05	-3.62	-4.37	-3.34	-4.07
2001-03-06	0.39	-0.17	0.79	0.19
2001-03-07	-4.08	-4.76	-3.8	-4.54
2001-03-08	-2.47	-3.11	-2.26	-3.08
2001-03-09	-0.28	-0.79	0	-0.7
2001-03-10	0.71	0.3	1.09	0.51
2001-03-11	0.16	-0.14	0.78	0.29
2001-03-12	-0.4	-0.96	0	-0.58
2001-03-13	-2.6	-3.16	-2.31	-3.02
2001-03-14	-2.97	-3.48	-2.6	-3.27
2001-03-15	-4.56	-5.22	-4.28	-5.01
2001-03-16	-4.58	-5.23	-4.33	-5.11
2001-03-17	-8.65	-9.15	-8.17	-8.94
2001-03-18	-10.24	-10.91	-9.9	-10.8
2001-03-19	-10.32	-11.01	-10.07	-10.91
2001-03-20	-7.54	-8.27	-7.36	-8.26
2001-03-21	-4.17	-4.9	-4	-4.85
2001-03-22	-6.63	-7.16	-6.32	-7.05
2001-03-23	-8.17	-8.34	-7.44	-7.85
2001-03-24	-7.53	-7.52	-6.87	-7.05
2001-03-25	-7.15	-7.35	-6.58	-7.01
2001-03-26	-5.43	-6.08	-5.2	-5.89
2001-03-27	-1.63	-2.37	-1.52	-2.42
2001-03-28	-2.2	-2.89	-2.03	-2.84
2001-03-29	-1.98	-2.54	-1.72	-2.46
2001-03-30	0.04	-0.49	0.29	-0.44
2001-03-31	2.32	1.77	2.56	1.84
2001-04-01	3.64	3.21	4.1	3.44
2001-04-02	3.61	3.14	4.06	3.33
2001-04-03	2.04	1.73	2.65	2.14
2001-04-04	3.39	2.94	3.81	3.09
2001-04-05	2.17	1.76	2.67	2.02
2001-04-06	2.66	2.17	3.03	2.31
2001-04-07	1.49	0.95	1.93	1.23
2001-04-08	2.47	2.05	2.88	2.28
2001-04-09	2.45	1.91	2.85	2.11
2001-04-10	1.2	0.37	1.42	0.52
2001-04-11	0.69	-0.15	0.82	0.02
2001-04-12	-1	-1.78	-0.73	-1.63
2001-04-13	-2.81	-4	-2.87	-4.09
2001-04-14	-2.76	-3.87	-2.82	-4.06
2001-04-15	-0.71	-1.7	-0.69	-1.57
2001-04-16	2.06	1.19	2.18	1.29
2001-04-17	0.65	-0.11	0.87	-0.01
2001-04-18	0.15	-0.65	0.37	-0.49
2001-04-19	0.75	0.16	1.07	0.34
2001-04-20	1.8	0.85	1.76	0.99
2001-04-21	2.96	2.11	2.99	2.14
2001-04-22	3.8	3.18	3.93	3.2
2001-04-23	5.63	5.11	5.9	5.24
2001-04-24	4.21	3.98	4.74	4.36
2001-04-25	7.13	6.85	7.63	7.22
2001-04-26	3.17	3.17	3.83	3.51
2001-04-27	7.3	6.88	7.71	7.15
2001-04-28	7.16	7	7.78	7.48
2001-04-29	4.29	4.51	5.12	5.01
2001-04-30	8.19	7.65	8.52	7.89
2001-05-01	3.21	2.88	3.67	3.33
2001-05-02	7.75	7.21	8.06	7.52
2001-05-03	8.31	7.66	8.6	8.06
2001-05-04	3.04	3.02	3.56	3.27
2001-05-05	5.22	4.57	5.43	4.76
2001-05-06	5.99	5.33	6.19	5.52
2001-05-07	10.18	9.59	10.38	9.81
2001-05-08	13.96	13.35	14.1	13.58
2001-05-09	10.88	10.09	11.08	10.39
2001-05-10	9.39	8.68	9.63	8.93
2001-05-11	9.53	8.85	9.76	9.1
2001-05-12	11.01	10.53	11.28	10.9
2001-05-13	8.57	7.82	8.8	8.1
2001-05-14	6.81	5.98	6.96	6.15
2001-05-15	6.61	6.33	7.03	6.72
2001-05-16	6.89	6.71	7.3	6.99
2001-05-17	4.87	4.65	5.3	4.91
2001-05-18	7.2	7	7.68	7.41
2001-05-19	6.31	5.82	6.71	6.22
2001-05-20	6.61	5.9	6.82	6.08
2001-05-21	6.38	5.66	6.56	5.76
2001-05-22	9.3	8.82	9.6	9.12
2001-05-23	9.53	8.82	9.74	9.08
2001-05-24	6.2	5.57	6.49	5.86
2001-05-25	6.62	5.95	6.86	6.12
2001-05-26	7.5	7.04	7.85	7.41
2001-05-27	8.75	8.4	9.22	8.86
2001-05-28	5.45	5.2	5.89	5.51
2001-05-29	3.61	3.31	4.03	3.54
2001-05-30	5.86	5.91	6.46	6.36
2001-05-31	8.64	8.65	9.18	9.05
2001-06-01	8.97	8.79	9.53	9.27
2001-06-02	7.7	7.55	8.23	7.89
2001-06-03	9.2	8.62	9.48	8.85
2001-06-04	8.23	7.6	8.51	7.93
2001-06-05	12.3	11.86	12.68	12.21
2001-06-06	14.2	13.75	14.5	13.92
2001-06-07	11.3	10.91	11.69	11.19
2001-06-08	9.43	8.93	9.8	9.13
2001-06-09	8.51	7.93	8.78	8.09
2001-06-10	8.49	7.82	8.81	8.09
2001-06-11	6.13	5.44	6.49	5.75
2001-06-12	7.66	6.98	7.97	7.22
2001-06-13	8.68	7.97	8.92	8.13
2001-06-14	11.49	10.77	11.71	10.98
2001-06-15	10.01	9.25	10.26	9.4
2001-06-16	10.98	10.29	11.28	10.57
2001-06-17	11.95	11.42	12.26	11.63
2001-06-18	13.51	12.87	13.73	13.03
2001-06-19	14.5	13.9	14.75	14.15
2001-06-20	14.23	13.93	14.64	14.26
2001-06-21	11.52	11.27	11.96	11.51
2001-06-22	11.46	11.1	11.88	11.34
2001-06-23	14.77	14.25	15.09	14.45
2001-06-24	16.51	16.03	16.83	16.18
2001-06-25	17.04	16.55	17.43	16.84
2001-06-26	16.66	16.32	17.07	16.64
2001-06-27	18.28	17.85	18.6	18.15
2001-06-28	20.66	20.11	20.91	20.31
2001-06-29	18.41	17.61	18.51	17.68
2001-06-30	18.37	17.68	18.59	17.86
2001-07-01	16.1	15.47	16.41	15.53
2001-07-02	14.22	13.35	14.5	13.48
2001-07-03	18.6	17.87	18.91	18.11
2001-07-04	19.9	19.47	20.29	19.81
2001-07-05	20.95	19.86	21.1	19.94
2001-07-06	18.06	17.57	18.46	17.8
2001-07-07	18.19	17.92	18.7	18.14
2001-07-08	20.27	20.06	20.8	20.37
2001-07-09	20.67	20.45	21.22	20.78
2001-07-10	18.22	17.87	18.7	17.99
2001-07-11	18.55	17.91	18.82	17.81
2001-07-12	15.16	14.42	15.41	14.28
2001-07-13	13.76	13.12	14.08	13.07
2001-07-14	15.21	14.43	15.47	14.39
2001-07-15	14.64	13.95	14.96	13.99
2001-07-16	15.53	14.73	15.74	14.73
2001-07-17	13.75	13.19	14.14	13.24
2001-07-18	12.53	11.75	12.83	11.75
2001-07-19	13.23	12.24	13.27	12
2001-07-20	15.01	14.03	15.2	14.05
2001-07-21	14.41	13.51	14.64	13.67
2001-07-22	14.57	14.05	15.03	14.19
2001-07-23	16.87	16.17	17.21	16.28
2001-07-24	16.8	16.22	17.25	16.46
2001-07-25	18.78	18.12	19.11	18.26
2001-07-26	17.36	16.48	17.61	16.55
2001-07-27	16.78	15.93	17	16.02
2001-07-28	15.51	14.98	15.89	15
2001-07-29	19.35	18.75	19.67	18.75
2001-07-30	14.68	13.88	15.02	14.08
2001-07-31	13.06	12.18	13.33	12.26
2001-08-01	11.8	10.98	12.05	11.1
2001-08-02	10.9	10.1	11.23	10.29
2001-08-03	13.6	13.06	14.01	13.31
2001-08-04	13.77	13.21	14.19	13.43
2001-08-05	13.77	13.06	14.03	13.08
2001-08-06	13.04	12.3	13.28	12.35
2001-08-07	12.37	11.64	12.62	11.71
2001-08-08	13.7	13.1	14.02	13.21
2001-08-09	13.31	12.64	13.64	12.78
2001-08-10	13.82	13.1	14.11	13.25
2001-08-11	12.2	11.54	12.48	11.59
2001-08-12	10.86	10.16	11.14	10.21
2001-08-13	12.54	11.81	12.77	11.85
2001-08-14	13.95	13.36	14.33	13.53
2001-08-15	17.3	16.84	17.72	17.05
2001-08-16	19.78	19.25	20.08	19.36
2001-08-17	17.15	16.31	17.29	16.39
2001-08-18	15.03	14.21	15.29	14.43
2001-08-19	13.7	13.2	14.13	13.43
2001-08-20	14.49	13.93	14.84	14.05
2001-08-21	14.21	13.46	14.52	13.58
2001-08-22	13.62	13.21	14.09	13.47
2001-08-23	15.98	15.53	16.42	15.71
2001-08-24	16.18	15.58	16.52	15.72
2001-08-25	15.96	15.66	16.45	15.89
2001-08-26	16.01	15.49	16.41	15.66
2001-08-27	13.18	12.18	13.24	12.09
2001-08-28	12.23	11.52	12.52	11.52
2001-08-29	13.65	13.08	14.02	13.2
2001-08-30	13.13	12.66	13.55	12.8
2001-08-31	13.54	12.88	13.85	12.98
2001-09-01	12.78	12	13.02	12.03
2001-09-02	11.85	11.15	12.13	11.22
2001-09-03	10.8	10.07	11.06	10.1
2001-09-04	11.58	10.89	11.87	10.99
2001-09-05	11.74	11.08	12.01	11.19
2001-09-06	12.42	11.53	12.59	11.56
2001-09-07	10.65	9.87	10.91	9.94
2001-09-08	10.88	10.17	11.18	10.21
2001-09-09	11.74	11.11	12.05	11.19
2001-09-10	9.79	9.21	10.13	9.26
2001-09-11	10.41	9.9	10.79	9.94
2001-09-12	11.21	10.62	11.59	10.78
2001-09-13	10.68	9.95	10.94	9.99
2001-09-14	10.64	10.01	10.99	10.13
2001-09-15	10.4	9.71	10.71	9.81
2001-09-16	10.43	9.83	10.81	10
2001-09-17	11.83	11.25	12.21	11.47
2001-09-18	12.4	11.84	12.76	12.03
2001-09-19	13.32	12.74	13.66	12.92
2001-09-20	12.56	12.15	12.99	12.34
2001-09-21	11.46	10.94	11.85	11.11
2001-09-22	10.28	9.84	10.69	9.98
2001-09-23	7.58	6.86	7.9	7.01
2001-09-24	5.71	5.04	6.04	5.18
2001-09-25	8.11	7.51	8.46	7.61
2001-09-26	7.86	7.22	8.25	7.4
2001-09-27	7.48	6.81	7.86	6.91
2001-09-28	4.84	4.06	5.14	4.22
2001-09-29	3.45	2.73	3.79	2.82
2001-09-30	3.23	2.32	3.46	2.32
2001-10-01	7.39	6.61	7.6	6.56
2001-10-02	9.07	8.45	9.44	8.59
2001-10-03	9.62	8.92	9.93	9.05
2001-10-04	8.57	7.95	8.94	8.11
2001-10-05	7.43	6.81	7.74	6.91
2001-10-06	7.76	7.09	8.17	7.31
2001-10-07	9.28	8.71	9.6	8.74
2001-10-08	10.05	9.48	10.37	9.55
2001-10-09	9.92	9.36	10.27	9.48
2001-10-10	9.02	8.55	9.41	8.65
2001-10-11	7.18	6.46	7.44	6.46
2001-10-12	6.43	5.86	6.84	6.02
2001-10-13	6.83	6.05	7.08	6.1
2001-10-14	6.46	5.77	6.77	5.84
2001-10-15	7.88	7.43	8.3	7.6
2001-10-16	10.48	9.99	10.85	10.07
2001-10-17	7.95	7.36	8.3	7.46
2001-10-18	5.31	4.58	5.63	4.65
2001-10-19	4.97	4.28	5.3	4.3
2001-10-20	4.6	3.75	4.78	3.75
2001-10-21	3.92	3.05	4.11	3.07
2001-10-22	0.79	0.11	1.14	0.16
2001-10-23	-0.37	-1.18	-0.1	-1.2
2001-10-24	0.25	-0.39	0.62	-0.31
2001-10-25	2.78	2.2	3.22	2.39
2001-10-26	7.43	6.78	7.79	6.96
2001-10-27	7.82	7.1	8.14	7.3
2001-10-28	4.67	3.82	5.04	4.17
2001-10-29	1.83	1.07	2.14	1.18
2001-10-30	2.63	1.85	2.89	1.92
2001-10-31	1.89	1.18	2.17	1.16
2001-11-01	-0.65	-1.33	-0.3	-1.25
2001-11-02	-0.14	-0.85	0.16	-0.87
2001-11-03	2.76	2.07	3.07	2.26
2001-11-04	0.54	-0.28	0.77	-0.14
2001-11-05	-1.49	-2.19	-1.27	-2.32
2001-11-06	-3.66	-4.5	-3.59	-4.62
2001-11-07	-4.19	-5.13	-4.05	-5.3
2001-11-08	-4.78	-5.65	-4.53	-5.62
2001-11-09	-6.62	-7.55	-6.42	-7.65
2001-11-10	-1.46	-2.02	-1.02	-1.86
2001-11-11	0.61	-0.01	0.93	0.12
2001-11-12	-2.1	-2.78	-1.86	-2.82
2001-11-13	-2.97	-3.62	-2.67	-3.52
2001-11-14	-4.93	-5.7	-4.76	-5.76
2001-11-15	0.49	-0.03	0.87	0.25
2001-11-16	-2.54	-3.09	-2.16	-2.9
2001-11-17	2.01	1.6	2.39	1.79
2001-11-18	0.39	-0.15	0.74	0.11
2001-11-19	-0.57	-1.03	-0.16	-0.75
2001-11-20	-0.51	-1.01	-0.05	-0.78
2001-11-21	0.01	-0.63	0.35	-0.35
2001-11-22	-1.23	-1.83	-0.88	-1.6
2001-11-23	-2.93	-3.39	-2.45	-3.01
2001-11-24	-3.93	-4.84	-3.73	-4.63
2001-11-25	-2.16	-2.84	-1.86	-2.62
2001-11-26	-1.05	-1.38	-0.54	-1.06
2001-11-27	-0.94	-1.42	-0.53	-1.23
2001-11-28	-1.32	-1.79	-0.9	-1.62
2001-11-29	-2.05	-2.49	-1.62	-2.31
2001-11-30	-1.7	-2.21	-1.33	-2.02
2001-12-01	-2.27	-2.86	-2.06	-2.88
2001-12-02	-3.37	-3.82	-3.05	-3.8
2001-12-03	-2.77	-3.51	-2.51	-3.38
2001-12-04	-2.29	-2.77	-2	-2.75
2001-12-05	-3.54	-4.17	-3.32	-4.2
2001-12-06	-2.66	-3.16	-2.34	-3.1
2001-12-07	-9.33	-9.91	-8.87	-9.78
2001-12-08	-5.74	-6.25	-5.25	-5.95
2001-12-09	-5.11	-6.12	-4.94	-5.84
2001-12-10	0.58	0.33	1.04	0.53
2001-12-11	-0.81	-1.18	-0.43	-1.05
2001-12-12	-3.82	-4.5	-3.63	-4.72
2001-12-13	-0.67	-1.22	-0.47	-1.31
2001-12-14	-2.62	-3.03	-2.18	-2.81
2001-12-15	-3.44	-3.83	-3.02	-3.73
2001-12-16	-0.49	-0.92	-0.18	-0.87
2001-12-17	-1.67	-2.09	-1.31	-1.93
2001-12-18	-1.31	-1.63	-0.88	-1.45
2001-12-19	-8.77	-9.47	-8.5	-9.34
2001-12-20	-12.7	-13.63	-12.41	-13.73
2001-12-21	-11.71	-12.81	-11.53	-12.63
2001-12-22	-18.86	-19.97	-18.62	-19.87
2001-12-23	-20.42	-21.94	-19.97	-21.95
2001-12-24	-12.43	-13.19	-12.04	-12.99
2001-12-25	-7.62	-8.24	-7.31	-8.11
2001-12-26	-15.27	-15.59	-14.69	-15.27
2001-12-27	-18.8	-19.41	-18.25	-19.24
2001-12-28	-10.67	-11.7	-10.58	-11.71
2001-12-29	-14.67	-15.68	-14.51	-15.51
2001-12-30	-19.44	-20.05	-19.06	-19.88
2001-12-31	-21.23	-22.13	-20.97	-22.07
2002-01-01	-14.14	-14.69	-13.69	-14.52
2002-01-02	-17.39	-18.21	-16.92	-18.13
2002-01-03	-6.92	-7.75	-6.99	-8.55
2002-01-04	-0.41	-1.13	-0.26	-1.31
2002-01-05	-3.34	-4.5	-3.5	-5.1
2002-01-06	-0.74	-1.37	-0.45	-1.37
2002-01-07	0.68	0.09	0.95	0.04
2002-01-08	-0.09	-0.74	0.09	-1.13
2002-01-09	-3.66	-4.32	-3.36	-4.5
2002-01-10	-1.3	-1.89	-1.09	-2.18
2002-01-11	-2.9	-3.56	-2.91	-4.17
2002-01-12	-5.72	-6.56	-5.77	-7.11
2002-01-13	0.72	0.33	1.15	0.52
2002-01-14	-0.23	-0.77	0.17	-0.51
2002-01-15	0.52	0.07	1.04	0.48
2002-01-16	-0.64	-1.12	-0.21	-0.84
2002-01-17	-5.99	-6.56	-5.64	-6.41
2002-01-18	-1.3	-1.75	-0.87	-1.48
2002-01-19	-3.71	-4.16	-3.24	-3.82
2002-01-20	-4.68	-5.38	-4.3	-5.02
2002-01-21	-5.07	-5.7	-4.59	-5.23
2002-01-22	-9.62	-10.4	-9.21	-10.03
2002-01-23	-15.71	-16.32	-15.1	-15.87
2002-01-24	-14.61	-15.76	-14.2	-15.36
2002-01-25	-16.77	-17.66	-16.43	-17.29
2002-01-26	-18.33	-19.3	-17.89	-19.03
2002-01-27	-14.76	-15.6	-14.2	-15.19
2002-01-28	-11.83	-12.64	-11.6	-12.71
2002-01-29	-8.9	-9.48	-8.5	-9.24
2002-01-30	-15.74	-16.34	-15.34	-16.19
2002-01-31	-5.95	-6.77	-5.6	-6.51
2002-02-01	-3.38	-4.2	-3.07	-4.13
2002-02-02	2.24	1.58	2.64	1.75
2002-02-03	2.63	1.94	2.98	2.03
2002-02-04	1.06	0.45	1.42	0.47
2002-02-05	-1.01	-1.68	-0.62	-1.63
2002-02-06	-0.27	-1	0.12	-0.89
2002-02-07	-4.42	-5.01	-4.05	-5.06
2002-02-08	-2.31	-2.86	-1.84	-2.71
2002-02-09	-2.27	-3	-1.96	-2.95
2002-02-10	-0.39	-1.28	-0.19	-1.33
2002-02-11	-4.25	-5.04	-3.89	-5.01
2002-02-12	-4.03	-4.89	-3.75	-4.87
2002-02-13	-4.59	-5.34	-4.26	-5.31
2002-02-14	-4.65	-5.39	-4.3	-5.37
2002-02-15	-0.27	-1.02	-0.01	-1.1
2002-02-16	3.48	2.69	3.7	2.65
2002-02-17	0.53	-0.08	0.94	-0.04
2002-02-18	-3.01	-3.57	-2.51	-3.42
2002-02-19	-5.36	-6.24	-5.1	-6.25
2002-02-20	-12.33	-13.08	-11.88	-13.01
2002-02-21	-9.33	-10.1	-9.03	-10.18
2002-02-22	-2.64	-3.35	-2.34	-3.36
2002-02-23	-2.88	-3.75	-2.66	-3.81
2002-02-24	-5.96	-6.63	-5.63	-6.72
2002-02-25	-3.72	-4.53	-3.48	-4.65
2002-02-26	-4.97	-5.85	-4.74	-5.98
2002-02-27	-3.37	-4.26	-3.14	-4.27
2002-02-28	-6.64	-7.52	-6.35	-7.48
2002-03-01	-6.47	-7.12	-6.11	-7
2002-03-02	-5.67	-6.53	-5.45	-6.49
2002-03-03	-6.47	-7.2	-6.18	-7.18
2002-03-04	-0.12	-0.82	0.17	-0.73
2002-03-05	1.57	0.76	1.76	0.81
2002-03-06	-3.07	-4.03	-2.89	-3.95
2002-03-07	-5.85	-6.58	-5.45	-6.31
2002-03-08	-2.59	-3.13	-2.12	-2.85
2002-03-09	0.52	-0.17	0.89	0.11
2002-03-10	-3.92	-4.32	-3.37	-3.96
2002-03-11	-2.58	-3.09	-2.03	-2.71
2002-03-12	-0.14	-0.82	0.22	-0.55
2002-03-13	-5.11	-5.84	-4.81	-5.69
2002-03-14	-4.72	-5.5	-4.49	-5.59
2002-03-15	-1.66	-2.45	-1.51	-2.57
2002-03-16	-1.14	-1.82	-0.88	-1.83
2002-03-17	0.12	-0.48	0.48	-0.3
2002-03-18	1.8	1.24	2.15	1.41
2002-03-19	2	1.36	2.32	1.54
2002-03-20	1.32	0.76	1.63	0.88
2002-03-21	-0.02	-0.56	0.34	-0.42
2002-03-22	0.12	-0.58	0.34	-0.52
2002-03-23	-3.17	-3.79	-2.81	-3.65
2002-03-24	-4.66	-5.39	-4.3	-5.26
2002-03-25	-0.05	-0.56	0.34	-0.48
2002-03-26	0.95	0.25	1.19	0.15
2002-03-27	2.99	2.49	3.35	2.58
2002-03-28	4.67	4.11	5.02	4.23
2002-03-29	4.25	3.67	4.56	3.71
2002-03-30	1.52	0.96	1.79	1.01
2002-03-31	0.55	0.12	0.87	0.19
2002-04-01	-0.28	-0.43	0.27	-0.05
2002-04-02	1.16	1.06	1.83	1.54
2002-04-03	3.62	3	3.9	3.27
2002-04-04	-0.02	-0.4	0.44	-0.06
2002-04-05	0.39	0.02	0.83	0.31
2002-04-06	2.76	2.2	3.07	2.44
2002-04-07	1.81	1.4	2.15	1.71
2002-04-08	1.86	1.45	2.23	1.78
2002-04-09	1.91	1.29	2.09	1.42
2002-04-10	4	2.94	4.02	2.84
2002-04-11	5.03	3.95	4.96	3.99
2002-04-12	4.37	3.68	4.51	3.82
2002-04-13	2.79	2.15	3.05	2.29
2002-04-14	1.18	0.64	1.52	0.89
2002-04-15	0.75	0.37	1.16	0.63
2002-04-16	0.38	0.06	0.83	0.28
2002-04-17	1.54	1.31	2	1.61
2002-04-18	1.85	1.74	2.39	2.15
2002-04-19	4.18	4.04	4.69	4.45
2002-04-20	5.85	5.21	6.14	5.44
2002-04-21	8.33	7.63	8.54	7.8
2002-04-22	10.06	9.2	10.12	9.29
2002-04-23	9.45	8.62	9.57	8.78
2002-04-24	8.99	8.06	9.08	8.19
2002-04-25	9.61	9.47	10.13	10.07
2002-04-26	8.54	8.19	8.97	8.63
2002-04-27	5.66	5.26	6.02	5.55
2002-04-28	4.33	3.74	4.67	4.07
2002-04-29	3.98	3.46	4.25	3.64
2002-04-30	5.68	5.21	6.12	5.64
2002-05-01	5.28	5.02	5.77	5.54
2002-05-02	7.37	6.99	7.79	7.41
2002-05-03	7.35	7.17	7.84	7.65
2002-05-04	7.48	6.91	7.7	7.2
2002-05-05	7.05	6.25	7.21	6.47
2002-05-06	7.14	6.49	7.28	6.82
2002-05-07	10.3	9.96	10.67	10.41
2002-05-08	11.67	10.84	11.78	11.17
2002-05-09	8.04	7.62	8.35	7.94
2002-05-10	8.32	8.18	8.82	8.64
2002-05-11	10.28	10.3	10.9	10.88
2002-05-12	12.92	12.97	13.52	13.6
2002-05-13	12.44	11.4	12.4	11.57
2002-05-14	10.47	10.54	11.04	11.14
2002-05-15	13.4	12.98	13.66	13.3
2002-05-16	10.95	10.02	10.94	10.03
2002-05-17	8.18	7.19	8.16	7.28
2002-05-18	6.61	5.82	6.76	6.02
2002-05-19	6.59	6.24	6.98	6.63
2002-05-20	12.64	12.01	12.79	12.2
2002-05-21	12.79	12.43	13.15	12.79
2002-05-22	12.45	12.33	12.89	12.87
2002-05-23	12.36	12.41	12.95	13.04
2002-05-24	6.45	6.14	6.89	6.57
2002-05-25	5.74	5.15	5.96	5.32
2002-05-26	6.03	5.79	6.54	6.26
2002-05-27	9.69	9.38	10.06	9.69
2002-05-28	11.08	10.88	11.51	11.26
2002-05-29	11.68	11.44	12.06	11.8
2002-05-30	12.06	11.84	12.47	12.28
2002-05-31	13.54	12.83	13.61	12.94
2002-06-01	14.63	13.85	14.75	14.07
2002-06-02	16.07	15.49	16.3	15.82
2002-06-03	16.85	16.67	17.25	17.12
2002-06-04	16.88	16.69	17.28	17.09
2002-06-05	17.62	17.47	17.98	17.91
2002-06-06	19.64	19.49	20.06	19.94
2002-06-07	20.55	20.23	20.8	20.57
2002-06-08	18.18	18.07	18.56	18.43
2002-06-09	17.26	17.06	17.66	17.5
2002-06-10	13.5	13.25	13.85	13.5
2002-06-11	15.55	15.23	15.86	15.53
2002-06-12	14.35	13.86	14.67	14.17
2002-06-13	13.43	12.91	13.7	13.24
2002-06-14	13.71	13.46	14.11	13.82
2002-06-15	13.07	12.86	13.55	13.34
2002-06-16	12.88	12.43	13.23	12.82
2002-06-17	15.79	15.27	16.16	15.69
2002-06-18	19.01	18.32	19.17	18.64
2002-06-19	17.06	16.34	17.26	16.65
2002-06-20	16.68	16.01	16.9	16.36
2002-06-21	11.43	10.95	11.77	11.19
2002-06-22	13.65	13.06	13.93	13.37
2002-06-23	12.23	11.85	12.62	12.1
2002-06-24	13.96	13.39	14.25	13.72
2002-06-25	13.2	12.66	13.52	13.02
2002-06-26	13.1	12.55	13.49	12.99
2002-06-27	11.59	11.11	11.96	11.41
2002-06-28	10.93	10.32	11.24	10.61
2002-06-29	11.29	10.76	11.63	11.05
2002-06-30	12.08	11.64	12.43	11.91
2002-07-01	12.81	12.39	13.22	12.68
2002-07-02	13.36	12.84	13.72	13.06
2002-07-03	13.88	13.3	14.17	13.43
2002-07-04	14.13	13.72	14.5	13.92
2002-07-05	15.42	14.81	15.73	15.01
2002-07-06	14.97	14.22	15.16	14.37
2002-07-07	14.4	13.82	14.71	14.1
2002-07-08	15.76	15.11	16.02	15.29
2002-07-09	18.19	17.58	18.46	17.79
2002-07-10	19.28	19.18	19.87	19.69
2002-07-11	17.87	17.61	18.29	17.9
2002-07-12	17.65	17.05	17.91	17.16
2002-07-13	17.82	17.18	18.08	17.35
2002-07-14	17.72	17.39	18.19	17.75
2002-07-15	18.67	18.24	19.08	18.53
2002-07-16	18.81	18.22	19.07	18.45
2002-07-17	19.12	18.59	19.44	18.93
2002-07-18	18.32	17.58	18.55	17.78
2002-07-19	17.03	16.34	17.23	16.45
2002-07-20	17.81	17.07	18.06	17.26
2002-07-21	17.99	17.41	18.32	17.6
2002-07-22	16.44	15.86	16.78	16.13
2002-07-23	14.59	14.21	15.01	14.4
2002-07-24	15.57	14.93	15.83	15.12
2002-07-25	14.52	13.88	14.78	13.99
2002-07-26	16.15	15.52	16.47	15.76
2002-07-27	15.79	15.24	16.13	15.5
2002-07-28	19.59	19.07	19.89	19.24
2002-07-29	19.01	18.27	19.25	18.46
2002-07-30	17.96	17.56	18.37	17.89
2002-07-31	19.37	18.99	19.8	19.28
2002-08-01	16.5	16.16	16.97	16.39
2002-08-02	15.88	15.41	16.27	15.61
2002-08-03	16.81	16.38	17.2	16.55
2002-08-04	14.15	13.48	14.49	13.74
2002-08-05	13.8	13.25	14.15	13.41
2002-08-06	14.71	14.29	15.13	14.5
2002-08-07	16.89	16.43	17.31	16.68
2002-08-08	16.83	16.46	17.27	16.67
2002-08-09	17.2	16.7	17.6	16.92
2002-08-10	18.59	17.99	18.91	18.13
2002-08-11	18.84	18.18	19.1	18.27
2002-08-12	18.7	18.01	18.95	18.09
2002-08-13	18.21	17.23	18.3	17.31
2002-08-14	18.14	17.37	18.35	17.48
2002-08-15	16.65	16.13	17.02	16.36
2002-08-16	17.29	16.86	17.71	17.02
2002-08-17	17.68	17.28	18.12	17.54
2002-08-18	19.39	18.86	19.72	19.01
2002-08-19	20.18	19.46	20.39	19.51
2002-08-20	20	19.28	20.26	19.36
2002-08-21	20.29	19.63	20.55	19.81
2002-08-22	19.5	18.97	19.86	19.23
2002-08-23	18.63	18.05	18.96	18.14
2002-08-24	18.36	17.9	18.76	18.07
2002-08-25	19.05	18.49	19.4	18.6
2002-08-26	18.49	17.78	18.75	17.89
2002-08-27	18.47	17.81	18.77	17.89
2002-08-28	14.85	13.95	15.1	14.14
2002-08-29	15.71	15.05	16.06	15.22
2002-08-30	15.13	14.27	15.35	14.47
2002-08-31	12.16	11.24	12.37	11.36
2002-09-01	12.31	11.6	12.57	11.7
2002-09-02	14.31	13.74	14.68	13.91
2002-09-03	15.82	15.15	16.12	15.45
2002-09-04	16.05	15.57	16.46	15.78
2002-09-05	15.12	14.56	15.43	14.65
2002-09-06	13.92	13.25	14.2	13.37
2002-09-07	14.43	13.79	14.75	14
2002-09-08	15.17	14.61	15.6	14.93
2002-09-09	15.44	14.81	15.77	15.02
2002-09-10	12.45	11.89	12.76	12.03
2002-09-11	13.7	13.25	14.08	13.47
2002-09-12	15.62	14.97	15.92	15.14
2002-09-13	13.59	12.92	13.86	13.07
2002-09-14	9.87	9.31	10.21	9.47
2002-09-15	8.35	7.77	8.68	7.92
2002-09-16	10.6	10.02	10.9	10.08
2002-09-17	10.03	9.35	10.3	9.41
2002-09-18	7.73	7.08	8.04	7.22
2002-09-19	6.12	5.53	6.52	5.7
2002-09-20	5.44	4.81	5.81	4.96
2002-09-21	5.14	4.42	5.41	4.49
2002-09-22	3.52	2.72	3.72	2.75
2002-09-23	4.16	3.48	4.48	3.54
2002-09-24	6.88	6.19	7.18	6.32
2002-09-25	4.7	4	4.96	4.04
2002-09-26	4.01	3.44	4.38	3.56
2002-09-27	3.33	2.6	3.63	2.63
2002-09-28	7.31	6.82	7.74	6.94
2002-09-29	8.48	7.88	8.86	8.06
2002-09-30	7.5	6.82	7.85	7.01
2002-10-01	4.26	3.77	4.61	4.09
2002-10-02	4.46	3.87	4.72	4.09
2002-10-03	3.51	2.86	3.78	3.19
2002-10-04	1.78	1.24	2.16	1.65
2002-10-05	0.7	0.13	1.02	0.45
2002-10-06	-0.48	-1.02	-0.15	-0.71
2002-10-07	-0.34	-0.9	-0.06	-0.65
2002-10-08	0.99	0.41	1.26	0.67
2002-10-09	1.86	1.46	2.2	1.76
2002-10-10	1.64	1.33	2.02	1.62
2002-10-11	1.29	0.88	1.64	1.18
2002-10-12	1.29	0.82	1.59	1.06
2002-10-13	1.23	0.71	1.55	1
2002-10-14	0.72	0.24	1.06	0.51
2002-10-15	-0.34	-0.75	0.01	-0.45
2002-10-16	-0.9	-1.32	-0.56	-1.02
2002-10-17	-1.87	-2.43	-1.54	-2.13
2002-10-18	-4.28	-4.96	-3.96	-4.74
2002-10-19	-4.69	-5.45	-4.53	-5.58
2002-10-20	-3.88	-4.46	-3.51	-4.23
2002-10-21	-2.57	-3.19	-2.24	-2.97
2002-10-22	-1.54	-2.08	-1.2	-1.85
2002-10-23	-0.04	-0.6	0.28	-0.29
2002-10-24	0.13	-0.24	0.57	0.06
2002-10-25	0.64	0.23	1.06	0.57
2002-10-26	4.07	3.64	4.42	3.95
2002-10-27	1.03	0.49	1.28	0.72
2002-10-28	-0.21	-0.6	0.13	-0.35
2002-10-29	0.23	-0.23	0.52	-0.04
2002-10-30	-0.09	-0.62	0.16	-0.42
2002-10-31	-1.67	-2.08	-1.3	-1.86
2002-11-01	-3.31	-3.82	-2.94	-3.71
2002-11-02	-5.93	-6.57	-5.56	-6.38
2002-11-03	-6.66	-7.39	-6.29	-7.12
2002-11-04	-7.26	-7.96	-6.91	-7.68
2002-11-05	-6.92	-7.46	-6.49	-7.26
2002-11-06	-2.72	-3.28	-2.37	-3.15
2002-11-07	-0.97	-1.34	-0.57	-1.21
2002-11-08	-2.02	-2.61	-1.69	-2.43
2002-11-09	-5.48	-6.34	-5.28	-6.21
2002-11-10	-8.38	-9.05	-8.08	-8.93
2002-11-11	-11.1	-11.63	-10.68	-11.44
2002-11-12	-15.16	-15.96	-14.81	-15.98
2002-11-13	-11.02	-11.84	-10.76	-11.96
2002-11-14	-5.18	-6.02	-4.85	-5.73
2002-11-15	-2.96	-3.55	-2.61	-3.34
2002-11-16	-1.08	-1.52	-0.69	-1.38
2002-11-17	-1.04	-1.38	-0.62	-1.24
2002-11-18	-4.34	-4.94	-4.06	-4.84
2002-11-19	-6.03	-6.72	-5.82	-6.7
2002-11-20	-4.04	-4.89	-3.89	-4.87
2002-11-21	-5	-6.21	-5.01	-6.2
2002-11-22	-5.36	-5.95	-5.08	-5.89
2002-11-23	-5.37	-6.01	-5.06	-5.93
2002-11-24	-3.9	-4.59	-3.63	-4.49
2002-11-25	-1.3	-1.81	-0.95	-1.69
2002-11-26	-0.82	-1.23	-0.44	-1.1
2002-11-27	-3.1	-3.5	-2.68	-3.37
2002-11-28	-5.67	-6.06	-5.06	-5.61
2002-11-29	-7.48	-8.2	-7.19	-7.99
2002-11-30	-5.51	-6.24	-5.29	-6.24
2002-12-01	-4.74	-5.59	-4.59	-5.73
2002-12-02	-5.23	-5.92	-5	-6.08
2002-12-03	-3.53	-3.99	-3.17	-4.04
2002-12-04	-4.89	-5.51	-4.58	-5.54
2002-12-05	-5.62	-6.34	-5.35	-6.38
2002-12-06	-7.86	-8.54	-7.56	-8.67
2002-12-07	-9.38	-9.81	-8.75	-9.7
2002-12-08	-14.18	-15.07	-13.74	-14.95
2002-12-09	-6.88	-7.42	-6.49	-7.27
2002-12-10	-6.02	-6.51	-5.49	-6.27
2002-12-11	-3.41	-4.23	-3.4	-4.73
2002-12-12	-0.61	-1.29	-0.41	-1.51
2002-12-13	-2.63	-3.38	-2.38	-3.4
2002-12-14	-7.79	-8.72	-7.55	-8.69
2002-12-15	-12.78	-13.82	-12.51	-13.86
2002-12-16	-9.62	-10.18	-9.17	-10.19
2002-12-17	-10.04	-10.88	-9.71	-10.8
2002-12-18	-6.55	-7.32	-6.35	-7.47
2002-12-19	-0.79	-1.44	-0.54	-1.48
2002-12-20	-3.42	-4.17	-3.15	-4.12
2002-12-21	-10.36	-11	-9.94	-10.87
2002-12-22	-15.68	-16.89	-15.51	-16.86
2002-12-23	-23.52	-24.87	-23.17	-24.74
2002-12-24	-21.77	-21.79	-20.71	-21.65
2002-12-25	-12.64	-13.11	-12.19	-13.07
2002-12-26	-12.7	-13.65	-12.44	-13.62
2002-12-27	-7.46	-8.46	-7.3	-8.56
2002-12-28	-5.82	-6.52	-5.51	-6.46
2002-12-29	-13.57	-14.9	-13.48	-14.77
2002-12-30	-20.89	-22	-20.66	-21.88
2002-12-31	-20.01	-20.64	-19.53	-20.57
2003-01-01	-18.54	-19.55	-18.3	-19.28
2003-01-02	-24.81	-26.11	-24.84	-26.07
2003-01-03	-20.45	-21.13	-20.17	-20.88
2003-01-04	-22.83	-23.17	-22.29	-22.83
2003-01-05	-21.59	-22.28	-21.35	-22.19
2003-01-06	-23.6	-23.72	-22.97	-23.49
2003-01-07	-7.93	-8.05	-7.48	-7.87
2003-01-08	-4.09	-4.7	-3.97	-4.74
2003-01-09	-7.5	-7.95	-7.15	-7.66
2003-01-10	-18.16	-18.49	-17.61	-17.99
2003-01-11	-5.31	-5.73	-5.04	-5.64
2003-01-12	-6.41	-6.9	-6.09	-6.75
2003-01-13	-7.51	-8.11	-7.21	-7.95
2003-01-14	-4.23	-4.65	-3.79	-4.23
2003-01-15	-5.07	-5.29	-4.46	-4.72
2003-01-16	-4.39	-5.07	-4.19	-4.98
2003-01-17	-2.33	-2.78	-1.94	-2.54
2003-01-18	-0.8	-1.3	-0.53	-1.2
2003-01-19	-6.47	-7.19	-6.21	-7.06
2003-01-20	-6.24	-7.03	-6.01	-6.78
2003-01-21	-1.78	-2.16	-1.43	-1.99
2003-01-22	-2.32	-2.71	-1.96	-2.52
2003-01-23	-6.73	-7.46	-6.5	-7.35
2003-01-24	-9.24	-9.72	-8.88	-9.71
2003-01-25	-2.9	-3.44	-2.61	-3.28
2003-01-26	-2.44	-2.89	-2.11	-2.75
2003-01-27	-7.17	-7.9	-6.98	-7.89
2003-01-28	-8.73	-9.4	-8.46	-9.22
2003-01-29	-16.57	-17.16	-16.21	-16.94
2003-01-30	-20.94	-21.69	-20.58	-21.29
2003-01-31	-23.04	-23.85	-22.73	-23.4
2003-02-01	-13.12	-13.28	-12.35	-12.56
2003-02-02	-6.94	-7.34	-6.49	-7.03
2003-02-03	-6.4	-6.85	-6.03	-6.65
2003-02-04	-9.24	-9.79	-8.85	-9.48
2003-02-05	-15.7	-16.35	-15.38	-16.14
2003-02-06	-19.97	-20.57	-19.59	-20.33
2003-02-07	-17.08	-16.95	-16.25	-16.3
2003-02-08	-3.77	-3.92	-3.21	-3.57
2003-02-09	-1.17	-1.51	-0.78	-1.32
2003-02-10	-3.49	-3.83	-3.09	-3.61
2003-02-11	-4.66	-5.16	-4.31	-4.93
2003-02-12	-4.2	-4.96	-4.05	-4.99
2003-02-13	-4.19	-5.21	-4.14	-5.25
2003-02-14	-4.81	-5.14	-4.29	-4.84
2003-02-15	-7.26	-7.57	-6.77	-7.3
2003-02-16	-5.33	-6.04	-5.22	-6.15
2003-02-17	-3.89	-4.68	-3.81	-4.78
2003-02-18	-1.9	-2.94	-1.9	-2.93
2003-02-19	-3.7	-4.75	-3.65	-4.57
2003-02-20	-7.29	-8.2	-7.18	-7.96
2003-02-21	-5.95	-6.33	-5.44	-6.16
2003-02-22	-6.17	-6.91	-6.03	-6.82
2003-02-23	-6.94	-7.74	-6.78	-7.56
2003-02-24	-8.59	-9.44	-8.37	-9.14
2003-02-25	-5.97	-6.79	-5.89	-6.79
2003-02-26	-4.03	-4.28	-3.57	-3.94
2003-02-27	-5.53	-5.63	-4.97	-5.28
2003-02-28	-6.82	-7.42	-6.61	-7.21
2003-03-01	-6.39	-6.75	-5.92	-6.46
2003-03-02	-7.44	-7.82	-7	-7.6
2003-03-03	-8.08	-8.58	-7.61	-8.19
2003-03-04	-7.25	-8.03	-6.93	-7.7
2003-03-05	-4.76	-5.47	-4.48	-5.24
2003-03-06	-1.36	-1.89	-1.06	-1.74
2003-03-07	-1	-1.51	-0.68	-1.33
2003-03-08	0.7	0.27	1.06	0.47
2003-03-09	-0.24	-0.63	0.18	-0.38
2003-03-10	2.04	1.56	2.43	1.82
2003-03-11	1.31	0.78	1.68	1.04
2003-03-12	-1.54	-2.25	-1.3	-2.12
2003-03-13	1.12	0.56	1.38	0.66
2003-03-14	1.34	0.91	1.69	0.95
2003-03-15	1.6	1.09	1.97	1.3
2003-03-16	2.04	1.47	2.34	1.6
2003-03-17	3.26	2.72	3.57	2.92
2003-03-18	2.94	2.42	3.24	2.53
2003-03-19	0.74	0.1	1.02	0.28
2003-03-20	-7.01	-7.64	-6.64	-7.46
2003-03-21	-2.03	-2.48	-1.64	-2.29
2003-03-22	2.27	1.81	2.65	1.99
2003-03-23	2.51	1.9	2.75	1.89
2003-03-24	2.14	1.53	2.4	1.68
2003-03-25	2.07	1.47	2.39	1.76
2003-03-26	2.83	2.31	3.15	2.63
2003-03-27	2.88	2.38	3.19	2.78
2003-03-28	1.98	1.39	2.2	1.72
2003-03-29	3.32	2.61	3.5	2.82
2003-03-30	1.36	0.66	1.67	1.03
2003-03-31	-1.6	-2.17	-1.37	-1.86
2003-04-01	-0.48	-1.08	-0.2	-0.82
2003-04-02	0.3	-0.13	0.69	0.16
2003-04-03	-0.14	-0.73	0.25	-0.41
2003-04-04	0.77	0.14	1.04	0.4
2003-04-05	-1.11	-1.88	-0.91	-1.67
2003-04-06	-1.86	-2.62	-1.64	-2.44
2003-04-07	-2.62	-3.18	-2.26	-2.95
2003-04-08	-2.59	-3.05	-2.2	-2.79
2003-04-09	-0.1	-0.58	0.26	-0.35
2003-04-10	-0.8	-1.41	-0.53	-1.23
2003-04-11	-0.25	-0.94	-0.01	-0.78
2003-04-12	0.15	-0.37	0.49	-0.14
2003-04-13	0.96	0.38	1.23	0.5
2003-04-14	1.96	1.33	2.18	1.5
2003-04-15	4.47	4.19	4.83	4.55
2003-04-16	7.48	6.9	7.71	7.18
2003-04-17	4.12	3.79	4.49	4.13
2003-04-18	3.39	3.35	3.93	3.63
2003-04-19	7.25	7.05	7.67	7.42
2003-04-20	8.97	8.79	9.46	9.27
2003-04-21	10.88	10.13	11.03	10.25
2003-04-22	7.13	6.7	7.47	7.02
2003-04-23	0.9	0.39	1.28	0.71
2003-04-24	0.13	-0.39	0.45	-0.14
2003-04-25	-1.62	-2.24	-1.38	-2.07
2003-04-26	1.33	0.74	1.78	1.3
2003-04-27	1.49	0.86	1.72	1.02
2003-04-28	0.75	0.33	1.12	0.58
2003-04-29	1.73	1.34	2.05	1.54
2003-04-30	1.18	0.71	1.52	1.02
2003-05-01	2.29	2.19	2.76	2.57
2003-05-02	2.8	2.21	2.98	2.46
2003-05-03	1.72	1.36	2.06	1.58
2003-05-04	3.43	3.09	3.82	3.38
2003-05-05	8.01	7.75	8.49	8.18
2003-05-06	9.82	9.14	10	9.38
2003-05-07	6.51	5.72	6.7	5.94
2003-05-08	6.13	5.83	6.65	6.44
2003-05-09	7.81	7.12	8.01	7.38
2003-05-10	7.04	6.56	7.39	6.9
2003-05-11	7.85	7.48	8.27	7.92
2003-05-12	8.86	8.74	9.38	9.26
2003-05-13	6.98	6.91	7.55	7.44
2003-05-14	8.54	8.09	8.86	8.34
2003-05-15	7.2	6.69	7.44	6.93
2003-05-16	6.89	6.44	7.13	6.65
2003-05-17	8.31	7.83	8.62	8.17
2003-05-18	8.98	8.57	9.25	8.9
2003-05-19	8.88	8.55	9.24	8.93
2003-05-20	7.78	7.8	8.37	8.32
2003-05-21	8.61	8.24	9	8.65
2003-05-22	9.59	8.9	9.73	9.07
2003-05-23	8.93	8.54	9.22	8.82
2003-05-24	6.84	6.68	7.27	6.94
2003-05-25	5.66	5.43	6.11	5.79
2003-05-26	12.1	11.31	12.23	11.55
2003-05-27	11.15	10.42	11.32	10.68
2003-05-28	10.27	9.57	10.5	9.87
2003-05-29	12.76	12.23	13.02	12.58
2003-05-30	12.27	11.52	12.5	11.81
2003-05-31	8.59	7.82	8.77	8.05
2003-06-01	9.63	9.48	10.16	9.94
2003-06-02	9.27	9.09	9.74	9.47
2003-06-03	14.6	14.88	15.5	15.78
2003-06-04	18.82	18.2	19.03	18.39
2003-06-05	12.93	12.8	13.54	13.43
2003-06-06	13.77	13.12	14.03	13.48
2003-06-07	13.46	12.82	13.66	13.02
2003-06-08	14.28	13.66	14.5	13.9
2003-06-09	9.92	9.63	10.39	9.96
2003-06-10	11.41	10.85	11.76	11.31
2003-06-11	9.76	9.56	10.22	9.81
2003-06-12	14.23	13.57	14.4	13.79
2003-06-13	12.47	11.75	12.67	11.98
2003-06-14	9.85	9.11	10.08	9.29
2003-06-15	9.71	8.99	9.95	9.19
2003-06-16	9.83	9.03	10.01	9.19
2003-06-17	11.16	10.72	11.52	11.02
2003-06-18	13.12	12.88	13.6	13.33
2003-06-19	11.6	11.09	11.96	11.39
2003-06-20	9.63	9.03	9.93	9.24
2003-06-21	13.1	12.42	13.29	12.56
2003-06-22	13.84	13.25	14.08	13.43
2003-06-23	14.34	13.9	14.65	14.19
2003-06-24	13.17	12.81	13.53	12.99
2003-06-25	15.69	14.97	15.89	15.09
2003-06-26	16.94	16.27	17.06	16.35
2003-06-27	16.63	16.03	16.84	16.11
2003-06-28	14.68	14.07	14.93	14.29
2003-06-29	10.24	9.78	10.6	10
2003-06-30	12.08	11.61	12.39	11.73
2003-07-01	13.97	13.48	14.36	13.51
2003-07-02	16.03	15.45	16.33	15.45
2003-07-03	17.1	16.69	17.47	16.78
2003-07-04	16.25	16	16.74	16.12
2003-07-05	16.43	15.35	16.54	15.41
2003-07-06	14.61	13.56	14.78	13.57
2003-07-07	15.24	14.75	15.7	14.95
2003-07-08	14.88	14.08	15.11	14.13
2003-07-09	14.7	13.8	14.92	13.81
2003-07-10	15.12	14.22	15.34	14.27
2003-07-11	16.05	15.7	16.59	16.03
2003-07-12	16.23	15.44	16.4	15.34
2003-07-13	17.98	16.89	18.08	16.82
2003-07-14	18.45	17.75	18.73	17.86
2003-07-15	20.37	19.8	20.69	19.88
2003-07-16	21.83	21.31	22.14	21.43
2003-07-17	22.73	22.31	23.04	22.47
2003-07-18	22.08	21.83	22.57	22.05
2003-07-19	21.56	21.22	22.1	21.55
2003-07-20	21.79	21.12	22.1	21.16
2003-07-21	21.61	21.05	22.03	21.17
2003-07-22	20.09	19.3	20.48	19.45
2003-07-23	20.17	19.26	20.45	19.34
2003-07-24	18.61	17.89	18.99	18.07
2003-07-25	19.41	18.56	19.65	18.56
2003-07-26	18.02	17.33	18.36	17.33
2003-07-27	18.7	17.99	19.05	18.1
2003-07-28	19.22	18.35	19.53	18.45
2003-07-29	18.03	17.43	18.44	17.61
2003-07-30	19.42	18.77	19.76	18.85
2003-07-31	19.8	19.04	20.12	19.07
2003-08-01	21.11	20.53	21.41	20.63
2003-08-02	18.15	17.62	18.55	17.8
2003-08-03	18.31	17.64	18.59	17.75
2003-08-04	17.21	16.45	17.43	16.52
2003-08-05	15.43	14.68	15.68	14.77
2003-08-06	16.88	16.08	17.1	16.15
2003-08-07	16.55	15.8	16.85	15.96
2003-08-08	15.33	14.49	15.55	14.61
2003-08-09	15.43	14.66	15.69	14.77
2003-08-10	15.97	15.66	16.46	15.92
2003-08-11	18.11	17.81	18.56	18.05
2003-08-12	15.83	15.27	16.21	15.47
2003-08-13	14.49	13.75	14.79	13.89
2003-08-14	14.1	13.43	14.42	13.53
2003-08-15	13.31	12.81	13.72	12.94
2003-08-16	14.08	13.39	14.33	13.43
2003-08-17	15.43	14.72	15.71	14.83
2003-08-18	15.82	15.37	16.31	15.68
2003-08-19	16.55	15.95	16.89	16.11
2003-08-20	15.09	14.38	15.36	14.42
2003-08-21	14.29	13.68	14.65	13.86
2003-08-22	14.93	14.31	15.25	14.37
2003-08-23	13.99	13.47	14.35	13.53
2003-08-24	14.55	13.89	14.88	14.03
2003-08-25	12.57	11.9	12.9	12.09
2003-08-26	9.46	8.78	9.77	8.89
2003-08-27	9.44	8.85	9.81	8.96
2003-08-28	10.28	9.64	10.6	9.72
2003-08-29	11.04	10.32	11.32	10.39
2003-08-30	9.39	8.62	9.66	8.7
2003-08-31	7.16	6.56	7.55	6.73
2003-09-01	6.52	5.81	6.8	5.8
2003-09-02	7.96	7.33	8.3	7.34
2003-09-03	11.9	11.28	12.28	11.4
2003-09-04	12.71	11.99	13	12.05
2003-09-05	13.54	12.98	13.93	13.09
2003-09-06	14.47	13.89	14.87	13.98
2003-09-07	13.35	12.88	13.78	12.95
2003-09-08	12.84	12.42	13.32	12.56
2003-09-09	12.27	11.79	12.69	11.92
2003-09-10	12.03	11.53	12.45	11.62
2003-09-11	10.96	10.56	11.44	10.68
2003-09-12	12.12	11.62	12.56	11.73
2003-09-13	12.48	11.8	12.82	11.9
2003-09-14	14.21	13.65	14.59	13.75
2003-09-15	14.69	14	14.99	14.09
2003-09-16	11.34	10.56	11.61	10.63
2003-09-17	10.17	9.44	10.49	9.52
2003-09-18	14.58	13.85	14.86	13.93
2003-09-19	10.64	9.77	10.88	9.85
2003-09-20	6.91	6.17	7.23	6.22
2003-09-21	8.95	8.14	9.34	8.41
2003-09-22	13.29	12.37	13.48	12.47
2003-09-23	8.89	7.87	9.03	7.86
2003-09-24	6.45	5.67	6.71	5.66
2003-09-25	9.05	8.22	9.32	8.35
2003-09-26	10.1	9.24	10.34	9.37
2003-09-27	6.41	5.7	6.71	5.73
2003-09-28	3.01	2.35	3.34	2.39
2003-09-29	4.15	3.2	4.25	3.03
2003-09-30	4.13	3.39	4.42	3.41
2003-10-01	7.28	6.65	7.62	6.94
2003-10-02	5.91	5.42	6.35	5.73
2003-10-03	6.6	6.11	7	6.38
2003-10-04	8.53	7.86	8.76	8.02
2003-10-05	5.23	4.45	5.41	4.49
2003-10-06	3.73	3.07	3.95	3.08
2003-10-07	4.47	3.83	4.73	3.89
2003-10-08	3.74	3.05	4.01	3.13
2003-10-09	2.97	2.09	3.08	2.09
2003-10-10	3.41	2.76	3.73	2.92
2003-10-11	4.35	3.65	4.58	3.71
2003-10-12	4.22	3.51	4.48	3.65
2003-10-13	2.61	1.89	2.88	2.02
2003-10-14	1.46	0.8	1.8	0.98
2003-10-15	1.79	1.33	2.26	1.6
2003-10-16	4.25	3.7	4.62	3.87
2003-10-17	4.54	3.83	4.74	3.84
2003-10-18	1.51	0.87	1.86	1.08
2003-10-19	-0.3	-1.03	-0.04	-0.92
2003-10-20	-1.41	-2.07	-1.01	-1.92
2003-10-21	-2.39	-3.11	-2.01	-2.91
2003-10-22	-4.16	-4.95	-3.8	-4.85
2003-10-23	-3.83	-4.5	-3.48	-4.57
2003-10-24	-0.25	-0.82	0.15	-0.65
2003-10-25	-1.62	-2.27	-1.27	-2.15
2003-10-26	-3.32	-4.11	-3.01	-4.06
2003-10-27	-0.71	-1.14	-0.25	-1.02
2003-10-28	3.07	2.72	3.51	2.79
2003-10-29	0.49	-0.13	0.78	-0.1
2003-10-30	-0.16	-0.63	0.28	-0.42
2003-10-31	0.69	0.12	1.07	0.29
2003-11-01	2.17	1.42	2.4	1.34
2003-11-02	3.44	2.62	3.61	2.52
2003-11-03	3.82	3.04	4.01	2.97
2003-11-04	3.15	2.23	3.25	2.06
2003-11-05	1.59	0.91	1.95	1
2003-11-06	4.3	3.47	4.62	3.62
2003-11-07	0.91	0	1.08	-0.1
2003-11-08	-1.16	-2.05	-0.97	-2.13
2003-11-09	-2.37	-3.19	-2.09	-3.23
2003-11-10	-0.79	-1.47	-0.46	-1.43
2003-11-11	-0.55	-1.23	-0.11	-1.01
2003-11-12	-0.71	-1.35	-0.3	-1.21
2003-11-13	-1.67	-2.23	-1.22	-2.11
2003-11-14	-1.43	-2.17	-1.09	-2.17
2003-11-15	-1	-1.67	-0.61	-1.61
2003-11-16	-0.68	-1.21	-0.27	-1.18
2003-11-17	-0.86	-1.48	-0.51	-1.46
2003-11-18	-3.19	-3.92	-2.86	-3.87
2003-11-19	-0.69	-1.43	-0.39	-1.42
2003-11-20	-4.16	-5.21	-4.07	-5.39
2003-11-21	-6.33	-7.13	-5.78	-6.82
2003-11-22	-2.68	-3.36	-2.24	-3.24
2003-11-23	-2.72	-3.57	-2.45	-3.53
2003-11-24	-8.4	-9.03	-8.01	-8.99
2003-11-25	-6.44	-7.01	-5.81	-6.69
2003-11-26	0.39	-0.32	0.68	-0.32
2003-11-27	1.67	0.96	1.97	0.97
2003-11-28	0.69	0.05	1.02	0.05
2003-11-29	-0.18	-0.74	0.25	-0.64
2003-11-30	0.74	0.09	1.04	0.03
2003-12-01	0.08	-0.6	0.45	-0.55
2003-12-02	-1.13	-1.74	-0.7	-1.66
2003-12-03	-1.98	-2.57	-1.55	-2.46
2003-12-04	-0.37	-1.03	0	-0.99
2003-12-05	-2.85	-3.52	-2.52	-3.59
2003-12-06	-6.85	-7.68	-6.56	-7.77
2003-12-07	-0.19	-0.8	0.11	-0.85
2003-12-08	-2.08	-2.82	-1.81	-2.99
2003-12-09	-3.29	-3.85	-2.82	-3.83
2003-12-10	0.02	-0.59	0.39	-0.52
2003-12-11	-1.78	-2.48	-1.5	-2.52
2003-12-12	-5.17	-6.14	-5.09	-6.37
2003-12-13	-4.72	-5.71	-4.66	-5.93
2003-12-14	-2.57	-3.27	-2.31	-3.39
2003-12-15	-5.41	-6.23	-5.17	-6.27
2003-12-16	-7.94	-8.59	-7.61	-8.55
2003-12-17	-2.02	-2.5	-1.53	-2.28
2003-12-18	-2.83	-3.25	-2.3	-3.12
2003-12-19	-1.48	-2.16	-1.14	-2.11
2003-12-20	-5.54	-6.43	-5.16	-6.14
2003-12-21	-6.69	-7.66	-6.45	-7.68
2003-12-22	-13.04	-14.03	-12.7	-13.85
2003-12-23	-13.85	-14.91	-13.35	-14.82
2003-12-24	-3.33	-3.94	-2.89	-3.78
2003-12-25	-1.48	-2.14	-1.16	-2.21
2003-12-26	-5.13	-5.92	-4.77	-5.92
2003-12-27	-0.96	-1.54	-0.59	-1.49
2003-12-28	-4.7	-5.65	-4.45	-5.78
2003-12-29	-8.31	-9.45	-8.07	-9.43
2003-12-30	-8.15	-8.94	-7.96	-9.23
2003-12-31	-8.58	-9.7	-8.38	-9.8
2004-01-01	-9.63	-10.76	-9.47	-10.83
2004-01-02	-12.41	-13.19	-12.12	-13.37
2004-01-03	-9.09	-9.67	-8.75	-9.57
2004-01-04	-10.04	-10.75	-9.41	-10.19
2004-01-05	-11.03	-11.9	-10.86	-11.93
2004-01-06	-7.59	-8.1	-7.28	-8.05
2004-01-07	-5.8	-6.59	-5.55	-6.58
2004-01-08	-10.51	-11.5	-9.97	-11.15
2004-01-09	-4.19	-4.75	-3.88	-4.65
2004-01-10	-6.39	-6.81	-6.09	-6.82
2004-01-11	-6.37	-6.84	-6.08	-6.82
2004-01-12	-3.56	-4.19	-3.35	-4.22
2004-01-13	-1.9	-2.4	-1.61	-2.33
2004-01-14	-3.02	-3.49	-2.75	-3.47
2004-01-15	-6.21	-7.03	-6.13	-7.22
2004-01-16	-9.65	-10.03	-9.28	-9.94
2004-01-17	-9.79	-10.22	-9.43	-10.16
2004-01-18	-6.91	-7.43	-6.68	-7.56
2004-01-19	-8.41	-9.38	-8.28	-9.3
2004-01-20	-14.32	-14.98	-13.99	-14.85
2004-01-21	-19.63	-20.83	-19.58	-20.75
2004-01-22	-19.49	-20.61	-19.21	-20.56
2004-01-23	-8.53	-9.37	-7.91	-8.55
2004-01-24	-2.69	-3.07	-2.31	-2.97
2004-01-25	-7.79	-8.07	-7.43	-8.08
2004-01-26	-11.09	-11.55	-10.27	-10.84
2004-01-27	-9.28	-10.22	-8.96	-9.87
2004-01-28	-9.65	-10.07	-9.21	-9.99
2004-01-29	-6.97	-7.42	-6.7	-7.51
2004-01-30	-8.93	-9.39	-8.49	-9.22
2004-01-31	-6.56	-7.26	-6.34	-7.27
2004-02-01	-11.92	-12.91	-11.52	-12.56
2004-02-02	-9.21	-9.48	-8.55	-9.27
2004-02-03	-1.71	-2.18	-1.29	-1.98
2004-02-04	2.84	2.24	3.16	2.39
2004-02-05	-1.13	-1.49	-0.65	-1.41
2004-02-06	-6.15	-6.7	-5.71	-6.57
2004-02-07	-9.9	-11.14	-9.6	-10.72
2004-02-08	-8.23	-9.26	-8.06	-9.07
2004-02-09	-9.43	-9.99	-9.03	-9.78
2004-02-10	-12.37	-13.19	-12.13	-12.93
2004-02-11	-16.7	-17.87	-16.64	-17.67
2004-02-12	-3.79	-4.2	-3.47	-4.12
2004-02-13	2.21	1.64	2.44	1.67
2004-02-14	-0.25	-0.92	-0.05	-0.83
2004-02-15	0.47	-0.08	0.77	0.06
2004-02-16	-0.35	-0.78	0.04	-0.61
2004-02-17	-0.71	-1.33	-0.44	-1.24
2004-02-18	-5.12	-5.47	-4.61	-5.19
2004-02-19	-1.6	-2.09	-1.32	-2.17
2004-02-20	0.81	0.29	1.08	0.1
2004-02-21	-3.51	-4.28	-3.34	-4.39
2004-02-22	-5.55	-6.35	-5.33	-6.4
2004-02-23	-9.1	-9.62	-8.69	-9.47
2004-02-24	-6.73	-7.31	-6.39	-7.23
2004-02-25	-7.02	-7.74	-6.68	-7.67
2004-02-26	-5.92	-6.67	-5.59	-6.75
2004-02-27	-6.55	-7.27	-6.27	-7.18
2004-02-28	-9.49	-10.11	-9.19	-10.02
2004-02-29	-8.52	-9.23	-8.15	-9.16
2004-03-01	0.98	0.45	1.27	0.61
2004-03-02	-3.16	-3.76	-2.86	-3.54
2004-03-03	-8.49	-9.5	-8.36	-9.45
2004-03-04	-9.99	-11.05	-9.82	-11.02
2004-03-05	-7.7	-8.36	-7.32	-8.02
2004-03-06	-1.87	-2.68	-1.75	-2.77
2004-03-07	-0.82	-1.57	-0.69	-1.58
2004-03-08	-3.07	-4.39	-3.22	-4.44
2004-03-09	-0.1	-0.99	0.01	-0.93
2004-03-10	0.6	0.19	0.95	0.5
2004-03-11	-1.82	-2.07	-1.23	-1.69
2004-03-12	-4.79	-4.97	-4.12	-4.41
2004-03-13	-4.03	-4.42	-3.63	-4.16
2004-03-14	0.68	0.23	1.02	0.45
2004-03-15	1.79	1.42	2.2	1.67
2004-03-16	1.98	1.42	2.26	1.56
2004-03-17	1.32	0.92	1.77	1.23
2004-03-18	2.8	2.1	2.98	2.36
2004-03-19	0.95	0.39	1.2	0.6
2004-03-20	-0.09	-0.43	0.3	-0.23
2004-03-21	-0.31	-0.7	0.05	-0.5
2004-03-22	-2.14	-2.51	-1.73	-2.24
2004-03-23	-5.23	-5.65	-4.82	-5.4
2004-03-24	-5.43	-5.85	-4.98	-5.58
2004-03-25	-4.35	-4.94	-4.06	-4.82
2004-03-26	-2.85	-3.15	-2.33	-2.79
2004-03-27	1.34	0.87	1.7	1.26
2004-03-28	-0.3	-0.78	0.14	-0.53
2004-03-29	1.73	1.39	2.24	1.81
2004-03-30	3.94	3.45	4.2	3.67
2004-03-31	0.96	0.46	1.27	0.7
2004-04-01	-1.18	-1.72	-0.85	-1.46
2004-04-02	0.78	0.05	0.89	0.22
2004-04-03	1.03	0.34	1.18	0.43
2004-04-04	1.06	0.54	1.35	0.81
2004-04-05	2.31	1.87	2.7	2.25
2004-04-06	1.21	0.81	1.6	1.11
2004-04-07	2.11	1.83	2.51	2.16
2004-04-08	3.31	3.18	3.71	3.59
2004-04-09	3.19	2.52	3.38	2.79
2004-04-10	2.95	2.19	3.15	2.38
2004-04-11	2.21	1.38	2.38	1.58
2004-04-12	1.73	0.97	1.96	1.21
2004-04-13	4.32	3.82	4.69	4.14
2004-04-14	5.9	5.1	6.08	5.33
2004-04-15	7.14	6.57	7.47	6.85
2004-04-16	8.27	7.55	8.42	7.67
2004-04-17	8.88	8.3	9.11	8.52
2004-04-18	6.59	6.47	7.14	6.96
2004-04-19	5.57	5.59	6.15	6.11
2004-04-20	6.2	6.2	6.75	6.58
2004-04-21	4.82	4.65	5.32	4.98
2004-04-22	4	3.7	4.42	4.02
2004-04-23	3.37	3.09	3.81	3.47
2004-04-24	6.71	5.95	6.85	6.18
2004-04-25	2.73	2.36	3.13	2.73
2004-04-26	3.48	3.02	3.86	3.41
2004-04-27	4.99	4.52	5.28	4.78
2004-04-28	5.84	5.45	6.22	5.8
2004-04-29	6.84	6.53	7.26	6.89
2004-04-30	9.44	8.66	9.61	8.87
2004-05-01	7.93	7.75	8.42	8.29
2004-05-02	10.8	10.36	11.12	10.74
2004-05-03	9.31	9.37	9.98	10.06
2004-05-04	8.05	8.1	8.76	8.87
2004-05-05	8.27	8.23	8.77	8.72
2004-05-06	11.45	11.53	11.96	11.93
2004-05-07	13.12	13.01	13.54	13.42
2004-05-08	13.8	13.69	14.17	14.05
2004-05-09	13.8	13.41	14.05	13.79
2004-05-10	7.02	6.8	7.42	7.16
2004-05-11	4.13	4.04	4.71	4.61
2004-05-12	3.21	2.78	3.48	3.1
2004-05-13	3.65	3.47	4.16	4
2004-05-14	6.25	5.72	6.56	6.19
2004-05-15	6.91	6.23	7.13	6.47
2004-05-16	6.89	6.32	7.11	6.64
2004-05-17	9.9	9.54	10.31	10.13
2004-05-18	8.66	8	8.91	8.39
2004-05-19	7.37	6.59	7.5	6.78
2004-05-20	5.79	5.01	5.94	5.22
2004-05-21	5.55	4.8	5.72	5
2004-05-22	5.92	5.11	6	5.17
2004-05-23	6.83	6.16	6.97	6.32
2004-05-24	7.15	6.92	7.57	7.34
2004-05-25	6.03	5.6	6.32	5.85
2004-05-26	7.12	6.75	7.42	7.01
2004-05-27	9.3	8.56	9.42	8.75
2004-05-28	8.8	8.01	8.94	8.25
2004-05-29	7	6.2	7.12	6.41
2004-05-30	7.77	7.35	8.09	7.64
2004-05-31	10.97	10.5	11.26	10.79
2004-06-01	12.39	11.98	12.72	12.4
2004-06-02	11.43	11.47	12.01	11.96
2004-06-03	15.68	15.18	15.98	15.59
2004-06-04	16.06	15.52	16.3	15.76
2004-06-05	15.23	14.51	15.36	14.72
2004-06-06	11.58	10.79	11.79	11.1
2004-06-07	7.36	6.96	7.71	7.19
2004-06-08	9.31	8.94	9.64	9.23
2004-06-09	11.46	11.5	12.16	12.14
2004-06-10	9.85	9.41	10.22	9.71
2004-06-11	8.91	8.51	9.37	8.98
2004-06-12	11	10.53	11.34	10.85
2004-06-13	12.71	12.1	12.93	12.38
2004-06-14	12.26	11.61	12.56	11.99
2004-06-15	9.99	9.25	10.19	9.5
2004-06-16	9.69	9.01	9.91	9.21
2004-06-17	9.07	8.38	9.28	8.56
2004-06-18	9.74	9.23	10.05	9.55
2004-06-19	10.27	10	10.68	10.34
2004-06-20	8.13	7.61	8.44	7.82
2004-06-21	11.15	10.77	11.55	11.08
2004-06-22	12.83	12.45	13.17	12.76
2004-06-23	12.97	12.56	13.31	12.94
2004-06-24	10.18	9.88	10.59	10.13
2004-06-25	11.99	11.59	12.36	11.85
2004-06-26	11.14	11.01	11.66	11.36
2004-06-27	13.7	13.38	14.01	13.71
2004-06-28	14.67	14.01	14.83	14.19
2004-06-29	13.25	12.59	13.41	12.87
2004-06-30	13.17	12.55	13.39	12.76
2004-07-01	15.04	14.48	15.43	14.89
2004-07-02	12.7	12.23	13.03	12.35
2004-07-03	13.31	12.94	13.7	13.22
2004-07-04	14.57	14.13	14.91	14.38
2004-07-05	12.24	11.76	12.59	11.9
2004-07-06	13.11	12.47	13.41	12.7
2004-07-07	10.43	9.65	10.76	10.01
2004-07-08	12.74	12.23	13.09	12.52
2004-07-09	13.46	13.25	13.93	13.52
2004-07-10	14.89	14.44	15.23	14.65
2004-07-11	13.06	12.56	13.4	12.8
2004-07-12	13.23	12.68	13.49	12.85
2004-07-13	13.43	12.59	13.59	12.68
2004-07-14	12.45	11.68	12.61	11.76
2004-07-15	13.16	12.55	13.47	12.73
2004-07-16	13.79	13.21	14.05	13.36
2004-07-17	14.93	14.36	15.23	14.61
2004-07-18	16.9	16.5	17.3	16.81
2004-07-19	15.28	14.78	15.62	14.98
2004-07-20	15.86	15.06	16.11	15.32
2004-07-21	15.4	15.03	15.84	15.36
2004-07-22	15.65	15.28	16.06	15.48
2004-07-23	16.59	16.19	17	16.44
2004-07-24	15.02	14.49	15.4	14.83
2004-07-25	16.19	15.52	16.41	15.64
2004-07-26	14.16	13.51	14.43	13.68
2004-07-27	14.96	14.36	15.3	14.65
2004-07-28	16.42	15.79	16.72	16.01
2004-07-29	17.27	16.67	17.56	16.89
2004-07-30	17.79	17.3	18.12	17.52
2004-07-31	17.78	17.28	18.09	17.5
2004-08-01	17.63	17.12	17.93	17.24
2004-08-02	16.27	15.91	16.71	16.16
2004-08-03	17.16	16.68	17.48	16.88
2004-08-04	18.26	17.85	18.62	18.05
2004-08-05	19.27	18.94	19.68	19.24
2004-08-06	20.37	19.76	20.62	19.9
2004-08-07	22.02	21.34	22.27	21.59
2004-08-08	21.3	20.6	21.53	20.81
2004-08-09	19.3	18.85	19.68	19.05
2004-08-10	21.41	20.79	21.64	20.99
2004-08-11	19.61	19.07	19.98	19.4
2004-08-12	16.69	16.19	17.13	16.56
2004-08-13	13.74	13.29	14.12	13.51
2004-08-14	13.05	12.69	13.53	13.04
2004-08-15	13.85	13.16	14.13	13.35
2004-08-16	12.95	12.22	13.18	12.39
2004-08-17	11.78	11.19	12.15	11.44
2004-08-18	13.07	12.62	13.5	12.92
2004-08-19	13.89	13.3	14.23	13.46
2004-08-20	15.67	15.1	15.97	15.19
2004-08-21	14.94	14.33	15.27	14.54
2004-08-22	11.87	11.09	12.06	11.15
2004-08-23	10.61	9.87	10.85	9.99
2004-08-24	10.62	10.01	10.98	10.21
2004-08-25	11.2	10.6	11.55	10.79
2004-08-26	11.1	10.46	11.4	10.57
2004-08-27	12.47	11.86	12.8	11.99
2004-08-28	12.81	12.21	13.12	12.31
2004-08-29	13.84	13.11	14.06	13.22
2004-08-30	12.77	12.28	13.16	12.48
2004-08-31	12.44	11.76	12.72	11.88
2004-09-01	12.41	11.87	12.74	11.93
2004-09-02	12.54	12.08	12.95	12.25
2004-09-03	13.4	13.04	13.91	13.33
2004-09-04	14.41	13.95	14.81	14.12
2004-09-05	16.09	15.5	16.42	15.66
2004-09-06	12.77	12.06	13.06	12.23
2004-09-07	10.28	9.53	10.54	9.65
2004-09-08	8.22	7.57	8.54	7.7
2004-09-09	11.18	10.66	11.56	10.77
2004-09-10	13	12.4	13.36	12.56
2004-09-11	11.27	10.86	11.74	11.16
2004-09-12	12.71	11.99	13	12.2
2004-09-13	10.28	9.5	10.56	9.7
2004-09-14	12.03	11.34	12.3	11.44
2004-09-15	8.1	7.35	8.37	7.42
2004-09-16	6.65	5.92	6.93	6.04
2004-09-17	9.43	8.76	9.75	8.91
2004-09-18	11.5	10.93	11.88	11.13
2004-09-19	11.87	11.29	12.2	11.42
2004-09-20	9.38	8.76	9.7	8.85
2004-09-21	8.86	8.33	9.22	8.48
2004-09-22	8.73	8.1	9.03	8.24
2004-09-23	8.72	7.96	8.92	7.94
2004-09-24	8.56	7.84	8.81	7.93
2004-09-25	8.04	7.23	8.23	7.28
2004-09-26	8.01	7.4	8.36	7.58
2004-09-27	8.28	7.68	8.61	7.81
2004-09-28	8.2	7.46	8.42	7.51
2004-09-29	7.71	7.11	8.08	7.27
2004-09-30	7.47	6.9	7.86	7.11
2004-10-01	6.09	5.66	6.46	5.89
2004-10-02	6.84	6.32	7.23	6.58
2004-10-03	7.99	7.42	8.26	7.51
2004-10-04	8.83	8.42	9.23	8.68
2004-10-05	8.76	8.19	9.03	8.3
2004-10-06	7.84	7.29	8.16	7.5
2004-10-07	7.65	7	7.94	7.26
2004-10-08	4.43	3.81	4.72	4.01
2004-10-09	3.13	2.44	3.37	2.58
2004-10-10	1.08	0.64	1.49	0.89
2004-10-11	1.15	0.75	1.65	1.05
2004-10-12	1.61	1.07	1.99	1.27
2004-10-13	1.24	0.76	1.62	0.93
2004-10-14	1.63	1.04	1.97	1.2
2004-10-15	3.21	2.57	3.52	2.71
2004-10-16	5.5	4.89	5.8	5.08
2004-10-17	4.3	3.66	4.6	3.9
2004-10-18	5.37	4.7	5.65	4.94
2004-10-19	3.82	3.11	4.08	3.35
2004-10-20	2.97	2.42	3.31	2.65
2004-10-21	4.49	3.87	4.76	4
2004-10-22	6.26	5.71	6.59	5.94
2004-10-23	3.85	3.25	4.18	3.51
2004-10-24	3.87	3.34	4.2	3.53
2004-10-25	4.66	4.12	5.04	4.42
2004-10-26	5.37	4.75	5.65	4.95
2004-10-27	2.23	1.55	2.49	1.63
2004-10-28	1.44	0.8	1.69	0.85
2004-10-29	1.56	1.04	1.93	1.22
2004-10-30	1.7	1.1	2.01	1.25
2004-10-31	2.03	1.46	2.35	1.61
2004-11-01	1.42	0.81	1.71	0.81
2004-11-02	0.75	0.32	1.2	0.33
2004-11-03	-0.2	-0.69	0.21	-0.59
2004-11-04	3.45	2.97	3.88	3.21
2004-11-05	2.78	2.23	3.1	2.31
2004-11-06	2.19	1.73	2.58	1.88
2004-11-07	0.05	-0.33	0.52	-0.18
2004-11-08	2.46	1.99	2.82	1.94
2004-11-09	3.09	2.47	3.4	2.59
2004-11-10	1.07	0.53	1.41	0.62
2004-11-11	2.8	2.28	3.14	2.4
2004-11-12	3.3	2.63	3.62	2.81
2004-11-13	1.44	0.88	1.78	0.99
2004-11-14	0.53	-0.03	0.89	0.08
2004-11-15	2.27	1.55	2.53	1.66
2004-11-16	-0.89	-1.47	-0.55	-1.37
2004-11-17	-3.69	-4.27	-3.34	-4.17
2004-11-18	-5.37	-6.05	-4.99	-5.88
2004-11-19	-5.86	-6.36	-5.4	-6.28
2004-11-20	-6.5	-7.08	-6.11	-6.94
2004-11-21	-8.44	-8.94	-7.96	-8.71
2004-11-22	-6.77	-7.65	-6.54	-7.56
2004-11-23	-6.86	-7.66	-6.53	-7.42
2004-11-24	-6.81	-7.38	-6.35	-7.22
2004-11-25	-3.32	-4.06	-3.04	-3.94
2004-11-26	-11.81	-13.62	-12.17	-13.85
2004-11-27	-14.96	-16.58	-14.91	-16.46
2004-11-28	-7.27	-7.94	-6.92	-7.87
2004-11-29	-9.45	-10.4	-9.33	-10.57
2004-11-30	-3.51	-3.92	-3.03	-3.67
2004-12-01	-4.12	-5.06	-4.03	-5.56
2004-12-02	-6.25	-7.51	-6.19	-7.64
2004-12-03	-5.5	-6.37	-5.28	-6.51
2004-12-04	-3.34	-3.87	-2.87	-3.8
2004-12-05	-0.55	-0.94	-0.01	-0.77
2004-12-06	-3.51	-4.23	-3.16	-4.18
2004-12-07	-1.18	-1.81	-0.8	-1.75
2004-12-08	0.04	-0.67	0.38	-0.61
2004-12-09	-2.84	-3.35	-2.39	-3.36
2004-12-10	-2.04	-2.74	-1.48	-2.43
2004-12-11	-1.49	-2.42	-1.2	-2.3
2004-12-12	-2.84	-3.55	-2.45	-3.48
2004-12-13	-1.88	-2.32	-1.36	-2.26
2004-12-14	-0.23	-0.63	0.24	-0.6
2004-12-15	0.06	-0.54	0.45	-0.48
2004-12-16	-1.58	-2.09	-1.14	-2.01
2004-12-17	0.39	-0.25	0.71	-0.26
2004-12-18	-2.38	-3.05	-2.05	-3.03
2004-12-19	-5.29	-6.02	-4.98	-6.07
2004-12-20	-7.33	-8.09	-7.01	-8.14
2004-12-21	-7.57	-8.31	-7.17	-8.29
2004-12-22	-1.73	-2.28	-1.32	-2.2
2004-12-23	-4.83	-5.55	-4.53	-5.59
2004-12-24	-9.32	-10.54	-9.28	-10.65
2004-12-25	-11.47	-13.59	-11.78	-13.7
2004-12-26	-9.41	-10.81	-9.35	-11.07
2004-12-27	-7.92	-8.86	-7.54	-8.87
2004-12-28	-3.84	-4.23	-3.37	-4.2
2004-12-29	-5.81	-6.3	-5.36	-6.25
2004-12-30	-0.25	-0.92	0.09	-0.81
2004-12-31	-2.8	-3.48	-2.49	-3.48
2005-01-01	-4.26	-5.02	-3.97	-4.88
2005-01-02	-1.88	-2.52	-1.65	-2.57
2005-01-03	-3.18	-4	-3.02	-3.99
2005-01-04	-4.69	-5.61	-4.61	-5.68
2005-01-05	-4.38	-5.42	-4.19	-5.66
2005-01-06	-4.81	-5.61	-4.4	-5.35
2005-01-07	-0.12	-0.74	0.17	-0.59
2005-01-08	-2.48	-3.15	-2.02	-2.8
2005-01-09	-3.46	-4.43	-3.33	-4.35
2005-01-10	-1.55	-2.2	-1.04	-1.82
2005-01-11	-1.23	-2.1	-1.14	-2.23
2005-01-12	0.02	-0.64	0.31	-0.53
2005-01-13	-0.94	-1.68	-0.73	-1.65
2005-01-14	-3.45	-4.29	-3.3	-4.27
2005-01-15	-6.21	-7.27	-6.09	-7.02
2005-01-16	-0.84	-1.42	-0.39	-1.15
2005-01-17	0.88	0.35	1.17	0.41
2005-01-18	-0.31	-0.8	0	-0.77
2005-01-19	-3.09	-3.66	-2.78	-3.65
2005-01-20	-4.31	-4.97	-4.07	-5.02
2005-01-21	-4.52	-5.14	-4.26	-5.14
2005-01-22	-7.32	-7.68	-6.76	-7.42
2005-01-23	-8.08	-8.65	-7.63	-8.45
2005-01-24	-10.94	-11.33	-10.29	-10.81
2005-01-25	-11.11	-11.62	-10.61	-11.4
2005-01-26	-6.17	-6.69	-5.79	-6.61
2005-01-27	-9.31	-9.7	-8.66	-9.42
2005-01-28	-8.89	-9.3	-8.32	-9.18
2005-01-29	-8.47	-8.99	-8.06	-8.94
2005-01-30	-0.89	-1.51	-0.7	-1.62
2005-01-31	-1.96	-2.56	-1.68	-2.54
2005-02-01	-0.86	-1.33	-0.58	-1.17
2005-02-02	-1.8	-1.94	-1.23	-1.57
2005-02-03	-2.69	-2.83	-2.06	-2.6
2005-02-04	-1.37	-1.8	-0.99	-1.54
2005-02-05	0.48	0	0.88	0.36
2005-02-06	-1.58	-1.95	-1.11	-1.52
2005-02-07	-3.43	-3.81	-3	-3.54
2005-02-08	-5.45	-5.85	-5.08	-5.7
2005-02-09	-5.2	-5.48	-4.77	-5.28
2005-02-10	-2.15	-2.59	-1.83	-2.41
2005-02-11	-3.33	-3.98	-3.14	-3.85
2005-02-12	-5.36	-6.48	-5.4	-6.18
2005-02-13	-3.94	-4.51	-3.68	-4.34
2005-02-14	-5.34	-5.91	-5.1	-5.79
2005-02-15	-8.34	-9.09	-8.13	-8.93
2005-02-16	-10.29	-11.43	-10.22	-11.28
2005-02-17	-10.03	-10.47	-9.6	-10.18
2005-02-18	-4.75	-5.13	-4.29	-4.82
2005-02-19	-3.09	-3.69	-2.84	-3.49
2005-02-20	-3.53	-4.02	-3.26	-3.93
2005-02-21	-6.84	-7.25	-6.47	-7.03
2005-02-22	-11.18	-12.07	-11.05	-12
2005-02-23	-12.69	-13.52	-12.43	-13.29
2005-02-24	-11.84	-12.82	-11.56	-12.59
2005-02-25	-8.03	-8.5	-7.66	-8.3
2005-02-26	-9.86	-10.46	-9.58	-10.32
2005-02-27	-12.49	-13.26	-12.26	-13.24
2005-02-28	-13.92	-14.26	-13.33	-13.84
2005-03-01	-15.57	-16.48	-15.3	-16.51
2005-03-02	-14.16	-14.92	-13.9	-14.85
2005-03-03	-12.67	-13.21	-12.26	-13.13
2005-03-04	-6.93	-7.17	-6.46	-6.84
2005-03-05	-8.32	-8.41	-7.78	-8.14
2005-03-06	-3.54	-4.05	-3.29	-3.86
2005-03-07	0.66	0.05	0.87	0.26
2005-03-08	-6.32	-6.99	-6.1	-6.81
2005-03-09	-8.76	-9.22	-8.32	-8.82
2005-03-10	-1.61	-1.86	-1.14	-1.52
2005-03-11	-4.38	-5.07	-4.19	-4.93
2005-03-12	-10.05	-10.91	-9.92	-10.8
2005-03-13	-11.45	-12.24	-11.15	-12.04
2005-03-14	-11.77	-12.57	-11.44	-12.25
2005-03-15	-9.79	-10.31	-9.51	-10.05
2005-03-16	-5.86	-6.14	-5.38	-5.77
2005-03-17	-4.6	-5.06	-4.29	-4.78
2005-03-18	-8.34	-9	-8.12	-8.86
2005-03-19	-9.29	-10.07	-9.14	-10.02
2005-03-20	-8.68	-9.52	-8.56	-9.45
2005-03-21	-4.25	-4.97	-4.11	-4.83
2005-03-22	0.59	0.5	1.06	0.92
2005-03-23	0.97	0.79	1.53	1.18
2005-03-24	4.02	3.46	4.24	3.67
2005-03-25	3.14	2.55	3.38	2.84
2005-03-26	-0.28	-0.6	0.18	-0.1
2005-03-27	-0.36	-0.75	0	-0.44
2005-03-28	0.94	0.59	1.27	0.98
2005-03-29	-0.32	-0.59	0.16	-0.27
2005-03-30	1.5	1.23	2	1.74
2005-03-31	2.63	2.01	2.89	2.4
2005-04-01	2.63	2.29	3.08	2.77
2005-04-02	5.73	5.07	5.97	5.22
2005-04-03	5.81	5.29	6.12	5.52
2005-04-04	8.19	7.55	8.43	7.75
2005-04-05	5.19	4.41	5.41	4.58
2005-04-06	4.14	3.43	4.32	3.53
2005-04-07	3.63	3.05	3.92	3.23
2005-04-08	2.49	1.69	2.73	2.05
2005-04-09	1.96	1.15	2.16	1.33
2005-04-10	3.07	2.44	3.3	2.52
2005-04-11	3.94	3.21	4.2	3.46
2005-04-12	4.64	3.85	4.91	4.25
2005-04-13	4.76	3.99	5.01	4.19
2005-04-14	4.75	4.12	5.04	4.33
2005-04-15	4.08	3.83	4.51	4.15
2005-04-16	4.21	3.62	4.43	3.83
2005-04-17	1.67	1.23	2.05	1.53
2005-04-18	0.54	0.13	0.86	0.31
2005-04-19	-1	-1.36	-0.6	-1.12
2005-04-20	-0.1	-0.66	0.19	-0.44
2005-04-21	1.06	0.55	1.39	0.8
2005-04-22	1.27	1.03	1.78	1.39
2005-04-23	2.17	1.9	2.59	2.26
2005-04-24	3	2.47	3.28	2.74
2005-04-25	3.75	3.42	4.14	3.75
2005-04-26	3.97	3.79	4.5	4.15
2005-04-27	5.15	4.86	5.6	5.28
2005-04-28	5.49	5.17	5.82	5.45
2005-04-29	5.57	5.43	6.04	5.82
2005-04-30	3.04	2.57	3.35	2.77
2005-05-01	4.36	4.19	4.84	4.6
2005-05-02	3.59	3.34	4.11	3.83
2005-05-03	4.38	4.34	5.02	4.88
2005-05-04	3.57	3.21	3.99	3.65
2005-05-05	5.78	5.34	6.06	5.65
2005-05-06	4.15	3.89	4.62	4.32
2005-05-07	3.77	3.32	4.11	3.69
2005-05-08	4.17	3.94	4.63	4.28
2005-05-09	4.9	4.48	5.19	4.69
2005-05-10	7.4	6.92	7.64	7.17
2005-05-11	7.08	6.41	7.3	6.71
2005-05-12	7.2	6.75	7.54	7.24
2005-05-13	6.8	6.05	6.97	6.25
2005-05-14	8.93	8.2	9.11	8.46
2005-05-15	5.6	5.03	5.82	5.26
2005-05-16	1.56	1.14	1.93	1.39
2005-05-17	4.65	3.97	4.83	4.24
2005-05-18	5.33	4.71	5.47	4.9
2005-05-19	6.18	5.53	6.36	5.71
2005-05-20	8.03	7.45	8.26	7.71
2005-05-21	8.63	8.44	9.13	8.88
2005-05-22	12.3	11.93	12.64	12.28
2005-05-23	13.58	13.29	13.96	13.69
2005-05-24	12.29	11.97	12.7	12.39
2005-05-25	12.17	11.44	12.28	11.63
2005-05-26	11.55	10.98	11.76	11.18
2005-05-27	11.58	10.87	11.81	11.16
2005-05-28	8.85	8.21	9.14	8.59
2005-05-29	6.37	6.22	6.92	6.72
2005-05-30	8.1	7.8	8.49	8.13
2005-05-31	7.99	7.63	8.31	7.92
2005-06-01	8.94	8.18	9.14	8.31
2005-06-02	8.33	7.71	8.59	7.92
2005-06-03	8.96	8.7	9.47	9.1
2005-06-04	8.03	7.63	8.45	7.9
2005-06-05	7.94	7.26	8.17	7.38
2005-06-06	8.27	7.47	8.45	7.59
2005-06-07	8.21	7.48	8.45	7.64
2005-06-08	10.68	10.04	10.94	10.26
2005-06-09	14.95	14.45	15.32	14.81
2005-06-10	9.88	9.67	10.38	9.97
2005-06-11	9.7	9.22	9.94	9.2
2005-06-12	9.88	9.68	10.36	9.96
2005-06-13	9.57	9.24	10.01	9.59
2005-06-14	11.27	11.26	11.83	11.66
2005-06-15	14.54	14.21	14.93	14.53
2005-06-16	16.11	15.91	16.59	16.38
2005-06-17	15.69	15.14	15.97	15.38
2005-06-18	13.56	12.65	13.65	12.65
2005-06-19	14.27	13.62	14.48	13.76
2005-06-20	16.3	16.15	16.85	16.59
2005-06-21	18.59	17.97	18.82	18.21
2005-06-22	15.42	14.62	15.62	14.81
2005-06-23	15.31	15.03	15.81	15.52
2005-06-24	15.84	15.04	16.1	15.36
2005-06-25	12.01	11.27	12.23	11.44
2005-06-26	11.8	11.13	12.08	11.31
2005-06-27	11.83	11.21	12.16	11.5
2005-06-28	10.48	9.69	10.68	9.84
2005-06-29	12.61	12.05	12.91	12.23
2005-06-30	13.19	12.66	13.53	12.87
2005-07-01	15.12	14.53	15.4	14.62
2005-07-02	16.28	15.84	16.6	16.06
2005-07-03	17.54	17.09	17.88	17.26
2005-07-04	18.34	17.88	18.71	18.09
2005-07-05	18.48	18.01	18.81	18.13
2005-07-06	19.33	18.96	19.71	19.14
2005-07-07	20.64	20.19	20.96	20.42
2005-07-08	20.04	19.75	20.5	20.07
2005-07-09	20.51	20.22	20.95	20.44
2005-07-10	21.7	21.01	21.95	21.12
2005-07-11	20.3	19.53	20.56	19.75
2005-07-12	21.9	21.29	22.16	21.46
2005-07-13	16.78	15.73	16.94	15.84
2005-07-14	14.34	13.56	14.63	13.74
2005-07-15	16.51	15.78	16.85	15.95
2005-07-16	15.64	15.03	16.03	15.17
2005-07-17	16.63	16.12	17	16.28
2005-07-18	18.15	17.64	18.5	17.83
2005-07-19	16.42	16.06	16.82	16.22
2005-07-20	16.07	15.44	16.38	15.59
2005-07-21	15.22	14.66	15.64	14.85
2005-07-22	15.82	15.18	16.18	15.36
2005-07-23	14.74	13.93	14.96	14
2005-07-24	13.67	12.58	13.73	12.48
2005-07-25	14.7	14	15.01	14.09
2005-07-26	13.39	12.78	13.76	12.89
2005-07-27	15.07	14.38	15.42	14.55
2005-07-28	14.51	13.67	14.79	13.84
2005-07-29	15	14.27	15.31	14.51
2005-07-30	14.59	14.14	15.01	14.27
2005-07-31	15.65	15.04	16.03	15.24
2005-08-01	14.33	13.53	14.59	13.63
2005-08-02	13.28	12.61	13.55	12.71
2005-08-03	14.79	14.3	15.21	14.47
2005-08-04	14.29	13.65	14.62	13.78
2005-08-05	14.91	14.14	15.15	14.21
2005-08-06	13.05	12.36	13.31	12.39
2005-08-07	12.13	11.55	12.46	11.58
2005-08-08	13.27	12.75	13.64	12.84
2005-08-09	16.95	16.43	17.24	16.48
2005-08-10	15.63	15.16	15.99	15.29
2005-08-11	13.17	12.63	13.52	12.79
2005-08-12	13.33	12.56	13.53	12.6
2005-08-13	13.68	12.87	13.86	12.89
2005-08-14	12.74	11.93	12.93	11.93
2005-08-15	13.22	12.57	13.54	12.67
2005-08-16	11.86	11.17	12.17	11.35
2005-08-17	12.88	12.14	13.25	12.36
2005-08-18	15.44	15.04	15.99	15.38
2005-08-19	17.18	16.49	17.45	16.58
2005-08-20	17.69	16.87	17.9	17.01
2005-08-21	13.62	12.91	13.91	13.07
2005-08-22	14.73	14.42	15.28	14.75
2005-08-23	15.48	15.16	16.01	15.42
2005-08-24	15.35	14.95	15.82	15.17
2005-08-25	14.29	13.63	14.59	13.7
2005-08-26	13.05	12.2	13.26	12.28
2005-08-27	11.92	11.19	12.22	11.3
2005-08-28	12.35	11.66	12.64	11.73
2005-08-29	14.17	13.48	14.5	13.64
2005-08-30	12.51	11.71	12.79	11.87
2005-08-31	13.51	12.97	13.92	13.17
2005-09-01	14.2	13.73	14.63	13.87
2005-09-02	14.55	14.22	15.08	14.43
2005-09-03	11.71	11.03	12.03	11.17
2005-09-04	12.56	12.01	12.96	12.15
2005-09-05	11.2	10.52	11.53	10.69
2005-09-06	14.17	13.62	14.55	13.75
2005-09-07	14.06	13.29	14.3	13.32
2005-09-08	13.69	12.86	13.93	12.98
2005-09-09	10.2	9.36	10.46	9.45
2005-09-10	8.22	7.49	8.56	7.59
2005-09-11	9.24	8.63	9.62	8.71
2005-09-12	9.91	9.12	10.19	9.23
2005-09-13	9.38	8.69	9.7	8.79
2005-09-14	11.3	10.6	11.58	10.67
2005-09-15	6.54	5.71	6.77	5.74
2005-09-16	5.29	4.5	5.58	4.58
2005-09-17	6.05	5.36	6.39	5.45
2005-09-18	9.64	8.96	9.94	9.05
2005-09-19	11.69	11.11	12.01	11.21
2005-09-20	12.14	11.34	12.35	11.38
2005-09-21	9.46	8.7	9.73	8.85
2005-09-22	9.74	9.21	10.15	9.34
2005-09-23	11.86	11.24	12.16	11.32
2005-09-24	10.74	10.02	11.03	10.15
2005-09-25	9.52	9.16	10.06	9.5
2005-09-26	12.27	11.77	12.63	11.85
2005-09-27	12.55	11.91	12.82	11.98
2005-09-28	10.78	10.13	11.05	10.18
2005-09-29	8.42	7.66	8.65	7.68
2005-09-30	8.03	7.46	8.42	7.59
2005-10-01	9.95	9.21	10.2	9.31
2005-10-02	9.57	9.02	9.9	9.12
2005-10-03	9.42	8.74	9.73	8.89
2005-10-04	9.89	9.22	10.19	9.28
2005-10-05	10.07	9.42	10.37	9.52
2005-10-06	8.97	8.3	9.32	8.53
2005-10-07	9.21	8.61	9.66	8.91
2005-10-08	9.63	9.23	10.11	9.42
2005-10-09	9.45	8.76	9.74	8.88
2005-10-10	8.44	7.76	8.74	7.91
2005-10-11	11.68	11.05	11.97	11.15
2005-10-12	9.3	8.83	9.7	8.94
2005-10-13	7.96	7.5	8.39	7.63
2005-10-14	7.33	6.53	7.6	6.69
2005-10-15	5.15	4.35	5.39	4.4
2005-10-16	1.76	1.08	2.14	1.23
2005-10-17	1.94	1.25	2.29	1.26
2005-10-18	2.87	1.92	3.06	1.95
2005-10-19	0.86	-0.12	0.96	-0.19
2005-10-20	2.13	1.43	2.49	1.52
2005-10-21	2.93	2.12	3.24	2.28
2005-10-22	0.77	0.05	1.08	0.15
2005-10-23	-0.95	-1.69	-0.63	-1.56
2005-10-24	-1.3	-2.16	-0.96	-2.17
2005-10-25	-0.38	-1.32	-0.18	-1.43
2005-10-26	-0.21	-0.85	0.15	-0.77
2005-10-27	0.1	-0.53	0.5	-0.51
2005-10-28	5.62	5.11	5.98	5.16
2005-10-29	6.29	5.81	6.68	5.91
2005-10-30	7.21	6.68	7.57	6.8
2005-10-31	8.64	8.23	9.01	8.28
2005-11-01	5.26	4.84	5.67	4.95
2005-11-02	5.76	5.14	6.06	5.23
2005-11-03	3.97	3.37	4.35	3.57
2005-11-04	8.26	7.67	8.57	7.8
2005-11-05	6.34	5.6	6.62	5.73
2005-11-06	4.47	3.83	4.78	3.93
2005-11-07	6.73	6.11	7.03	6.21
2005-11-08	5.98	5.3	6.26	5.37
2005-11-09	7.07	6.44	7.33	6.46
2005-11-10	4.99	4.07	5.19	4.16
2005-11-11	1.9	0.99	2.1	1.03
2005-11-12	4.67	3.92	4.96	4.02
2005-11-13	3.39	2.54	3.63	2.61
2005-11-14	2.94	2.1	3.17	2.17
2005-11-15	-0.29	-1.05	0	-1.06
2005-11-16	-3.24	-4.03	-2.84	-4.24
2005-11-17	-4.87	-5.58	-4.47	-5.55
2005-11-18	-3.28	-4.02	-2.95	-3.96
2005-11-19	-2.74	-3.38	-2.32	-3.29
2005-11-20	-5.88	-6.6	-5.43	-6.38
2005-11-21	-3.85	-4.49	-3.44	-4.38
2005-11-22	-1.97	-2.6	-1.58	-2.63
2005-11-23	-2.28	-3.02	-2.01	-3.05
2005-11-24	-0.34	-0.95	0.05	-0.79
2005-11-25	-0.43	-1.03	-0.09	-1
2005-11-26	-1.8	-2.41	-1.44	-2.3
2005-11-27	-3.31	-3.99	-2.94	-3.87
2005-11-28	-3.88	-4.61	-3.55	-4.47
2005-11-29	-4.47	-5.16	-4.17	-5.22
2005-11-30	-7.2	-8	-6.94	-8.09
2005-12-01	-7.35	-8.03	-6.99	-7.95
2005-12-02	-5.84	-6.5	-5.36	-6.24
2005-12-03	-4.9	-5.54	-4.6	-5.55
2005-12-04	-3.73	-4.4	-3.43	-4.4
2005-12-05	-3.54	-4.11	-3.18	-4.02
2005-12-06	-3.76	-4.46	-3.44	-4.36
2005-12-07	-5.38	-6.27	-5.12	-6.15
2005-12-08	-5.88	-6.53	-5.55	-6.44
2005-12-09	-7.89	-8.48	-7.47	-8.34
2005-12-10	-4.96	-5.67	-4.66	-5.68
2005-12-11	0.34	-0.03	0.8	0.11
2005-12-12	-0.15	-0.75	0.17	-0.71
2005-12-13	-2.53	-3.05	-2.12	-2.95
2005-12-14	-3.35	-3.8	-2.9	-3.68
2005-12-15	-4.75	-5.41	-4.46	-5.39
2005-12-16	-7.98	-8.65	-7.59	-8.45
2005-12-17	-10.23	-10.95	-9.86	-10.73
2005-12-18	-10.79	-11.64	-10.57	-11.6
2005-12-19	-9.31	-10.06	-9	-10.01
2005-12-20	-8.49	-9.52	-8.39	-9.81
2005-12-21	-8.79	-9.32	-8.33	-9.45
2005-12-22	-4.83	-5.47	-4.53	-5.49
2005-12-23	-6.14	-6.98	-5.77	-6.76
2005-12-24	-3.71	-4.28	-3.38	-4.22
2005-12-25	-5.9	-6.44	-5.52	-6.29
2005-12-26	-7.94	-8.88	-7.8	-8.91
2005-12-27	-10.19	-11.02	-9.83	-10.77
2005-12-28	-9.41	-10.43	-9.19	-10.29
2005-12-29	-8.51	-9.36	-8.28	-9.31
2005-12-30	-5.28	-6.04	-5.07	-6.12
2005-12-31	-6.94	-7.6	-6.62	-7.62
2006-01-01	-4.99	-5.87	-4.86	-5.97
2006-01-02	-8.73	-9.66	-8.62	-9.75
2006-01-03	-15.91	-15.89	-15.06	-15.33
2006-01-04	-16.87	-17.57	-16.47	-17.62
2006-01-05	-11.04	-11.95	-10.44	-11.4
2006-01-06	-13.01	-13.64	-12.39	-13.68
2006-01-07	-9.51	-10.55	-9.14	-10.56
2006-01-08	-9.73	-10.96	-9.57	-10.85
2006-01-09	-11.33	-12.34	-11.02	-12.13
2006-01-10	-4.78	-5.33	-4.41	-5.2
2006-01-11	0.33	-0.23	0.65	-0.12
2006-01-12	-2.63	-3.37	-2.41	-3.41
2006-01-13	-2.26	-2.93	-1.87	-2.67
2006-01-14	-3.48	-4.03	-3.14	-3.94
2006-01-15	-6.35	-6.76	-5.48	-6.02
2006-01-16	-6.37	-7	-6.09	-6.98
2006-01-17	-6.18	-7.02	-6.07	-7.16
2006-01-18	-8.77	-9.46	-8.45	-9.31
2006-01-19	-12.06	-12.9	-11.85	-12.9
2006-01-20	-11.46	-12.42	-11.44	-12.69
2006-01-21	-11.47	-12.31	-11.35	-12.56
2006-01-22	-13.4	-13.8	-12.97	-13.77
2006-01-23	-6.22	-6.83	-5.9	-6.77
2006-01-24	-3.09	-3.79	-2.85	-3.78
2006-01-25	-5.23	-5.94	-4.97	-5.87
2006-01-26	-3.78	-4.29	-3.42	-4.22
2006-01-27	-1.58	-2.04	-1.17	-1.91
2006-01-28	-1.19	-1.85	-0.94	-1.82
2006-01-29	0.48	-0.12	0.7	-0.21
2006-01-30	0.61	0.01	0.83	-0.03
2006-01-31	1.47	0.89	1.71	0.89
2006-02-01	0.61	0.17	0.91	0.38
2006-02-02	-3.02	-3.41	-2.6	-3.09
2006-02-03	-11	-11.5	-10.56	-10.99
2006-02-04	-16.73	-17.26	-16.21	-16.77
2006-02-05	-16.14	-16.55	-15.31	-15.95
2006-02-06	-11.1	-11.75	-10.87	-11.71
2006-02-07	-7.4	-7.92	-7.04	-7.69
2006-02-08	-6.57	-7.17	-6.32	-7.07
2006-02-09	-6.37	-7.05	-6.16	-6.9
2006-02-10	-7.77	-8.32	-7.47	-8.24
2006-02-11	-5.24	-5.84	-5.04	-5.85
2006-02-12	-6.65	-7.45	-6.44	-7.34
2006-02-13	-6.48	-7.15	-6.26	-7.06
2006-02-14	-9.21	-9.83	-8.89	-9.61
2006-02-15	-6.46	-7.02	-6.22	-6.96
2006-02-16	-5.74	-6.28	-5.48	-6.2
2006-02-17	-8.53	-9.08	-8.22	-8.89
2006-02-18	-7.84	-8.44	-7.56	-8.33
2006-02-19	-7.91	-8.4	-7.5	-8.17
2006-02-20	-7.83	-8.41	-7.51	-8.34
2006-02-21	-7.64	-8.17	-7.28	-7.91
2006-02-22	-0.34	-0.83	-0.09	-0.76
2006-02-23	-0.59	-0.8	-0.06	-0.45
2006-02-24	-1.42	-1.56	-0.93	-1.28
2006-02-25	-4.72	-5.23	-4.42	-4.98
2006-02-26	-7.81	-8.32	-7.45	-8
2006-02-27	-10.76	-11.64	-10.69	-11.37
2006-02-28	-11.83	-12.77	-11.69	-12.44
2006-03-01	-8.01	-8.94	-7.81	-8.74
2006-03-02	-7.21	-8.02	-6.99	-7.87
2006-03-03	-10.5	-11.48	-10.36	-11.44
2006-03-04	-10.14	-10.94	-9.9	-10.78
2006-03-05	-13.9	-14.84	-13.64	-14.59
2006-03-06	-16.39	-17.63	-16.34	-17.52
2006-03-07	-11.46	-11.59	-10.78	-11.14
2006-03-08	-12.5	-13.06	-12.11	-12.72
2006-03-09	-13.19	-14.05	-12.96	-13.94
2006-03-10	-11.13	-11.57	-10.76	-11.4
2006-03-11	-7.1	-7.31	-6.62	-7.13
2006-03-12	-8.31	-8.38	-7.62	-7.93
2006-03-13	-9.61	-9.83	-9.1	-9.65
2006-03-14	-10.02	-10.22	-9.56	-9.99
2006-03-15	-4.93	-5.3	-4.55	-5.07
2006-03-16	-3.3	-4.01	-3.15	-3.89
2006-03-17	-0.8	-1.49	-0.65	-1.46
2006-03-18	1.17	0.54	1.35	0.57
2006-03-19	-3.47	-3.94	-3.11	-3.69
2006-03-20	-6.74	-7.04	-6.27	-6.54
2006-03-21	-7.86	-8.03	-7.3	-7.64
2006-03-22	-8.32	-8.68	-7.98	-8.32
2006-03-23	-7.28	-7.8	-7.04	-7.53
2006-03-24	-5.97	-6.56	-5.71	-6.34
2006-03-25	-1.97	-2.6	-1.79	-2.54
2006-03-26	-2.83	-3.16	-2.51	-2.88
2006-03-27	-3.15	-3.61	-2.84	-3.42
2006-03-28	-2.23	-2.81	-1.91	-2.53
2006-03-29	-4.67	-5.34	-4.4	-5.17
2006-03-30	-5.26	-5.9	-4.96	-5.67
2006-03-31	-7.07	-7.6	-6.71	-7.43
2006-04-01	-3.9	-4.49	-3.54	-4.18
2006-04-02	-2.77	-3.29	-2.42	-2.95
2006-04-03	-0.42	-0.97	-0.05	-0.64
2006-04-04	-0.85	-1.43	-0.53	-1.17
2006-04-05	-1.38	-1.96	-1.09	-1.75
2006-04-06	0.29	-0.35	0.51	-0.3
2006-04-07	1.49	0.94	1.84	1.17
2006-04-08	1.11	0.5	1.42	0.72
2006-04-09	1.6	0.98	1.89	1.18
2006-04-10	1.43	0.7	1.6	0.78
2006-04-11	1.24	0.76	1.64	0.97
2006-04-12	0.81	0.38	1.22	0.61
2006-04-13	1.7	1.22	2.07	1.48
2006-04-14	2.2	1.72	2.56	1.97
2006-04-15	2.98	2.22	3.08	2.46
2006-04-16	2.51	2.15	2.9	2.57
2006-04-17	3.78	3.09	3.92	3.3
2006-04-18	2.79	2.02	2.94	2.23
2006-04-19	3.16	2.49	3.4	2.81
2006-04-20	3.44	2.75	3.61	2.89
2006-04-21	3.08	2.26	3.22	2.36
2006-04-22	4.09	3.77	4.55	4.12
2006-04-23	6.92	6.29	7.1	6.37
2006-04-24	5.51	5.39	6.02	5.7
2006-04-25	4.64	4.63	5.21	5.07
2006-04-26	6.4	6.38	7.03	6.99
2006-04-27	4.87	4.7	5.41	5.19
2006-04-28	3.26	2.57	3.45	2.72
2006-04-29	6.63	6.27	6.99	6.59
2006-04-30	5.16	4.85	5.56	5.16
2006-05-01	5.01	4.71	5.46	5.13
2006-05-02	5.13	4.77	5.47	5.03
2006-05-03	7.72	7.52	8.25	8.06
2006-05-04	11.35	11.16	11.81	11.65
2006-05-05	11.05	11.12	11.64	11.78
2006-05-06	11.61	11.38	12	11.81
2006-05-07	13.68	13.35	14.04	13.74
2006-05-08	14.69	14.23	14.95	14.62
2006-05-09	10.88	10.85	11.46	11.41
2006-05-10	10.37	10.4	10.95	10.96
2006-05-11	10.73	10.46	11.06	10.93
2006-05-12	8.89	7.9	8.89	8.08
2006-05-13	5.32	4.6	5.55	4.81
2006-05-14	5.9	5.08	6.04	5.23
2006-05-15	5.52	4.74	5.73	4.95
2006-05-16	4.67	4.16	4.99	4.51
2006-05-17	5.8	5.11	5.97	5.22
2006-05-18	4.65	4.16	4.96	4.45
2006-05-19	5.88	5.54	6.3	5.94
2006-05-20	6.98	6.66	7.35	6.95
2006-05-21	7.57	7.29	7.95	7.61
2006-05-22	8.49	8.24	8.98	8.77
2006-05-23	9.86	9.64	10.28	9.99
2006-05-24	7.06	6.56	7.24	6.61
2006-05-25	8.88	8.21	9.07	8.5
2006-05-26	7.47	6.68	7.65	6.92
2006-05-27	7.98	7.09	8.05	7.21
2006-05-28	8.16	7.62	8.45	7.89
2006-05-29	7.87	7.25	8.15	7.48
2006-05-30	8.11	7.58	8.39	7.78
2006-05-31	7.69	7.07	7.94	7.26
2006-06-01	8.76	8.11	9.02	8.27
2006-06-02	11.28	10.68	11.63	11.08
2006-06-03	9.5	8.98	9.86	9.28
2006-06-04	9.21	8.5	9.46	8.67
2006-06-05	8.84	8.35	9.16	8.59
2006-06-06	8.28	8.01	8.74	8.32
2006-06-07	8.96	8.26	9.21	8.44
2006-06-08	11.23	10.54	11.47	10.83
2006-06-09	13.63	12.85	13.88	13.23
2006-06-10	13.92	13.37	14.23	13.72
2006-06-11	15.17	15.23	15.75	15.7
2006-06-12	17.57	17.78	18.16	18.29
2006-06-13	21.57	21.03	21.76	21.23
2006-06-14	11.8	10.95	12.02	11.26
2006-06-15	12.51	12.06	12.84	12.42
2006-06-16	14.61	14.22	14.98	14.62
2006-06-17	15.3	15.2	15.79	15.66
2006-06-18	19.15	18.83	19.54	19.2
2006-06-19	18.2	17.63	18.42	17.81
2006-06-20	16.11	15.63	16.41	15.78
2006-06-21	15.69	15.29	16.04	15.5
2006-06-22	14.52	14.08	14.89	14.29
2006-06-23	13.09	12.38	13.3	12.51
2006-06-24	13.15	12.66	13.54	13.04
2006-06-25	14.8	14.05	14.97	14.15
2006-06-26	13.61	12.76	13.76	12.97
2006-06-27	13.22	12.79	13.54	12.91
2006-06-28	11.57	11.19	11.97	11.35
2006-06-29	14.06	13.32	14.22	13.47
2006-06-30	14.86	14.63	15.35	15.04
2006-07-01	17.86	17.61	18.34	17.96
2006-07-02	20.76	20.22	21	20.37
2006-07-03	21.51	20.82	21.65	20.9
2006-07-04	18.17	17.36	18.39	17.5
2006-07-05	16.87	16.67	17.41	17.09
2006-07-06	22.47	21.91	22.76	22.18
2006-07-07	23.12	22.38	23.26	22.55
2006-07-08	21.71	20.9	21.78	20.91
2006-07-09	19.1	18.36	19.24	18.34
2006-07-10	15.99	15.3	16.29	15.5
2006-07-11	14.55	14	14.91	14.25
2006-07-12	17.16	16.49	17.41	16.66
2006-07-13	16.26	15.47	16.52	15.73
2006-07-14	12.93	12.11	13.13	12.27
2006-07-15	12.82	12.13	13.08	12.34
2006-07-16	16.87	16.53	17.28	16.83
2006-07-17	17.31	16.59	17.58	16.83
2006-07-18	12.6	11.81	12.82	11.99
2006-07-19	11.76	10.94	11.95	11.05
2006-07-20	13.16	12.74	13.52	12.9
2006-07-21	14.11	13.67	14.59	14.1
2006-07-22	15.89	15.75	16.42	16.07
2006-07-23	18.09	17.71	18.45	17.89
2006-07-24	19	18.6	19.32	18.8
2006-07-25	18.15	17.5	18.45	17.74
2006-07-26	17.03	16.39	17.29	16.63
2006-07-27	16.8	16.72	17.39	17.12
2006-07-28	14.09	13.64	14.59	14.04
2006-07-29	15.23	14.78	15.65	15.03
2006-07-30	15.32	15.04	15.8	15.33
2006-07-31	16.43	16.15	16.9	16.43
2006-08-01	15.16	14.58	15.48	14.65
2006-08-02	16.88	16.31	17.2	16.38
2006-08-03	17.69	17.27	18.15	17.47
2006-08-04	18.78	18.37	19.19	18.54
2006-08-05	20.94	20.53	21.31	20.71
2006-08-06	21.45	21.08	21.9	21.38
2006-08-07	20.99	20.58	21.41	20.85
2006-08-08	18.24	17.42	18.43	17.54
2006-08-09	17.55	17.05	17.94	17.25
2006-08-10	17.62	16.96	17.92	17.09
2006-08-11	18.75	18.18	19.03	18.22
2006-08-12	17.95	17.34	18.25	17.43
2006-08-13	18.25	17.53	18.52	17.63
2006-08-14	16.42	15.75	16.73	15.83
2006-08-15	16.41	15.75	16.74	15.81
2006-08-16	15.55	15	15.92	15.06
2006-08-17	16.47	15.66	16.73	15.8
2006-08-18	17.07	16.27	17.34	16.41
2006-08-19	17.19	16.58	17.56	16.79
2006-08-20	16.46	15.77	16.77	15.88
2006-08-21	16.4	15.7	16.71	15.8
2006-08-22	15.41	14.71	15.73	14.82
2006-08-23	16.51	15.82	16.84	15.93
2006-08-24	16.14	15.41	16.46	15.56
2006-08-25	15.84	15.08	16.1	15.18
2006-08-26	16.25	15.51	16.52	15.6
2006-08-27	15.6	14.97	15.93	15.05
2006-08-28	14.46	13.83	14.83	13.97
2006-08-29	14.49	13.75	14.81	13.87
2006-08-30	15.13	14.35	15.4	14.45
2006-08-31	15.74	14.94	15.98	15.06
2006-09-01	14.1	13.38	14.33	13.41
2006-09-02	13.4	12.75	13.73	12.89
2006-09-03	13.09	12.42	13.36	12.46
2006-09-04	12.3	11.58	12.51	11.59
2006-09-05	12.58	11.92	12.93	12.17
2006-09-06	11.86	11.07	12.1	11.17
2006-09-07	10.43	9.79	10.71	9.81
2006-09-08	10.2	9.48	10.44	9.54
2006-09-09	11.42	10.7	11.67	10.81
2006-09-10	12.54	11.89	12.87	12.05
2006-09-11	13.27	12.65	13.6	12.77
2006-09-12	14.7	14.08	15.06	14.31
2006-09-13	15.26	14.58	15.52	14.68
2006-09-14	12.17	11.71	12.63	12.01
2006-09-15	9.59	9.15	10.06	9.38
2006-09-16	11.26	10.76	11.62	10.83
2006-09-17	11.67	11.07	12.06	11.21
2006-09-18	11.26	10.57	11.59	10.7
2006-09-19	12.56	11.91	12.89	12.04
2006-09-20	12.38	11.75	12.66	11.81
2006-09-21	13.2	12.59	13.52	12.72
2006-09-22	15.88	15.26	16.18	15.4
2006-09-23	15.61	14.98	15.87	15.05
2006-09-24	14	13.3	14.29	13.48
2006-09-25	10.27	9.55	10.61	9.81
2006-09-26	12.05	11.56	12.43	11.74
2006-09-27	12.68	12.32	13.12	12.49
2006-09-28	11.4	10.92	11.77	11.13
2006-09-29	7.51	6.84	7.88	7.13
2006-09-30	8.49	7.86	8.84	8.04
2006-10-01	10.48	9.9	10.76	10.01
2006-10-02	9.75	9.38	10.16	9.5
2006-10-03	9.79	9.23	10.1	9.31
2006-10-04	9.17	8.72	9.55	8.86
2006-10-05	7.41	6.88	7.78	7.05
2006-10-06	7.44	6.89	7.78	7.01
2006-10-07	10.41	9.86	10.71	9.93
2006-10-08	10.37	9.8	10.65	9.84
2006-10-09	6.91	6.31	7.21	6.36
2006-10-10	7.62	7.09	7.97	7.19
2006-10-11	6.46	5.88	6.82	6.13
2006-10-12	5.53	4.94	5.89	5.13
2006-10-13	7.65	7.04	8.01	7.19
2006-10-14	10.18	9.56	10.44	9.55
2006-10-15	8.76	8.22	9.06	8.23
2006-10-16	7.7	7.15	8.01	7.09
2006-10-17	6.06	5.4	6.33	5.4
2006-10-18	2.77	1.95	2.95	1.92
2006-10-19	3.57	2.64	3.78	2.76
2006-10-20	4.57	3.9	4.95	4.2
2006-10-21	4.08	3.38	4.42	3.58
2006-10-22	5.65	5.03	6.07	5.31
2006-10-23	4.99	4.19	5.3	4.47
2006-10-24	1.87	1.17	2.17	1.37
2006-10-25	0.05	-0.53	0.45	-0.38
2006-10-26	0.9	0.04	1.16	0.08
2006-10-27	1.87	1.17	2.19	1.28
2006-10-28	0.45	-0.12	0.88	0.07
2006-10-29	-2.05	-2.66	-1.63	-2.52
2006-10-30	-2.22	-2.91	-1.81	-2.69
2006-10-31	-3.2	-4.21	-3	-4.03
2006-11-01	-7.91	-8.99	-7.77	-9
2006-11-02	-6.98	-8.03	-6.73	-7.93
2006-11-03	-3.22	-3.95	-2.87	-3.91
2006-11-04	-1.72	-2.29	-1.28	-2.14
2006-11-05	-0.83	-1.36	-0.41	-1.25
2006-11-06	1.39	0.75	1.7	0.83
2006-11-07	1.96	1.27	2.26	1.34
2006-11-08	-0.43	-1.08	-0.08	-1.03
2006-11-09	-1.13	-1.84	-0.86	-1.88
2006-11-10	-2.12	-2.74	-1.76	-2.65
2006-11-11	-0.82	-1.24	-0.38	-1.07
2006-11-12	-2.17	-2.82	-1.87	-2.78
2006-11-13	-2.65	-3.45	-2.49	-3.64
2006-11-14	-0.16	-0.76	0.14	-0.77
2006-11-15	-3.23	-3.9	-2.96	-4.18
2006-11-16	-0.38	-1.07	-0.1	-1.11
2006-11-17	3.64	3.1	4.03	3.33
2006-11-18	1.08	0.54	1.49	0.73
2006-11-19	1.16	0.54	1.51	0.67
2006-11-20	0.18	-0.46	0.5	-0.35
2006-11-21	1.75	1.13	2.05	1.24
2006-11-22	2.29	1.54	2.47	1.57
2006-11-23	-0.05	-0.7	0.24	-0.6
2006-11-24	3.26	2.59	3.52	2.69
2006-11-25	3	2.38	3.34	2.6
2006-11-26	6.22	5.58	6.49	5.7
2006-11-27	1.99	1.3	2.29	1.41
2006-11-28	3.89	3.36	4.39	3.79
2006-11-29	3.75	3.1	4.17	3.46
2006-11-30	2.12	1.44	2.57	1.88
2006-12-01	3.46	2.64	3.83	2.76
2006-12-02	1.64	0.77	1.95	0.81
2006-12-03	-0.37	-1.26	0.01	-1.11
2006-12-04	1.41	0.62	1.74	0.66
2006-12-05	2.48	1.66	2.78	1.68
2006-12-06	1.36	0.47	1.68	0.57
2006-12-07	-0.89	-1.74	-0.59	-1.77
2006-12-08	2.3	1.44	2.54	1.39
2006-12-09	1.73	1.03	2.06	0.98
2006-12-10	-1.65	-2.44	-1.3	-2.46
2006-12-11	2.93	2.05	3.16	1.98
2006-12-12	-0.49	-1.37	-0.19	-1.41
2006-12-13	-0.6	-1.47	-0.33	-1.51
2006-12-14	-0.59	-1.42	-0.19	-1.27
2006-12-15	0.21	-0.69	0.5	-0.72
2006-12-16	-2.27	-2.98	-1.91	-3.08
2006-12-17	-4.77	-5.52	-4.42	-5.61
2006-12-18	-5.15	-5.98	-4.82	-6.02
2006-12-19	-3.44	-4.17	-3.1	-4.33
2006-12-20	-0.07	-0.87	0.18	-1.06
2006-12-21	-0.86	-1.59	-0.59	-1.84
2006-12-22	0.33	-0.41	0.6	-0.61
2006-12-23	1.92	1.18	2.18	1
2006-12-24	0.99	0.14	1.25	0.08
2006-12-25	-3.29	-3.96	-2.84	-3.94
2006-12-26	-1.1	-1.74	-0.72	-1.83
2006-12-27	1.35	0.64	1.63	0.47
2006-12-28	-1.52	-2.24	-1.14	-2.15
2006-12-29	-4.46	-5.21	-4.05	-5.16
2006-12-30	-2.17	-2.84	-1.73	-2.75
2006-12-31	-2.94	-3.79	-2.6	-3.85
2007-01-01	-2.19	-2.74	-1.8	-2.56
2007-01-02	-0.98	-1.66	-0.72	-1.63
2007-01-03	-2.41	-3.01	-2.1	-3
2007-01-04	0.3	-0.22	0.69	-0.04
2007-01-05	-1.51	-2.15	-1.21	-2.12
2007-01-06	-4.34	-4.92	-3.99	-4.93
2007-01-07	-4.2	-4.8	-3.82	-4.68
2007-01-08	0.46	-0.09	0.84	0.07
2007-01-09	0.71	0.05	1	0.15
2007-01-10	-0.27	-0.96	0.01	-0.89
2007-01-11	-4.59	-5.36	-4.3	-5.28
2007-01-12	-3.73	-4.42	-3.43	-4.39
2007-01-13	-2.57	-3.25	-2.29	-3.23
2007-01-14	-3	-3.74	-2.74	-3.67
2007-01-15	-2.72	-3.3	-2.29	-3.13
2007-01-16	0.03	-0.6	0.29	-0.63
2007-01-17	-5.96	-6.72	-5.65	-6.72
2007-01-18	-4.05	-4.83	-3.8	-4.74
2007-01-19	-8.92	-9.62	-8.66	-9.63
2007-01-20	-11	-12.02	-10.77	-11.96
2007-01-21	-9.62	-10.4	-9.38	-10.36
2007-01-22	-14.19	-15.07	-13.96	-15.22
2007-01-23	-10.45	-11.09	-9.99	-10.93
2007-01-24	-15.18	-16.26	-14.9	-15.98
2007-01-25	-13.05	-13.68	-12.67	-13.84
2007-01-26	-5.78	-6.41	-5.5	-6.46
2007-01-27	-10.35	-11.07	-10.05	-11.02
2007-01-28	-14.27	-15.3	-13.74	-14.83
2007-01-29	-8.7	-9.32	-8.39	-9.38
2007-01-30	-6.9	-7.37	-6.35	-7.09
2007-01-31	-4.99	-5.49	-4.65	-5.54
2007-02-01	-4.15	-4.47	-3.77	-4.39
2007-02-02	-1.38	-1.63	-1.05	-1.45
2007-02-03	-0.63	-1.05	-0.37	-0.83
2007-02-04	-2.79	-3.28	-2.46	-2.95
2007-02-05	-10.87	-11.53	-10.54	-11.08
2007-02-06	-18.78	-19.68	-18.66	-19.42
2007-02-07	-18.18	-18.82	-17.72	-18.18
2007-02-08	-11.37	-11.86	-10.99	-11.54
2007-02-09	-12.49	-12.88	-11.99	-12.5
2007-02-10	-13.81	-14.41	-13.47	-14.34
2007-02-11	-13.75	-13.91	-13.32	-13.67
2007-02-12	-12.04	-12.34	-11.42	-11.96
2007-02-13	-8.13	-8.57	-7.83	-8.39
2007-02-14	-10.72	-11.22	-10.3	-10.73
2007-02-15	-7.15	-7.64	-6.76	-7.2
2007-02-16	-4.05	-4.17	-3.62	-3.89
2007-02-17	-1.99	-2.34	-1.68	-2.08
2007-02-18	-5.98	-6.17	-5.53	-5.76
2007-02-19	-11.18	-11.87	-10.86	-11.32
2007-02-20	-17.67	-18.28	-17.41	-18.09
2007-02-21	-17	-18.1	-16.86	-17.7
2007-02-22	-11.45	-12.23	-11.23	-11.92
2007-02-23	-11.08	-11.69	-10.98	-11.7
2007-02-24	-8.2	-8.7	-7.98	-8.54
2007-02-25	-5.42	-5.92	-5.21	-5.79
2007-02-26	-4.54	-4.99	-4.3	-4.84
2007-02-27	-5.15	-5.45	-4.82	-5.23
2007-02-28	-5.75	-6.19	-5.47	-5.99
2007-03-01	-1.21	-1.82	-0.9	-1.76
2007-03-02	-1.6	-2.08	-1.2	-1.94
2007-03-03	-4.73	-5.18	-4.34	-4.97
2007-03-04	-5.47	-5.34	-4.75	-4.88
2007-03-05	-5.28	-5.67	-4.69	-5.22
2007-03-06	-0.59	-1.36	-0.25	-1.04
2007-03-07	1.12	0.62	1.48	0.73
2007-03-08	0.38	-0.06	0.77	0.08
2007-03-09	0.2	-0.33	0.51	-0.35
2007-03-10	1.98	1.31	2.21	1.3
2007-03-11	2.04	1.43	2.29	1.42
2007-03-12	3.7	3.25	4.12	3.39
2007-03-13	3.06	2.41	3.35	2.5
2007-03-14	3.09	2.5	3.37	2.58
2007-03-15	4.25	3.69	4.52	3.87
2007-03-16	3.04	2.34	3.25	2.44
2007-03-17	0.42	-0.35	0.63	-0.26
2007-03-18	-2.39	-3.25	-2.14	-3.15
2007-03-19	-1.36	-2.13	-1.21	-2.26
2007-03-20	-2	-2.78	-1.81	-2.76
2007-03-21	-3.37	-3.93	-3.05	-3.75
2007-03-22	-2.59	-2.98	-2.19	-2.74
2007-03-23	0.12	-0.3	0.61	-0.03
2007-03-24	0.72	0.44	1.28	0.85
2007-03-25	1.2	0.68	1.63	1.11
2007-03-26	3.01	2.63	3.66	3.28
2007-03-27	3.54	2.72	3.65	3.11
2007-03-28	4.42	3.66	4.42	3.87
2007-03-29	5.7	5.03	5.94	5.29
2007-03-30	4.33	3.35	4.49	3.47
2007-03-31	1.93	1.11	2.11	1.18
2007-04-01	4.14	3.48	4.36	3.63
2007-04-02	3.76	3.15	4.02	3.35
2007-04-03	-0.4	-0.9	-0.05	-0.63
2007-04-04	3.67	3.25	4.03	3.54
2007-04-05	0.26	-0.38	0.53	-0.11
2007-04-06	-1.33	-1.91	-1.03	-1.65
2007-04-07	-1.87	-2.46	-1.6	-2.24
2007-04-08	-1.55	-1.97	-1.13	-1.66
2007-04-09	-1.16	-1.28	-0.62	-0.95
2007-04-10	1.41	1.17	1.89	1.52
2007-04-11	2.94	2.29	3.19	2.55
2007-04-12	3.82	3.29	4.17	3.64
2007-04-13	7.99	7.39	8.19	7.6
2007-04-14	10.17	9.79	10.5	10.05
2007-04-15	9.41	9.22	9.83	9.6
2007-04-16	9.6	8.91	9.78	9.21
2007-04-17	5.35	4.7	5.54	4.96
2007-04-18	1.44	0.84	1.72	1.09
2007-04-19	0.32	-0.01	0.72	0.25
2007-04-20	0.82	0.15	1.03	0.31
2007-04-21	0.45	-0.07	0.79	0.19
2007-04-22	1.75	1.27	2.05	1.5
2007-04-23	6.43	5.88	6.67	6.19
2007-04-24	6.7	6.92	7.45	7.66
2007-04-25	11.77	11.28	12.07	11.65
2007-04-26	12.15	11.39	12.31	11.7
2007-04-27	7.8	7.09	8.05	7.43
2007-04-28	4.04	3.68	4.39	4.02
2007-04-29	4.48	4.03	4.81	4.32
2007-04-30	2.38	2.28	2.86	2.65
2007-05-01	6.06	5.5	6.33	5.78
2007-05-02	5.87	5.49	6.23	5.84
2007-05-03	8.51	7.9	8.74	8.23
2007-05-04	4.59	4.53	5.17	5.04
2007-05-05	3.59	3.5	4.18	4
2007-05-06	8.08	7.79	8.66	8.4
2007-05-07	8.95	8.35	9.22	8.6
2007-05-08	7.79	6.92	7.88	7.11
2007-05-09	5.81	5.03	6	5.19
2007-05-10	5.26	4.57	5.46	4.79
2007-05-11	4.51	4.15	4.85	4.35
2007-05-12	3.96	3.71	4.39	4.06
2007-05-13	5.69	5.3	6.07	5.66
2007-05-14	6.18	5.87	6.7	6.32
2007-05-15	6.76	5.89	6.92	6.1
2007-05-16	5.91	5.15	6.18	5.44
2007-05-17	6.39	5.8	6.65	6
2007-05-18	5.61	5.25	6.01	5.56
2007-05-19	11.41	10.79	11.65	11.01
2007-05-20	12.53	11.86	12.71	11.98
2007-05-21	12.07	11.42	12.26	11.64
2007-05-22	9.68	9.37	10.03	9.7
2007-05-23	10.3	9.67	10.56	9.99
2007-05-24	11.22	10.52	11.52	10.96
2007-05-25	11.7	10.99	11.96	11.37
2007-05-26	8.97	8.49	9.25	8.7
2007-05-27	10.88	10.35	11.11	10.7
2007-05-28	8.68	8.47	9.09	8.66
2007-05-29	10.11	9.83	10.48	10.05
2007-05-30	9.73	9.6	10.17	9.79
2007-05-31	8.83	8.74	9.3	8.91
2007-06-01	9.52	9.04	9.89	9.25
2007-06-02	11.3	11.04	11.75	11.32
2007-06-03	13.58	13.45	14.06	13.8
2007-06-04	15.47	15.26	15.83	15.57
2007-06-05	16.08	16	16.53	16.41
2007-06-06	16.25	16	16.65	16.35
2007-06-07	19.32	18.93	19.58	19.23
2007-06-08	19.38	19.16	19.82	19.53
2007-06-09	18.82	18.57	19.3	19
2007-06-10	18.3	17.68	18.55	18.02
2007-06-11	17.43	16.83	17.7	17.21
2007-06-12	13.3	12.32	13.41	12.44
2007-06-13	9.75	8.83	9.99	9
2007-06-14	7.93	7.18	8.18	7.25
2007-06-15	10.33	9.41	10.56	9.55
2007-06-16	12.15	11.78	12.61	12.11
2007-06-17	12.33	12.03	12.84	12.32
2007-06-18	12.01	11.5	12.39	11.81
2007-06-19	12.33	11.52	12.47	11.59
2007-06-20	13.1	12.48	13.38	12.69
2007-06-21	12.11	11.66	12.49	11.85
2007-06-22	12.39	11.88	12.75	12.11
2007-06-23	13.76	13.22	14.04	13.37
2007-06-24	15.15	14.55	15.36	14.62
2007-06-25	15.94	15.52	16.31	15.74
2007-06-26	13.42	13.01	13.95	13.46
2007-06-27	12.57	12.02	12.91	12.19
2007-06-28	13.83	12.91	14	13.04
2007-06-29	14.01	13.08	14.16	13.2
2007-06-30	14.29	13.5	14.45	13.61
2007-07-01	14.65	14.24	15.1	14.47
2007-07-02	15.98	15.59	16.35	15.8
2007-07-03	16.67	16.29	17.04	16.46
2007-07-04	17.06	16.63	17.36	16.67
2007-07-05	18.99	18.46	19.25	18.53
2007-07-06	16.5	16.12	16.92	16.26
2007-07-07	14.13	13.41	14.4	13.55
2007-07-08	12.45	11.6	12.65	11.65
2007-07-09	11.72	10.95	11.97	11.05
2007-07-10	13.5	12.84	13.85	13.06
2007-07-11	15.7	15.2	16.09	15.39
2007-07-12	14.9	14.35	15.27	14.59
2007-07-13	14.52	13.94	14.85	14.12
2007-07-14	16.71	16.2	17.04	16.38
2007-07-15	16.23	15.61	16.59	15.83
2007-07-16	17.89	17.11	18.18	17.28
2007-07-17	16.68	16.18	17.11	16.47
2007-07-18	15.28	14.47	15.51	14.57
2007-07-19	13.93	13.11	14.15	13.18
2007-07-20	13.16	12.43	13.44	12.51
2007-07-21	14.72	13.98	14.96	14.13
2007-07-22	16.85	16.28	17.22	16.55
2007-07-23	16.21	15.63	16.52	15.79
2007-07-24	15.46	14.93	15.84	15.11
2007-07-25	16.08	15.65	16.51	15.89
2007-07-26	17.62	16.95	17.9	17.17
2007-07-27	15	14.39	15.29	14.41
2007-07-28	15.51	14.84	15.84	14.97
2007-07-29	14.38	13.63	14.65	13.74
2007-07-30	13.52	12.87	13.89	13.08
2007-07-31	14.58	13.93	14.93	14.09
2007-08-01	15.64	14.78	15.87	14.87
2007-08-02	15.53	14.61	15.69	14.58
2007-08-03	14.1	13.48	14.41	13.54
2007-08-04	15.82	15.28	16.23	15.46
2007-08-05	19.06	18.29	19.28	18.36
2007-08-06	19.92	19.44	20.32	19.66
2007-08-07	19.27	19.15	19.89	19.57
2007-08-08	18.78	18.34	19.14	18.48
2007-08-09	18.61	18.1	19.04	18.39
2007-08-10	16.5	15.97	16.84	16.11
2007-08-11	14.15	13.47	14.51	13.55
2007-08-12	16.56	16.09	16.98	16.21
2007-08-13	16.86	16.17	17.17	16.24
2007-08-14	16.61	15.78	16.81	15.75
2007-08-15	16.14	15.46	16.46	15.58
2007-08-16	15.45	14.72	15.74	14.73
2007-08-17	14.8	14.05	15.07	14.02
2007-08-18	14	13.21	14.27	13.27
2007-08-19	14.61	13.83	14.95	13.98
2007-08-20	15.03	14.4	15.39	14.47
2007-08-21	15.32	14.79	15.74	14.88
2007-08-22	16.44	15.79	16.73	15.89
2007-08-23	17.02	16.58	17.46	16.74
2007-08-24	16.26	15.5	16.55	15.59
2007-08-25	15.58	14.7	15.85	14.83
2007-08-26	11.67	10.77	11.89	10.78
2007-08-27	8.8	8.08	9.13	8.14
2007-08-28	7.49	7.01	8	7.19
2007-08-29	8.23	7.32	8.41	7.26
2007-08-30	7.91	7.1	8.16	7.11
2007-08-31	7.41	6.56	7.68	6.55
2007-09-01	8.54	7.86	8.86	7.94
2007-09-02	10.59	9.94	10.96	10.15
2007-09-03	7.65	6.77	7.82	6.77
2007-09-04	9.06	8.4	9.35	8.42
2007-09-05	9.66	9.12	10.1	9.31
2007-09-06	11.01	10.29	11.29	10.39
2007-09-07	9.32	8.62	9.55	8.63
2007-09-08	8.99	8.42	9.36	8.54
2007-09-09	9.3	8.81	9.72	8.97
2007-09-10	9.45	8.86	9.79	8.93
2007-09-11	9.98	9.47	10.39	9.61
2007-09-12	10.1	9.41	10.4	9.54
2007-09-13	8.6	7.98	8.95	8.12
2007-09-14	9.53	8.93	9.86	9
2007-09-15	7.21	6.55	7.51	6.62
2007-09-16	5.71	4.91	5.91	4.91
2007-09-17	8.61	7.68	8.79	7.77
2007-09-18	7.07	6.34	7.32	6.36
2007-09-19	5.72	5	6.04	5.1
2007-09-20	8.2	7.46	8.5	7.53
2007-09-21	9.95	9.28	10.29	9.43
2007-09-22	9.14	8.58	9.58	8.8
2007-09-23	9.88	9.36	10.3	9.53
2007-09-24	14.1	13.64	14.5	13.82
2007-09-25	12.9	12.34	13.2	12.41
2007-09-26	10.69	10.1	10.98	10.14
2007-09-27	7.12	6.39	7.41	6.45
2007-09-28	4.89	4.25	5.38	4.46
2007-09-29	7.23	6.2	7.4	6.3
2007-09-30	10.9	10.45	11.33	10.68
2007-10-01	9.27	8.62	9.57	8.7
2007-10-02	8.61	7.92	8.9	8
2007-10-03	8.48	7.86	8.78	7.96
2007-10-04	7.26	6.44	7.44	6.45
2007-10-05	6.47	5.44	6.6	5.57
2007-10-06	6.1	5.15	6.27	5.23
2007-10-07	6.67	6.05	7.03	6.18
2007-10-08	5.67	4.89	5.93	4.96
2007-10-09	4.29	3.58	4.61	3.65
2007-10-10	2.55	1.75	2.83	1.82
2007-10-11	0.79	0.07	1.1	0.08
2007-10-12	0.62	-0.07	0.96	0.03
2007-10-13	0.21	-0.46	0.57	-0.39
2007-10-14	4.62	3.93	4.99	4.11
2007-10-15	6.52	5.77	6.81	5.91
2007-10-16	8.1	7.44	8.44	7.6
2007-10-17	6.27	5.51	6.55	5.61
2007-10-18	3.3	2.54	3.56	2.59
2007-10-19	2.92	2.23	3.23	2.26
2007-10-20	1.86	1.31	2.28	1.38
2007-10-21	5.96	5.27	6.23	5.28
2007-10-22	6.08	5.54	6.47	5.67
2007-10-23	6.1	5.51	6.45	5.62
2007-10-24	3.77	3.27	4.28	3.58
2007-10-25	1.11	0.6	1.54	0.67
2007-10-26	2.16	1.7	2.63	1.85
2007-10-27	3.95	3.45	4.36	3.54
2007-10-28	7.33	6.78	7.65	6.81
2007-10-29	7.25	6.72	7.59	6.8
2007-10-30	4.06	3.46	4.41	3.52
2007-10-31	1.19	0.51	1.56	0.64
2007-11-01	3.42	2.57	3.59	2.58
2007-11-02	0.18	-0.49	0.45	-0.51
2007-11-03	0.1	-0.37	0.54	-0.23
2007-11-04	0.13	-0.45	0.47	-0.39
2007-11-05	0.62	-0.03	0.9	-0.03
2007-11-06	0.22	-0.56	0.42	-0.59
2007-11-07	-2.15	-2.99	-1.87	-3.08
2007-11-08	-1.22	-1.91	-0.92	-1.94
2007-11-09	-0.74	-1.51	-0.48	-1.5
2007-11-10	-3.61	-4.56	-3.43	-4.61
2007-11-11	-2.37	-3.01	-2.01	-2.89
2007-11-12	-1.18	-1.85	-0.91	-1.86
2007-11-13	-1.44	-2.07	-1.16	-2.07
2007-11-14	-3.22	-4.01	-2.99	-3.98
2007-11-15	-2.03	-2.72	-1.74	-2.74
2007-11-16	-0.65	-1.09	-0.14	-0.89
2007-11-17	-1.01	-1.18	-0.37	-0.97
2007-11-18	-3.29	-4.06	-2.82	-3.72
2007-11-19	-0.16	-0.91	0.06	-0.96
2007-11-20	-2.63	-3.27	-2.2	-3.06
2007-11-21	-1.76	-2.46	-1.38	-2.25
2007-11-22	0.19	-0.44	0.55	-0.28
2007-11-23	-2.75	-3.6	-2.52	-3.55
2007-11-24	-3.96	-4.7	-3.61	-4.78
2007-11-25	-2.73	-3.44	-2.42	-3.41
2007-11-26	-2.6	-3.03	-2.13	-2.84
2007-11-27	-6.85	-7.61	-6.47	-7.43
2007-11-28	-7.94	-9.06	-7.59	-8.87
2007-11-29	-2.93	-3.71	-2.73	-3.76
2007-11-30	-3.74	-4.49	-3.45	-4.42
2007-12-01	-1.83	-2.47	-1.4	-2.44
2007-12-02	-0.1	-0.71	0.34	-0.67
2007-12-03	-1.14	-1.77	-0.71	-1.72
2007-12-04	-4.81	-5.76	-4.56	-5.88
2007-12-05	-2.02	-2.36	-1.38	-2.19
2007-12-06	2.21	1.68	2.67	1.74
2007-12-07	0.79	0.12	1.18	0.1
2007-12-08	-0.52	-1.01	-0.06	-0.98
2007-12-09	-7.14	-8.28	-6.69	-8.2
2007-12-10	-3.07	-4.38	-2.87	-4.24
2007-12-11	-5.91	-6.92	-5.61	-6.9
2007-12-12	-11.45	-13.1	-11.24	-13.4
2007-12-13	-10.2	-11.68	-10.04	-11.84
2007-12-14	-5.3	-6.33	-4.98	-6.6
2007-12-15	-7.76	-8.94	-7.53	-9.13
2007-12-16	-7.38	-8.54	-7.22	-8.68
2007-12-17	-2.71	-3.76	-2.65	-4.27
2007-12-18	-2.24	-3.2	-2.18	-3.82
2007-12-19	-1.34	-2.25	-1.35	-2.98
2007-12-20	1.24	0.73	1.54	0.46
2007-12-21	-0.53	-1.18	-0.31	-1.6
2007-12-22	-3.18	-3.98	-2.81	-4.29
2007-12-23	-7.98	-9.07	-7.67	-9.28
2007-12-24	-1.92	-2.49	-1.46	-2.42
2007-12-25	-3.17	-4.08	-2.85	-4.19
2007-12-26	-0.51	-1.05	-0.04	-0.97
2007-12-27	2.11	1.66	2.53	1.7
2007-12-28	-1.22	-2.02	-0.73	-1.81
2007-12-29	-0.36	-1.26	0.07	-0.96
2007-12-30	-2.26	-2.99	-1.89	-3.01
2007-12-31	-5.42	-6.26	-5.12	-6.31
2008-01-01	-2.92	-3.65	-2.67	-3.52
2008-01-02	-3.55	-4.06	-3.2	-3.99
2008-01-03	-5.24	-5.89	-4.96	-5.85
2008-01-04	-5.55	-6.26	-5.36	-6.36
2008-01-05	-5.28	-6.02	-5.11	-6.12
2008-01-06	-3.76	-4.41	-3.51	-4.43
2008-01-07	-2.67	-3.2	-2.34	-3.13
2008-01-08	-2.41	-2.88	-2.02	-2.76
2008-01-09	-2.34	-2.83	-1.99	-2.73
2008-01-10	-1.39	-1.79	-0.97	-1.6
2008-01-11	-1.78	-2.33	-1.42	-2.17
2008-01-12	-6	-6.95	-5.63	-6.59
2008-01-13	-5.88	-6.55	-5.55	-6.49
2008-01-14	-1.38	-1.81	-0.91	-1.54
2008-01-15	-0.11	-0.45	0.33	-0.28
2008-01-16	-0.42	-0.86	-0.02	-0.7
2008-01-17	-0.36	-0.79	0.01	-0.67
2008-01-18	-2.92	-3.34	-2.45	-3.13
2008-01-19	-0.87	-1.31	-0.49	-1.16
2008-01-20	-5.03	-6	-4.76	-5.92
2008-01-21	-8.92	-10.12	-8.85	-10.13
2008-01-22	-7.64	-8.64	-7.54	-8.71
2008-01-23	-10.3	-11.5	-10.15	-11.43
2008-01-24	-1.58	-2.07	-1.23	-1.93
2008-01-25	-2.89	-3.53	-2.48	-3.25
2008-01-26	-3.56	-4.23	-3.27	-4.17
2008-01-27	-4.68	-5.29	-4.34	-5.22
2008-01-28	-3.6	-4.09	-3.14	-3.99
2008-01-29	-1.78	-2.4	-1.45	-2.33
2008-01-30	-7	-7.94	-6.5	-7.7
2008-01-31	-6.84	-7.89	-6.61	-7.79
2008-02-01	-1.82	-2.27	-1.49	-2.2
2008-02-02	-3.3	-3.88	-3.04	-3.85
2008-02-03	-9.36	-10.55	-9.21	-10.61
2008-02-04	-4.54	-5.15	-4.14	-4.88
2008-02-05	-2.86	-3.28	-2.42	-3.14
2008-02-06	-1.44	-1.79	-0.99	-1.58
2008-02-07	-1.22	-1.62	-0.81	-1.41
2008-02-08	-2.16	-2.64	-1.81	-2.59
2008-02-09	0.79	0.47	1.26	0.72
2008-02-10	-0.35	-0.73	0.07	-0.53
2008-02-11	-2.94	-3.28	-2.4	-3.11
2008-02-12	-3.46	-4.16	-3.04	-3.77
2008-02-13	-2.03	-2.64	-1.79	-2.57
2008-02-14	-5.82	-6.44	-5.53	-6.34
2008-02-15	-8.54	-9.29	-8.21	-9.21
2008-02-16	-5.49	-6.17	-5.17	-6.05
2008-02-17	0.08	-0.39	0.43	-0.23
2008-02-18	-0.24	-0.65	0.15	-0.42
2008-02-19	-3.03	-3.54	-2.64	-3.28
2008-02-20	-0.78	-1.13	-0.29	-0.8
2008-02-21	0.12	-0.29	0.5	-0.09
2008-02-22	1.73	1.01	1.91	1.14
2008-02-23	-0.37	-1.12	-0.17	-0.93
2008-02-24	1.32	0.71	1.61	0.98
2008-02-25	-0.44	-1.3	-0.36	-1.22
2008-02-26	-1.85	-2.58	-1.69	-2.4
2008-02-27	-1.61	-2.08	-1.26	-1.87
2008-02-28	-2.48	-3.38	-2.4	-3.13
2008-02-29	-2.64	-3.56	-2.41	-3.08
2008-03-01	-0.32	-0.68	0.08	-0.47
2008-03-02	-1.39	-1.81	-1	-1.6
2008-03-03	-2.94	-3.47	-2.63	-3.3
2008-03-04	-5.21	-5.86	-4.94	-5.76
2008-03-05	-4.03	-4.57	-3.68	-4.37
2008-03-06	0.24	-0.36	0.48	-0.25
2008-03-07	-0.93	-1.67	-0.75	-1.57
2008-03-08	0.67	0.24	1.06	0.5
2008-03-09	2.71	2.32	3.06	2.56
2008-03-10	2.36	1.84	2.63	2.02
2008-03-11	1.07	0.82	1.5	1.04
2008-03-12	1.22	0.86	1.59	1.07
2008-03-13	0.39	0.1	0.79	0.31
2008-03-14	0.16	-0.25	0.49	-0.06
2008-03-15	-0.56	-0.93	-0.16	-0.64
2008-03-16	-0.95	-1.26	-0.4	-0.75
2008-03-17	-1.52	-2.21	-1.32	-2.01
2008-03-18	-2.02	-2.7	-1.82	-2.58
2008-03-19	-4.18	-4.9	-3.89	-4.77
2008-03-20	-6.22	-7	-5.93	-6.72
2008-03-21	-7.48	-8.31	-7.22	-8.04
2008-03-22	-8.66	-9.41	-8.43	-9.24
2008-03-23	-10.32	-11.1	-9.91	-10.74
2008-03-24	-8.95	-9.5	-8.26	-8.99
2008-03-25	-3.4	-4.21	-3.15	-4.13
2008-03-26	-3.36	-3.98	-3.09	-3.8
2008-03-27	-3.48	-4.21	-3.3	-4.13
2008-03-28	-1.97	-2.8	-1.79	-2.51
2008-03-29	1.29	0.99	1.72	1.33
2008-03-30	4.37	3.9	4.58	4.1
2008-03-31	3.57	3.23	3.92	3.39
2008-04-01	3.85	3.27	4.1	3.46
2008-04-02	2.13	2	2.67	2.33
2008-04-03	2.39	1.96	2.72	2.21
2008-04-04	4.75	4.22	5.1	4.51
2008-04-05	3.83	2.97	3.95	3.03
2008-04-06	2.02	1.53	2.33	1.67
2008-04-07	0.82	0.3	1.14	0.49
2008-04-08	0.04	-0.53	0.35	-0.3
2008-04-09	-1.36	-2.02	-1.1	-1.84
2008-04-10	-1.24	-1.97	-1.01	-1.81
2008-04-11	-1.35	-1.75	-0.91	-1.36
2008-04-12	-0.23	-0.86	0.04	-0.67
2008-04-13	0.06	-0.47	0.37	-0.19
2008-04-14	0.09	-0.12	0.7	0.29
2008-04-15	1.24	1.07	1.86	1.47
2008-04-16	1.75	1.53	2.28	1.98
2008-04-17	3.51	2.71	3.65	2.84
2008-04-18	4.39	3.46	4.47	3.51
2008-04-19	1.95	1.7	2.42	2
2008-04-20	4.29	3.54	4.46	3.74
2008-04-21	4.71	3.79	4.74	3.85
2008-04-22	4.85	4.55	5.27	4.88
2008-04-23	7.73	6.89	7.93	7.1
2008-04-24	7.13	6.35	7.32	6.69
2008-04-25	6.58	6.43	7.09	6.92
2008-04-26	6.51	6.31	7.03	6.88
2008-04-27	9.36	8.56	9.49	8.68
2008-04-28	11.36	10.72	11.56	10.95
2008-04-29	9.71	9.63	10.22	10.09
2008-04-30	9.92	9.76	10.29	10.01
2008-05-01	8.05	7.96	8.44	8.28
2008-05-02	7.92	7.76	8.31	8.11
2008-05-03	10.4	10.21	10.76	10.57
2008-05-04	9.36	8.65	9.53	8.91
2008-05-05	8.71	8.21	9.03	8.59
2008-05-06	7.61	7.12	7.94	7.54
2008-05-07	9.26	8.59	9.49	8.92
2008-05-08	11.75	11.11	11.95	11.44
2008-05-09	12.65	12	12.87	12.27
2008-05-10	13.92	13.47	14.13	13.86
2008-05-11	11.96	11.26	12.24	11.72
2008-05-12	5.91	5.19	6.11	5.44
2008-05-13	4.66	3.98	4.89	4.25
2008-05-14	2.83	2.49	3.31	2.99
2008-05-15	3.05	2.64	3.4	2.93
2008-05-16	2.19	1.7	2.49	1.94
2008-05-17	2.12	1.7	2.41	1.83
2008-05-18	3.9	3.62	4.27	3.93
2008-05-19	5.38	4.9	5.67	5.22
2008-05-20	5.19	4.66	5.48	5.06
2008-05-21	5.37	5.09	5.79	5.55
2008-05-22	6.23	5.95	6.62	6.31
2008-05-23	7.24	6.94	7.66	7.38
2008-05-24	8.27	8.09	8.71	8.4
2008-05-25	11.63	11.06	11.82	11.31
2008-05-26	9.62	8.87	9.82	9.15
2008-05-27	9.78	9.01	9.9	9.23
2008-05-28	11.35	10.79	11.6	11.24
2008-05-29	13.79	13.76	14.26	14.37
2008-05-30	13.98	14.1	14.51	14.6
2008-05-31	13.98	14.34	14.72	15.08
2008-06-01	21.31	20.43	21.4	20.79
2008-06-02	15.17	14.57	15.36	14.81
2008-06-03	14.59	14.67	15.19	15.14
2008-06-04	16.47	16.74	17.12	17.25
2008-06-05	20.9	20.84	21.32	21.35
2008-06-06	19.16	19.03	19.6	19.52
2008-06-07	14.43	14.64	15.14	15.26
2008-06-08	19.26	18.66	19.55	19.17
2008-06-09	13.39	12.64	13.6	12.97
2008-06-10	11.76	10.97	11.99	11.3
2008-06-11	7.42	6.94	7.8	7.27
2008-06-12	9.35	8.61	9.56	8.8
2008-06-13	9.59	9.02	9.88	9.26
2008-06-14	10.1	9.75	10.53	10.03
2008-06-15	10.31	9.85	10.68	10.22
2008-06-16	11.82	11.35	12.14	11.6
2008-06-17	12.01	11.53	12.26	11.77
2008-06-18	13.46	12.83	13.68	13.08
2008-06-19	13.85	13.29	14.06	13.43
2008-06-20	13.88	13.32	14.13	13.51
2008-06-21	13.63	13.05	13.87	13.22
2008-06-22	13.52	12.88	13.77	13.12
2008-06-23	12.76	12.13	13.05	12.4
2008-06-24	10.47	9.75	10.72	10.02
2008-06-25	10.56	9.86	10.79	10.08
2008-06-26	11	10.31	11.33	10.68
2008-06-27	12.34	12.06	12.76	12.43
2008-06-28	10.96	10.61	11.31	10.78
2008-06-29	12.45	12.13	12.78	12.39
2008-06-30	12.24	11.84	12.54	11.98
2008-07-01	13.57	12.9	13.83	13.1
2008-07-02	14.46	13.98	14.74	14.06
2008-07-03	18.11	17.56	18.37	17.74
2008-07-04	19.55	19.04	19.82	19.28
2008-07-05	12.03	11.64	12.42	11.94
2008-07-06	10.65	10.1	10.94	10.23
2008-07-07	11.53	11.12	11.91	11.31
2008-07-08	13.69	13.39	14.08	13.57
2008-07-09	14.18	14.06	14.76	14.43
2008-07-10	14.64	13.97	14.84	14.2
2008-07-11	14.98	14.43	15.38	14.87
2008-07-12	13.46	12.76	13.76	13.11
2008-07-13	13.93	13.45	14.28	13.67
2008-07-14	16.5	15.88	16.75	16.11
2008-07-15	16.47	15.69	16.64	15.88
2008-07-16	14.63	13.87	14.82	14.04
2008-07-17	13.42	12.82	13.68	13.04
2008-07-18	13.49	12.83	13.79	13.1
2008-07-19	14.41	13.82	14.7	14.05
2008-07-20	15.3	14.78	15.65	14.98
2008-07-21	17.05	16.38	17.32	16.6
2008-07-22	15.62	14.85	15.82	15.06
2008-07-23	16.68	15.94	16.95	16.25
2008-07-24	18.94	18.35	19.26	18.68
2008-07-25	21.02	20.6	21.32	20.97
2008-07-26	21.42	21.26	21.84	21.7
2008-07-27	18.52	18.43	19.06	18.89
2008-07-28	17.11	16.79	17.58	17.18
2008-07-29	16.98	16.71	17.44	17.01
2008-07-30	18.47	18.22	18.91	18.5
2008-07-31	21.32	20.66	21.53	20.82
2008-08-01	15.8	15.44	16.29	15.91
2008-08-02	12.23	11.71	12.5	11.83
2008-08-03	11.81	11.16	12.11	11.38
2008-08-04	12.21	11.59	12.49	11.8
2008-08-05	12.4	11.87	12.75	12.1
2008-08-06	12.69	12.38	13.15	12.67
2008-08-07	13.48	13.13	13.88	13.35
2008-08-08	13.73	13.33	14.1	13.58
2008-08-09	13.31	12.61	13.55	12.82
2008-08-10	13.11	12.58	13.43	12.83
2008-08-11	14.8	14.26	15.13	14.48
2008-08-12	15.84	15.33	16.16	15.56
2008-08-13	14.62	14.04	14.93	14.26
2008-08-14	13.86	13.35	14.18	13.53
2008-08-15	13.83	13.09	14.04	13.31
2008-08-16	13.4	12.93	13.76	13.19
2008-08-17	13.23	12.92	13.66	13.14
2008-08-18	13.27	12.63	13.55	12.84
2008-08-19	14.32	13.78	14.64	13.98
2008-08-20	14.3	13.71	14.61	13.98
2008-08-21	13.64	13.08	13.97	13.32
2008-08-22	13.06	12.38	13.3	12.57
2008-08-23	12.5	11.87	12.77	12.07
2008-08-24	12.39	12	12.81	12.28
2008-08-25	12.31	11.6	12.52	11.7
2008-08-26	11.83	11.27	12.09	11.42
2008-08-27	12.4	11.89	12.8	12.19
2008-08-28	11.07	10.45	11.37	10.66
2008-08-29	10.85	10.2	11.13	10.41
2008-08-30	11.52	10.9	11.82	11.12
2008-08-31	9.94	9.54	10.37	9.87
2008-09-01	11.64	11.2	12.03	11.59
2008-09-02	11.52	11.01	12.01	11.54
2008-09-03	12.35	11.81	12.69	12.1
2008-09-04	12.38	11.65	12.57	11.84
2008-09-05	11.34	10.63	11.56	10.84
2008-09-06	8.93	8.49	9.27	8.73
2008-09-07	9.54	9.21	9.93	9.37
2008-09-08	10.06	9.68	10.44	9.91
2008-09-09	8.96	8.4	9.23	8.53
2008-09-10	8.52	7.93	8.85	8.19
2008-09-11	8.21	7.77	8.59	8.04
2008-09-12	7.41	6.85	7.69	7.06
2008-09-13	6.95	6.36	7.18	6.57
2008-09-14	6.82	6.3	7.14	6.54
2008-09-15	6.27	5.77	6.59	6
2008-09-16	6.25	5.74	6.56	5.91
2008-09-17	6.37	5.79	6.63	6
2008-09-18	6.46	5.96	6.81	6.22
2008-09-19	8.03	7.4	8.31	7.63
2008-09-20	8.99	8.64	9.48	8.96
2008-09-21	8.89	8.59	9.38	8.89
2008-09-22	9.05	8.58	9.41	8.81
2008-09-23	9.26	8.81	9.58	8.97
2008-09-24	9.46	8.91	9.79	9.1
2008-09-25	8.73	8.34	9.13	8.64
2008-09-26	8.78	8.28	9.12	8.56
2008-09-27	10.25	9.65	10.52	9.87
2008-09-28	7.22	6.49	7.42	6.66
2008-09-29	5.81	5.18	6.1	5.39
2008-09-30	4.65	3.86	4.86	4.06
2008-10-01	7.38	6.72	7.72	6.82
2008-10-02	6.78	6.17	7.15	6.33
2008-10-03	3.85	3.22	4.23	3.4
2008-10-04	5.12	4.4	5.41	4.45
2008-10-05	4.36	3.66	4.64	3.68
2008-10-06	6.41	5.75	6.75	5.88
2008-10-07	4.12	3.41	4.37	3.38
2008-10-08	3.43	2.8	3.73	2.78
2008-10-09	6.25	5.71	6.62	5.78
2008-10-10	7.26	6.69	7.65	6.81
2008-10-11	9.72	9.1	10.09	9.31
2008-10-12	8.66	7.94	8.94	8.05
2008-10-13	6.68	6.03	7.03	6.17
2008-10-14	6.14	5.4	6.45	5.52
2008-10-15	4.79	4.11	5.1	4.18
2008-10-16	4	3.31	4.31	3.36
2008-10-17	3.94	3.36	4.31	3.45
2008-10-18	3.5	2.72	3.75	2.71
2008-10-19	3.83	3.12	4.19	3.26
2008-10-20	7.09	6.48	7.43	6.59
2008-10-21	7.73	7.08	8.04	7.16
2008-10-22	4.56	3.88	4.88	3.95
2008-10-23	4.16	3.48	4.51	3.57
2008-10-24	8.59	7.95	8.86	7.98
2008-10-25	6.93	6.28	7.24	6.37
2008-10-26	7.8	7.17	8.12	7.29
2008-10-27	3.82	3.06	4.16	3.25
2008-10-28	0.46	-0.32	0.73	-0.19
2008-10-29	-0.12	-0.88	0.23	-0.75
2008-10-30	-0.6	-1.14	-0.2	-1.01
2008-10-31	-0.92	-1.69	-0.64	-1.64
2008-11-01	-2.25	-3	-1.9	-2.93
2008-11-02	-0.23	-0.86	0.14	-0.79
2008-11-03	2.72	2.15	3.07	2.1
2008-11-04	3.22	2.4	3.45	2.37
2008-11-05	1.57	0.73	1.77	0.64
2008-11-06	0.14	-0.45	0.49	-0.43
2008-11-07	-0.39	-1.04	-0.09	-1.07
2008-11-08	2.05	1.37	2.32	1.37
2008-11-09	3.8	3.23	4.15	3.34
2008-11-10	2.92	2.1	3.11	2.09
2008-11-11	1.25	0.38	1.5	0.51
2008-11-12	-0.97	-1.66	-0.62	-1.59
2008-11-13	-2.12	-2.87	-1.83	-2.79
2008-11-14	-1.07	-1.66	-0.67	-1.53
2008-11-15	-0.41	-0.83	0.15	-0.57
2008-11-16	-2.27	-2.94	-1.87	-2.72
2008-11-17	-1.96	-2.69	-1.68	-2.74
2008-11-18	-0.04	-0.67	0.31	-0.6
2008-11-19	-1.98	-2.69	-1.65	-2.62
2008-11-20	-3.48	-4.24	-3.19	-4.18
2008-11-21	-3.69	-4.35	-3.36	-4.26
2008-11-22	-6.44	-7.04	-5.99	-6.82
2008-11-23	-7.17	-8.05	-6.96	-8.03
2008-11-24	-4.21	-5.01	-4.02	-5.05
2008-11-25	-6.11	-7.1	-5.96	-7.2
2008-11-26	-3.11	-3.8	-2.76	-3.87
2008-11-27	-0.14	-0.6	0.45	-0.25
2008-11-28	-0.42	-1.12	-0.02	-0.92
2008-11-29	-1.15	-1.9	-0.8	-1.71
2008-11-30	-0.2	-0.81	0.13	-0.77
2008-12-01	-3.39	-4.1	-3.01	-4.12
2008-12-02	-4.01	-4.71	-3.54	-4.61
2008-12-03	-0.89	-1.53	-0.51	-1.48
2008-12-04	-3.47	-4.28	-3.2	-4.43
2008-12-05	-5.85	-6.95	-5.76	-7.25
2008-12-06	-3.66	-4.35	-3.19	-4.26
2008-12-07	-7.72	-8.7	-7.39	-8.71
2008-12-08	-3.33	-4.14	-2.93	-3.99
2008-12-09	-12.48	-13.95	-12.44	-14.06
2008-12-10	-8.8	-9.91	-8.55	-9.86
2008-12-11	-5.5	-6.61	-5.33	-6.68
2008-12-12	-3.21	-4.21	-3.03	-4.31
2008-12-13	-9.49	-10.21	-8.95	-10.23
2008-12-14	-4.97	-5.55	-4.4	-5.39
2008-12-15	-0.98	-1.62	-0.63	-1.69
2008-12-16	-1.17	-1.78	-0.78	-1.75
2008-12-17	-0.47	-1.01	-0.05	-0.97
2008-12-18	1.29	0.79	1.74	0.86
2008-12-19	-2.19	-3.19	-1.68	-2.77
2008-12-20	-4.38	-4.99	-3.81	-4.72
2008-12-21	-4.77	-5.52	-4.37	-5.52
2008-12-22	-3.21	-3.76	-2.56	-3.32
2008-12-23	-6.62	-7.52	-6.3	-7.53
2008-12-24	-6.03	-6.49	-5.41	-6.31
2008-12-25	-6.41	-7.24	-6.14	-7.53
2008-12-26	-3.99	-5.05	-4.01	-5.72
2008-12-27	-2.59	-3.33	-2.29	-3.48
2008-12-28	-5.05	-5.77	-4.68	-5.84
2008-12-29	-8.73	-10.24	-9.07	-11.17
2008-12-30	-5.75	-6.67	-5.71	-7.53
2008-12-31	-3.81	-4.55	-3.57	-4.87
2009-01-01	-9.85	-10.61	-9.61	-10.65
2009-01-02	-8.71	-9.25	-8.33	-9.15
2009-01-03	-12.71	-13.54	-12.23	-13.24
2009-01-04	-15.35	-16.31	-15.13	-16.29
2009-01-05	-9.83	-10.42	-9.49	-10.38
2009-01-06	-5.13	-5.91	-4.91	-5.84
2009-01-07	-11.12	-11.87	-10.85	-11.87
2009-01-08	-5.71	-6.27	-5.38	-6.19
2009-01-09	-1.09	-1.56	-0.63	-1.38
2009-01-10	-2.01	-2.68	-1.64	-2.51
2009-01-11	0.59	0.06	0.91	0.22
2009-01-12	2.28	1.7	2.56	1.89
2009-01-13	-0.46	-1.11	-0.11	-0.88
2009-01-14	-5.64	-6.22	-5.2	-5.82
2009-01-15	-14.16	-14.6	-13.49	-14.25
2009-01-16	-13.22	-13.88	-12.69	-13.56
2009-01-17	-7.99	-8.65	-7.69	-8.59
2009-01-18	-6.26	-7.07	-6.08	-7.09
2009-01-19	-4.34	-5.02	-4.1	-5.01
2009-01-20	-2.66	-3.27	-2.38	-3.18
2009-01-21	-1.57	-2.02	-1.19	-1.85
2009-01-22	-3.88	-4.3	-3.39	-4.06
2009-01-23	-4.57	-5.11	-4.13	-4.86
2009-01-24	-5.8	-6.5	-5.51	-6.32
2009-01-25	-4.05	-4.87	-3.79	-4.64
2009-01-26	-5.56	-6.46	-5.39	-6.37
2009-01-27	-7.75	-8.76	-7.76	-9.04
2009-01-28	-7.8	-8.2	-7.39	-8.13
2009-01-29	-9.9	-10.84	-9.82	-10.97
2009-01-30	-11.82	-12.21	-11.35	-12.22
2009-01-31	-12.46	-13.24	-12.25	-13.48
2009-02-01	-10.92	-11.82	-10.86	-12.16
2009-02-02	-9.61	-10.36	-9.33	-10.44
2009-02-03	-8.26	-8.89	-7.92	-8.8
2009-02-04	-7.75	-8.48	-7.28	-8.12
2009-02-05	-4.14	-4.58	-3.7	-4.29
2009-02-06	-8.86	-9.66	-8.62	-9.43
2009-02-07	-10.06	-10.94	-9.82	-10.69
2009-02-08	-10.88	-11.88	-10.81	-11.86
2009-02-09	-9.12	-9.37	-8.66	-9.28
2009-02-10	-11.66	-12.35	-11.32	-12.53
2009-02-11	-15.48	-16.88	-15.52	-16.9
2009-02-12	-13.94	-15.24	-13.83	-15.21
2009-02-13	-7.47	-7.91	-7.08	-7.72
2009-02-14	-5.22	-5.76	-4.95	-5.73
2009-02-15	-9.4	-9.73	-8.84	-9.23
2009-02-16	-10.73	-11.43	-10.54	-11.31
2009-02-17	-12.6	-12.77	-11.72	-12.41
2009-02-18	-10.29	-10.65	-9.82	-10.41
2009-02-19	-13.34	-13.99	-12.94	-13.68
2009-02-20	-9.44	-9.74	-8.93	-9.5
2009-02-21	-6.06	-6.45	-5.73	-6.32
2009-02-22	-1.89	-2.51	-1.74	-2.5
2009-02-23	-1.5	-1.95	-1.23	-1.86
2009-02-24	-0.66	-1.23	-0.44	-1.16
2009-02-25	-1.85	-2.38	-1.47	-2.13
2009-02-26	-1.08	-1.57	-0.79	-1.38
2009-02-27	-4.22	-4.76	-3.89	-4.54
2009-02-28	-8.48	-8.91	-8.02	-8.47
2009-03-01	-8.7	-9.1	-8.29	-8.8
2009-03-02	-3.14	-3.59	-2.83	-3.35
2009-03-03	-1.44	-1.98	-1.19	-1.76
2009-03-04	-0.99	-1.3	-0.44	-0.72
2009-03-05	-1.03	-1.47	-0.72	-1.2
2009-03-06	-1.64	-2.06	-1.32	-1.81
2009-03-07	-2.69	-3.14	-2.34	-2.83
2009-03-08	-2	-2.51	-1.74	-2.3
2009-03-09	-0.37	-0.75	-0.04	-0.48
2009-03-10	-3.41	-3.88	-3.1	-3.58
2009-03-11	-5.63	-6.26	-5.39	-6.02
2009-03-12	-5.69	-6.17	-5.29	-5.91
2009-03-13	-2.18	-2.7	-1.89	-2.46
2009-03-14	-0.65	-1.08	-0.3	-0.75
2009-03-15	-0.18	-0.78	0.05	-0.64
2009-03-16	0.59	0.15	0.95	0.43
2009-03-17	0.31	-0.32	0.53	-0.11
2009-03-18	-0.57	-1.14	-0.32	-0.9
2009-03-19	-2.97	-3.43	-2.64	-3.14
2009-03-20	2.59	2.11	2.83	2.25
2009-03-21	0.11	-0.42	0.43	-0.06
2009-03-22	-4.12	-4.72	-3.82	-4.4
2009-03-23	-4.93	-5.35	-4.52	-5.03
2009-03-24	-7.33	-7.78	-6.98	-7.5
2009-03-25	-7.37	-7.81	-6.92	-7.45
2009-03-26	-5.53	-6.01	-5.1	-5.57
2009-03-27	-3.92	-4.53	-3.66	-4.31
2009-03-28	-1.68	-2.22	-1.37	-1.85
2009-03-29	-0.47	-0.77	-0.05	-0.38
2009-03-30	1.05	0.55	1.32	0.8
2009-03-31	1.72	1.16	1.96	1.39
2009-04-01	1.61	0.93	1.8	1.11
2009-04-02	3.88	3.31	4.18	3.51
2009-04-03	3.51	2.92	3.81	3.16
2009-04-04	3.68	3.31	4.12	3.71
2009-04-05	-0.62	-1.12	-0.3	-0.85
2009-04-06	2.13	1.71	2.47	1.99
2009-04-07	0.19	-0.1	0.63	0.26
2009-04-08	0.4	-0.16	0.69	0.11
2009-04-09	1.91	1.57	2.35	1.98
2009-04-10	3.03	2.65	3.47	2.94
2009-04-11	2.06	2.53	2.97	3.37
2009-04-12	5.11	5.5	5.9	6.27
2009-04-13	4.87	4.62	5.15	4.84
2009-04-14	4.43	3.98	4.64	4.39
2009-04-15	-0.04	-0.51	0.28	-0.25
2009-04-16	1.28	0.78	1.59	1.11
2009-04-17	2.54	1.78	2.64	1.97
2009-04-18	0.48	-0.14	0.63	0.04
2009-04-19	3.96	3.27	4.13	3.54
2009-04-20	1.12	0.72	1.47	1.02
2009-04-21	3.41	2.92	3.7	3.11
2009-04-22	5.3	5	5.66	5.34
2009-04-23	6.68	6.14	6.92	6.46
2009-04-24	9.79	9.18	10.04	9.47
2009-04-25	11.53	10.65	11.54	10.68
2009-04-26	11.78	10.92	11.82	11.05
2009-04-27	10.8	10.57	11.29	11.16
2009-04-28	9.13	8.31	9.38	8.91
2009-04-29	8.17	7.61	8.36	7.91
2009-04-30	6.7	6.6	7.19	7.04
2009-05-01	11.13	11.07	11.71	11.67
2009-05-02	11.59	11.31	11.93	11.65
2009-05-03	8.46	7.97	8.73	8.33
2009-05-04	5.09	4.72	5.37	4.93
2009-05-05	4.11	3.7	4.46	4.11
2009-05-06	5.13	4.66	5.43	5.08
2009-05-07	5.95	5.38	6.19	5.66
2009-05-08	7.98	7.53	8.28	7.9
2009-05-09	8.51	8.02	8.77	8.3
2009-05-10	7.5	6.89	7.67	7.16
2009-05-11	5.43	4.77	5.64	5.05
2009-05-12	5.86	5.21	6.06	5.49
2009-05-13	6.64	6.04	6.85	6.35
2009-05-14	5.52	5.29	5.94	5.65
2009-05-15	7.61	7.46	8.06	7.85
2009-05-16	5.99	5.81	6.47	6.27
2009-05-17	7.18	6.83	7.47	7.14
2009-05-18	6.67	6.52	7.06	6.88
2009-05-19	7.98	7.81	8.48	8.36
2009-05-20	9.86	9.4	10.12	9.84
2009-05-21	8.03	7.71	8.35	8.16
2009-05-22	7.41	7.4	7.93	7.92
2009-05-23	10.45	9.97	10.74	10.36
2009-05-24	10.39	9.87	10.67	10.27
2009-05-25	12.06	12.07	12.58	12.67
2009-05-26	11.06	10.98	11.57	11.64
2009-05-27	9.97	9.39	10.25	9.77
2009-05-28	9.38	8.76	9.6	9.09
2009-05-29	12.05	11.36	12.15	11.72
2009-05-30	16.77	16.47	17.09	16.94
2009-05-31	18.7	18.22	18.9	18.63
2009-06-01	15.23	14.34	15.35	14.67
2009-06-02	10.21	9.37	10.35	9.64
2009-06-03	8.05	7.39	8.29	7.66
2009-06-04	6.91	6.54	7.27	6.74
2009-06-05	6.8	6.69	7.33	7.14
2009-06-06	6.36	6.05	6.78	6.41
2009-06-07	5.45	5.18	5.9	5.57
2009-06-08	8.71	8.43	9.13	8.82
2009-06-09	9.97	9.65	10.38	10.04
2009-06-10	7.74	7.32	8.11	7.64
2009-06-11	9.29	8.85	9.57	9.08
2009-06-12	10.51	10.39	10.99	10.76
2009-06-13	12.43	11.73	12.5	11.78
2009-06-14	7.22	6.48	7.38	6.61
2009-06-15	7.2	6.44	7.39	6.67
2009-06-16	8.98	8.27	9.19	8.51
2009-06-17	9.24	8.63	9.53	8.95
2009-06-18	9.3	8.97	9.72	9.45
2009-06-19	9.23	8.88	9.6	9.21
2009-06-20	10.19	9.78	10.5	10.1
2009-06-21	12.69	12.11	12.84	12.39
2009-06-22	14.16	13.74	14.49	14.22
2009-06-23	15.8	15.19	16.06	15.59
2009-06-24	15.97	15.57	16.3	16.02
2009-06-25	16.72	16.6	17.15	17.01
2009-06-26	18.05	17.86	18.42	18.28
2009-06-27	20.67	20.55	21.11	21.03
2009-06-28	21.18	20.5	21.31	20.79
2009-06-29	18.93	18.73	19.37	19.23
2009-06-30	19.98	20.02	20.6	20.58
2009-07-01	21.73	21.2	21.97	21.41
2009-07-02	22.66	21.97	22.8	22.18
2009-07-03	17.7	17.56	18.26	18.04
2009-07-04	14.46	14.46	15.14	14.97
2009-07-05	12.76	12.62	13.33	13.03
2009-07-06	11.11	10.5	11.45	10.85
2009-07-07	13.43	12.92	13.78	13.22
2009-07-08	13.12	12.52	13.45	12.84
2009-07-09	12.27	11.78	12.59	11.95
2009-07-10	12.97	12.46	13.33	12.69
2009-07-11	13.73	13.35	14.1	13.58
2009-07-12	13.37	12.97	13.76	13.22
2009-07-13	14.34	13.98	14.78	14.36
2009-07-14	15.65	15.18	16	15.53
2009-07-15	17.9	17.2	18.08	17.37
2009-07-16	17.43	16.78	17.69	17.02
2009-07-17	16.6	15.83	16.82	16.05
2009-07-18	16.2	15.96	16.66	16.35
2009-07-19	13.99	13.57	14.29	13.7
2009-07-20	13.67	13.12	14	13.38
2009-07-21	14.49	13.64	14.57	13.68
2009-07-22	15.34	14.68	15.56	14.93
2009-07-23	15.51	15.23	16.03	15.68
2009-07-24	15.8	15.29	16.16	15.62
2009-07-25	15.42	14.88	15.74	15.17
2009-07-26	13.45	12.54	13.45	12.44
2009-07-27	14.45	13.77	14.67	13.97
2009-07-28	15.72	15.11	16	15.38
2009-07-29	16.33	15.73	16.6	15.92
2009-07-30	16.26	15.73	16.57	15.95
2009-07-31	15.65	15.13	15.96	15.3
2009-08-01	14.16	13.73	14.61	14
2009-08-02	14.39	13.9	14.7	13.98
2009-08-03	15.54	15.18	15.93	15.38
2009-08-04	16.56	15.88	16.73	15.91
2009-08-05	16.74	16.34	17.15	16.67
2009-08-06	17.71	17.5	18.25	17.89
2009-08-07	18.99	18.65	19.42	19
2009-08-08	19.5	19.1	19.93	19.43
2009-08-09	18.91	18.29	19.15	18.32
2009-08-10	17.21	16.46	17.41	16.51
2009-08-11	15.18	14.36	15.37	14.42
2009-08-12	13.87	13.08	14.07	13.17
2009-08-13	12.78	12.01	13.02	12.15
2009-08-14	12.16	11.39	12.4	11.53
2009-08-15	13.05	12.31	13.28	12.41
2009-08-16	12.51	11.61	12.76	11.94
2009-08-17	12.68	12.07	12.98	12.26
2009-08-18	10.94	10.16	11.12	10.19
2009-08-19	11.76	11.15	12.09	11.38
2009-08-20	16.54	16.06	16.92	16.32
2009-08-21	14.71	14.3	15.15	14.57
2009-08-22	12.92	12.35	13.24	12.53
2009-08-23	13.52	12.99	13.89	13.31
2009-08-24	13.91	13.26	14.18	13.39
2009-08-25	15.48	14.86	15.77	15.01
2009-08-26	13.76	13.31	14.13	13.47
2009-08-27	13.61	13.27	14.14	13.73
2009-08-28	15.95	15.61	16.45	15.98
2009-08-29	13.96	13.33	14.23	13.4
2009-08-30	12.82	12.21	13.13	12.35
2009-08-31	14.65	14.05	14.94	14.2
2009-09-01	17.1	16.53	17.39	16.6
2009-09-02	14.91	14.26	15.18	14.29
2009-09-03	12.93	12.36	13.28	12.49
2009-09-04	12	11.43	12.35	11.5
2009-09-05	11.97	11.4	12.34	11.49
2009-09-06	11.04	10.45	11.45	10.72
2009-09-07	12.18	11.51	12.48	11.62
2009-09-08	13.78	13.11	14.07	13.21
2009-09-09	16.07	15.43	16.38	15.51
2009-09-10	11.95	11.4	12.36	11.62
2009-09-11	11.71	10.99	12	11.08
2009-09-12	9.78	9.02	10.03	9.07
2009-09-13	9.95	9.3	10.29	9.42
2009-09-14	11.18	10.43	11.4	10.51
2009-09-15	11.93	11.33	12.28	11.4
2009-09-16	8.98	8.32	9.32	8.43
2009-09-17	8.07	7.35	8.37	7.42
2009-09-18	10.81	10.13	11.1	10.22
2009-09-19	12.22	11.6	12.54	11.65
2009-09-20	11.38	10.76	11.69	10.83
2009-09-21	9.25	8.54	9.56	8.62
2009-09-22	10.28	9.65	10.7	9.91
2009-09-23	9.76	9.01	10.07	9.15
2009-09-24	7.01	6.32	7.37	6.41
2009-09-25	9.32	8.78	9.75	9
2009-09-26	12.99	12.46	13.37	12.6
2009-09-27	11.16	10.36	11.41	10.49
2009-09-28	5.76	4.99	6.05	5.08
2009-09-29	5.11	4.4	5.42	4.5
2009-09-30	4.51	3.78	4.83	3.84
2009-10-01	2.84	2.13	3.08	2.24
2009-10-02	2.38	1.66	2.63	1.78
2009-10-03	2.88	2.16	3.13	2.28
2009-10-04	3.1	2.31	3.31	2.48
2009-10-05	2.77	2.08	3.03	2.27
2009-10-06	2.61	2	2.88	2.13
2009-10-07	6.49	5.78	6.71	5.96
2009-10-08	3.55	3	3.88	3.19
2009-10-09	2.06	1.37	2.31	1.51
2009-10-10	0.8	0.33	1.21	0.51
2009-10-11	1.3	0.62	1.59	0.83
2009-10-12	0.96	0.38	1.3	0.59
2009-10-13	-0.4	-0.93	-0.04	-0.7
2009-10-14	-0.88	-1.32	-0.48	-1.01
2009-10-15	1.46	1.11	1.89	1.29
2009-10-16	3.12	2.65	3.46	2.86
2009-10-17	1.88	1.37	2.25	1.61
2009-10-18	0.97	0.59	1.42	0.85
2009-10-19	1.21	0.8	1.65	1
2009-10-20	0.69	0.07	1.04	0.23
2009-10-21	0.03	-0.46	0.48	-0.12
2009-10-22	1.52	1.05	1.93	1.3
2009-10-23	0.88	0.34	1.22	0.53
2009-10-24	1.64	0.95	1.92	1.13
2009-10-25	3.77	3.14	4.04	3.34
2009-10-26	4.5	3.87	4.72	4.02
2009-10-27	2.99	2.4	3.25	2.52
2009-10-28	1.69	1.26	2.1	1.58
2009-10-29	-0.06	-0.71	0.21	-0.52
2009-10-30	0.78	0.33	1.19	0.59
2009-10-31	2.08	1.51	2.4	1.68
2009-11-01	0.17	-0.74	0.36	-0.81
2009-11-02	1.32	0.46	1.5	0.36
2009-11-03	1.38	0.56	1.58	0.47
2009-11-04	-0.88	-1.57	-0.58	-1.6
2009-11-05	-1.65	-2.31	-1.29	-2.25
2009-11-06	1.2	0.49	1.53	0.56
2009-11-07	1.47	0.79	1.81	0.89
2009-11-08	1.3	0.74	1.67	0.79
2009-11-09	-1.02	-1.67	-0.64	-1.53
2009-11-10	-2.55	-3.25	-2.2	-3.14
2009-11-11	-2.82	-3.46	-2.45	-3.4
2009-11-12	-4.02	-4.68	-3.71	-4.75
2009-11-13	-4.15	-4.85	-3.76	-4.78
2009-11-14	-0.76	-1.48	-0.43	-1.48
2009-11-15	2.42	1.8	2.78	1.87
2009-11-16	2.08	1.46	2.42	1.51
2009-11-17	1.95	1.29	2.27	1.36
2009-11-18	1.82	1.16	2.13	1.24
2009-11-19	1.21	0.52	1.5	0.53
2009-11-20	4.71	4.15	5.12	4.37
2009-11-21	3.03	2.21	3.29	2.29
2009-11-22	0.88	0.19	1.23	0.25
2009-11-23	2.45	1.71	2.74	1.8
2009-11-24	2.4	1.88	2.79	2
2009-11-25	1.84	1.21	2.17	1.28
2009-11-26	2.94	2.34	3.3	2.43
2009-11-27	2.37	1.63	2.66	1.72
2009-11-28	-0.77	-1.57	-0.43	-1.34
2009-11-29	-2.24	-2.94	-1.79	-2.63
2009-11-30	-0.19	-1.11	0.06	-1.03
2009-12-01	-4.16	-4.97	-3.91	-4.97
2009-12-02	-6.29	-7.6	-6.36	-7.84
2009-12-03	-5.46	-6.28	-5.22	-6.38
2009-12-04	-3.14	-3.62	-2.72	-3.41
2009-12-05	-1.35	-1.78	-0.94	-1.61
2009-12-06	-0.87	-1.25	-0.47	-1.09
2009-12-07	-0.65	-1.07	-0.26	-0.9
2009-12-08	-0.98	-1.34	-0.56	-1.18
2009-12-09	-1.19	-1.61	-0.82	-1.47
2009-12-10	-1.75	-2.11	-1.35	-1.94
2009-12-11	-2.15	-2.52	-1.73	-2.29
2009-12-12	-2.64	-3.03	-2.2	-2.74
2009-12-13	-4.35	-4.89	-4	-4.64
2009-12-14	-6.56	-7.1	-6.21	-6.89
2009-12-15	-5.75	-6.28	-5.46	-6.22
2009-12-16	-10.17	-11.01	-9.97	-11.05
2009-12-17	-15.18	-16.02	-14.82	-15.98
2009-12-18	-18.04	-19.13	-17.92	-19.82
2009-12-19	-15.52	-16.37	-15.23	-16.37
2009-12-20	-8.1	-8.78	-7.82	-8.68
2009-12-21	-12.62	-13.16	-12	-12.67
2009-12-22	-17.2	-17.36	-16.32	-16.93
2009-12-23	-14.17	-15.13	-13.87	-14.95
2009-12-24	-12.75	-13.37	-12.42	-13.34
2009-12-25	-5.83	-6.42	-5.48	-6.19
2009-12-26	-8.62	-9.38	-8.38	-9.17
2009-12-27	-13.84	-14.46	-13.43	-14.27
2009-12-28	-13.39	-14.22	-13.18	-14.26
2009-12-29	-17.11	-18.54	-17.1	-18.49
2009-12-30	-13.72	-14.81	-13.74	-15
2009-12-31	-12.79	-13.27	-12.36	-12.98
2010-01-01	-12.26	-13.21	-12.1	-13.16
2010-01-02	-17.36	-18.12	-17	-18
2010-01-03	-10.45	-10.87	-10.07	-10.93
2010-01-04	-14.3	-14.87	-13.89	-14.64
2010-01-05	-22.57	-23.14	-22.17	-23.01
2010-01-06	-24.85	-25.99	-24.64	-25.79
2010-01-07	-24.91	-26.46	-24.83	-26.35
2010-01-08	-19.6	-21	-19.74	-21.26
2010-01-09	-14.32	-16.16	-14.83	-16.77
2010-01-10	-13.14	-14.87	-13.67	-15.56
2010-01-11	-4.89	-5.66	-4.7	-5.73
2010-01-12	-6.74	-7.49	-6.54	-7.58
2010-01-13	-13.2	-14.01	-12.93	-13.98
2010-01-14	-14.96	-15.68	-14.57	-15.56
2010-01-15	-19.04	-19.68	-18.63	-19.64
2010-01-16	-8.75	-9.24	-8.31	-9.04
2010-01-17	-6.96	-7.47	-6.62	-7.43
2010-01-18	-7.61	-8.07	-7.2	-8
2010-01-19	-11.37	-11.19	-10.49	-10.87
2010-01-20	-9.29	-9.86	-8.77	-9.53
2010-01-21	-6.77	-7.25	-6.36	-7.12
2010-01-22	-9.12	-9.46	-8.65	-9.37
2010-01-23	-10.23	-10.38	-9.53	-10.09
2010-01-24	-10.65	-10.95	-10.1	-10.74
2010-01-25	-12.86	-13.06	-12.3	-13
2010-01-26	-10.97	-11.06	-10.4	-10.94
2010-01-27	-9.2	-9	-8.4	-8.58
2010-01-28	-10.37	-10.75	-9.81	-10.35
2010-01-29	-17.03	-17.92	-16.65	-17.56
2010-01-30	-21.22	-22.46	-21.09	-22.38
2010-01-31	-21.26	-22.31	-21.19	-22.49
2010-02-01	-13.65	-14.48	-13.35	-14.61
2010-02-02	-12.75	-13.15	-12.21	-12.87
2010-02-03	-7.65	-8.53	-7.41	-8.36
2010-02-04	-4.44	-5	-4.15	-4.86
2010-02-05	-5.03	-5.54	-4.77	-5.52
2010-02-06	-5.73	-6.31	-5.44	-6.18
2010-02-07	-4.49	-5.11	-4.28	-5.14
2010-02-08	-6.67	-7.1	-6.23	-6.86
2010-02-09	-8.43	-9.07	-8.16	-8.91
2010-02-10	-10.44	-10.96	-10.06	-10.82
2010-02-11	-6.66	-6.87	-6.18	-6.75
2010-02-12	-12.7	-13.53	-12.44	-13.14
2010-02-13	-11.6	-12.07	-11.27	-12
2010-02-14	-6.68	-7.22	-6.41	-7.22
2010-02-15	-9.23	-10.24	-9.15	-10.1
2010-02-16	-11.97	-12.29	-11.4	-11.7
2010-02-17	-10.82	-11.43	-10.4	-11.01
2010-02-18	-13.83	-14.46	-13.46	-14.08
2010-02-19	-17.54	-18.17	-17.22	-17.92
2010-02-20	-18.32	-19.06	-18.06	-18.85
2010-02-21	-20.63	-21.27	-20.37	-21.19
2010-02-22	-21.74	-22.76	-21.78	-22.92
2010-02-23	-20.91	-21.64	-20.59	-21.43
2010-02-24	-19.82	-20.1	-19.2	-19.61
2010-02-25	-12.13	-12.64	-11.85	-12.69
2010-02-26	-8.48	-8.8	-8.05	-8.48
2010-02-27	-5.75	-6.21	-5.44	-5.98
2010-02-28	-6.42	-6.91	-6.07	-6.63
2010-03-01	-8.22	-9	-8.04	-8.93
2010-03-02	-7.11	-7.85	-6.92	-7.78
2010-03-03	-7.17	-7.99	-7.05	-8
2010-03-04	-8.7	-9.56	-8.54	-9.5
2010-03-05	-10.77	-11.9	-10.74	-11.89
2010-03-06	-9.83	-10.92	-9.77	-10.8
2010-03-07	-4.54	-4.77	-4.09	-4.71
2010-03-08	-0.49	-1.31	-0.34	-1.23
2010-03-09	-1.87	-2.64	-1.73	-2.64
2010-03-10	2.12	1.46	2.31	1.46
2010-03-11	2.24	1.54	2.48	1.7
2010-03-12	-3.47	-4.28	-3.26	-4.17
2010-03-13	-4.33	-5.02	-4.05	-4.89
2010-03-14	-6.06	-6.69	-5.71	-6.49
2010-03-15	-5.83	-6.46	-5.48	-6.3
2010-03-16	-6.97	-7.29	-6.45	-7
2010-03-17	-4.65	-5.06	-4.11	-4.73
2010-03-18	-1.22	-1.69	-0.81	-1.44
2010-03-19	-1.19	-1.51	-0.63	-1.01
2010-03-20	1.27	1.02	1.77	1.4
2010-03-21	-3.82	-4.3	-3.47	-4.07
2010-03-22	-4.11	-4.87	-3.92	-4.92
2010-03-23	-5.74	-6.17	-5.3	-5.99
2010-03-24	-5.59	-5.7	-4.95	-5.23
2010-03-25	-2.31	-2.62	-1.76	-2.15
2010-03-26	0.12	-0.17	0.63	0.2
2010-03-27	-1.83	-2.3	-1.47	-2.08
2010-03-28	-2.44	-3.19	-2.2	-3
2010-03-29	-3.55	-4.06	-3.2	-3.87
2010-03-30	-1.71	-2.03	-1.26	-1.77
2010-03-31	-0.98	-1.44	-0.6	-1.23
2010-04-01	0.8	0.41	1.2	0.64
2010-04-02	0.55	0.23	1.06	0.48
2010-04-03	0.26	-0.22	0.69	0.09
2010-04-04	-1.25	-1.64	-0.84	-1.48
2010-04-05	-0.87	-1.45	-0.51	-1.16
2010-04-06	0.77	0.39	1.19	0.68
2010-04-07	2.39	1.97	2.85	2.32
2010-04-08	3.28	2.87	3.77	3.28
2010-04-09	2.54	2.05	2.86	2.27
2010-04-10	2.09	1.66	2.39	2.01
2010-04-11	1.2	0.95	1.59	1.4
2010-04-12	3.27	3.53	3.99	4.25
2010-04-13	3.67	2.99	3.87	3.26
2010-04-14	3.74	3.33	3.99	3.74
2010-04-15	3.87	3.23	4.05	3.47
2010-04-16	2.46	1.7	2.67	1.85
2010-04-17	2.98	2.44	3.23	2.7
2010-04-18	1.89	1.15	2.11	1.29
2010-04-19	2.06	1.29	2.26	1.4
2010-04-20	1.58	1.13	1.92	1.3
2010-04-21	1.52	1.07	1.89	1.29
2010-04-22	2.39	1.71	2.6	1.83
2010-04-23	1.99	1.36	2.2	1.49
2010-04-24	3.94	3.2	4.14	3.32
2010-04-25	5.52	4.8	5.71	5.01
2010-04-26	7.97	7.31	8.18	7.49
2010-04-27	4.84	3.95	4.98	4.04
2010-04-28	4.33	3.53	4.48	3.64
2010-04-29	5.7	5.4	6.13	5.87
2010-04-30	5.3	5.2	5.87	5.66
2010-05-01	4.68	4.06	5.03	4.38
2010-05-02	3.07	2.36	3.35	2.57
2010-05-03	2.95	2.49	3.34	2.8
2010-05-04	1.74	1.06	2.08	1.3
2010-05-05	2.54	1.74	2.71	1.93
2010-05-06	3.07	2.55	3.35	2.82
2010-05-07	2.8	2.52	3.32	2.85
2010-05-08	4.38	4.15	4.87	4.46
2010-05-09	4.77	4.2	5.09	4.52
2010-05-10	2.87	2.58	3.38	2.92
2010-05-11	4.27	3.9	4.7	4.21
2010-05-12	5.46	5.44	6.05	5.92
2010-05-13	7.51	7.21	7.88	7.41
2010-05-14	8.53	8.52	9.04	8.83
2010-05-15	12.96	12.87	13.44	13.17
2010-05-16	11	10.89	11.49	11.16
2010-05-17	13.49	13.05	13.75	13.31
2010-05-18	14.75	13.62	14.61	13.58
2010-05-19	14.15	13.58	14.3	13.68
2010-05-20	14.77	13.97	14.87	14.13
2010-05-21	12.57	12.27	12.97	12.64
2010-05-22	13.05	12.39	13.28	12.77
2010-05-23	8.27	7.71	8.58	7.89
2010-05-24	8.05	7.23	8.21	7.29
2010-05-25	7.77	7.03	8.04	7.23
2010-05-26	7.19	6.42	7.42	6.59
2010-05-27	6.43	5.87	6.81	6.2
2010-05-28	7.78	7.18	8.15	7.57
2010-05-29	8.33	7.94	8.7	8.28
2010-05-30	9.76	9.07	9.99	9.26
2010-05-31	10.51	9.75	10.72	10.01
2010-06-01	10.2	9.98	10.66	10.31
2010-06-02	11.93	12	12.56	12.51
2010-06-03	12.75	11.95	12.96	12.13
2010-06-04	10	9.21	10.2	9.36
2010-06-05	10.03	9.3	10.27	9.53
2010-06-06	10.39	10.04	10.74	10.29
2010-06-07	9.96	9.41	10.26	9.62
2010-06-08	9.62	8.95	9.94	9.36
2010-06-09	11.61	10.98	11.99	11.57
2010-06-10	12.86	12.5	13.27	12.91
2010-06-11	11.9	11.65	12.28	11.77
2010-06-12	10.33	9.98	10.7	10.02
2010-06-13	12.06	11.17	12.17	11.18
2010-06-14	10.09	9.46	10.36	9.56
2010-06-15	10.21	9.57	10.43	9.59
2010-06-16	11.06	10.28	11.26	10.4
2010-06-17	12.54	11.93	12.84	12.26
2010-06-18	9.79	9.27	10.17	9.44
2010-06-19	10.09	9.63	10.46	9.82
2010-06-20	8.74	7.95	8.95	8.06
2010-06-21	10.25	9.76	10.58	9.99
2010-06-22	12.43	11.76	12.69	12.12
2010-06-23	12.76	12.15	12.97	12.23
2010-06-24	14.73	14.77	15.39	15.31
2010-06-25	14.43	14.03	14.87	14.4
2010-06-26	12.35	11.61	12.61	11.85
2010-06-27	13.07	12.51	13.41	12.85
2010-06-28	14.95	14.73	15.4	15.09
2010-06-29	18.44	18.02	18.78	18.28
2010-06-30	16.59	15.8	16.74	15.86
2010-07-01	14.43	13.76	14.8	13.91
2010-07-02	16.78	16.42	17.29	16.73
2010-07-03	21.95	21.29	22.22	21.39
2010-07-04	20.91	20.07	21.06	20.1
2010-07-05	19.23	18.46	19.43	18.42
2010-07-06	17.03	16.25	17.27	16.34
2010-07-07	17.3	16.62	17.59	16.68
2010-07-08	18.35	17.5	18.52	17.41
2010-07-09	18.96	18.19	19.21	18.2
2010-07-10	18.83	17.86	18.97	17.83
2010-07-11	16.96	16.46	17.41	16.71
2010-07-12	20.79	20.01	21.09	20.11
2010-07-13	20.93	20.49	21.44	20.83
2010-07-14	19.8	18.78	19.94	18.8
2010-07-15	16.58	16.11	17.03	16.31
2010-07-16	19.16	18.39	19.43	18.43
2010-07-17	20.28	19.72	20.68	19.91
2010-07-18	18.5	17.7	18.76	17.75
2010-07-19	18.75	17.99	19.04	18.04
2010-07-20	18.33	17.55	18.63	17.6
2010-07-21	20.39	19.64	20.68	19.69
2010-07-22	18.22	17.4	18.51	17.52
2010-07-23	13.07	12.46	13.43	12.56
2010-07-24	13.84	13.47	14.37	13.59
2010-07-25	11.42	10.69	11.79	10.75
2010-07-26	15.83	15.3	16.24	15.45
2010-07-27	17.45	16.88	17.81	16.99
2010-07-28	17.9	17.34	18.27	17.48
2010-07-29	16.66	16.24	17.11	16.33
2010-07-30	16.09	15.56	16.49	15.59
2010-07-31	16.27	15.6	16.6	15.63
2010-08-01	17.15	16.32	17.32	16.28
2010-08-02	17.22	16.48	17.45	16.53
2010-08-03	15.96	15.28	16.24	15.36
2010-08-04	14.93	14.32	15.28	14.38
2010-08-05	16.66	16.07	17.03	16.19
2010-08-06	16.87	16.51	17.35	16.73
2010-08-07	17.4	17.05	17.86	17.21
2010-08-08	17.91	17.45	18.36	17.67
2010-08-09	16.13	15.48	16.45	15.57
2010-08-10	16.19	15.64	16.67	15.92
2010-08-11	17.9	17.25	18.25	17.39
2010-08-12	17.75	17.21	18.11	17.33
2010-08-13	18.18	17.69	18.56	17.83
2010-08-14	19.79	19.09	19.99	19.18
2010-08-15	16.42	15.56	16.67	15.64
2010-08-16	13.02	12.47	13.45	12.62
2010-08-17	14.83	14.22	15.17	14.28
2010-08-18	13.5	12.84	13.82	12.87
2010-08-19	11.88	11.25	12.26	11.37
2010-08-20	13.04	12.41	13.41	12.51
2010-08-21	15.31	14.52	15.54	14.51
2010-08-22	16.07	15.23	16.25	15.21
2010-08-23	14.38	13.56	14.62	13.63
2010-08-24	11.25	10.43	11.53	10.48
2010-08-25	11.87	10.94	12.09	11.01
2010-08-26	10.02	9.25	10.31	9.32
2010-08-27	9.85	9.22	10.27	9.34
2010-08-28	9.35	8.71	9.77	8.84
2010-08-29	9.43	8.61	9.71	8.73
2010-08-30	9.51	8.84	9.82	8.92
2010-08-31	10.48	9.63	10.74	9.66
2010-09-01	9.16	8.42	9.45	8.44
2010-09-02	9.01	8.22	9.25	8.24
2010-09-03	8.78	8.15	9.15	8.27
2010-09-04	9.72	9.07	10.05	9.11
2010-09-05	11.93	11.36	12.26	11.4
2010-09-06	12.48	11.9	12.84	12.06
2010-09-07	12.05	11.7	12.56	11.93
2010-09-08	12.34	11.91	12.8	12.05
2010-09-09	12.15	11.58	12.51	11.66
2010-09-10	11.56	11	11.9	11.04
2010-09-11	11.59	11.01	11.93	11.1
2010-09-12	13.56	12.97	13.92	13.08
2010-09-13	12.03	11.4	12.38	11.51
2010-09-14	10.83	10.13	11.12	10.15
2010-09-15	10.51	9.81	10.8	9.8
2010-09-16	8.5	7.89	8.86	7.92
2010-09-17	9.08	8.39	9.4	8.41
2010-09-18	8.38	7.78	8.71	7.81
2010-09-19	8.99	8.33	9.31	8.43
2010-09-20	9.13	8.44	9.46	8.49
2010-09-21	8.55	7.79	8.82	7.8
2010-09-22	9.03	8.33	9.35	8.4
2010-09-23	11.51	10.81	11.79	10.87
2010-09-24	6.47	5.52	6.68	5.56
2010-09-25	5.4	4.76	5.75	4.76
2010-09-26	5.64	4.92	6.12	5.11
2010-09-27	5.06	4.1	5.36	4.25
2010-09-28	4.91	4.02	5.22	4.13
2010-09-29	5.94	5	6.19	5.08
2010-09-30	5.82	4.76	5.89	4.8
2010-10-01	5.8	4.91	5.91	4.85
2010-10-02	5.56	4.88	5.82	4.93
2010-10-03	7.29	6.63	7.56	6.74
2010-10-04	8.16	7.55	8.45	7.71
2010-10-05	7.85	7.35	8.2	7.5
2010-10-06	7.6	7.07	7.94	7.25
2010-10-07	8.42	8.05	8.86	8.28
2010-10-08	6.44	5.87	6.77	6.09
2010-10-09	5.82	5.18	6.1	5.27
2010-10-10	5.59	4.92	5.86	5.05
2010-10-11	4.7	4.1	5.01	4.24
2010-10-12	3.61	2.94	3.9	3.1
2010-10-13	3.77	3.13	4.08	3.29
2010-10-14	3.21	2.54	3.51	2.73
2010-10-15	0.34	-0.22	0.73	-0.03
2010-10-16	0.27	-0.21	0.71	0
2010-10-17	2.23	1.73	2.65	1.96
2010-10-18	4.42	3.87	4.74	4.01
2010-10-19	4.65	4.02	4.9	4.12
2010-10-20	-0.4	-1.13	-0.14	-0.98
2010-10-21	-2.82	-3.61	-2.56	-3.49
2010-10-22	-2.81	-3.52	-2.5	-3.31
2010-10-23	-0.09	-0.64	0.26	-0.53
2010-10-24	-0.39	-0.95	-0.03	-0.84
2010-10-25	-0.05	-0.58	0.32	-0.45
2010-10-26	-0.16	-0.69	0.26	-0.45
2010-10-27	0.19	-0.32	0.6	-0.12
2010-10-28	3.4	2.82	3.78	3.09
2010-10-29	2.46	1.82	2.79	2.03
2010-10-30	5.56	5.06	5.96	5.35
2010-10-31	5.48	4.77	5.74	4.96
2010-11-01	1.91	1.27	2.26	1.38
2010-11-02	0.18	-0.28	0.61	-0.14
2010-11-03	3.49	2.99	3.87	3.11
2010-11-04	1.14	0.53	1.41	0.47
2010-11-05	0.55	-0.02	0.87	-0.01
2010-11-06	-1.18	-1.72	-0.81	-1.67
2010-11-07	-2.21	-2.76	-1.84	-2.7
2010-11-08	-5.25	-5.85	-4.91	-5.9
2010-11-09	-3.55	-4.55	-3.36	-4.48
2010-11-10	-3.08	-3.87	-2.95	-4.05
2010-11-11	-8.49	-8.71	-7.89	-8.89
2010-11-12	-2.51	-3.19	-1.99	-2.79
2010-11-13	-2.15	-2.87	-1.84	-2.69
2010-11-14	-5.37	-5.69	-4.72	-5.43
2010-11-15	-4.19	-4.58	-3.71	-4.5
2010-11-16	-6.68	-7.02	-6.22	-6.79
2010-11-17	-9.42	-9.8	-9.26	-10.24
2010-11-18	-5.24	-5.83	-4.91	-5.86
2010-11-19	-9.06	-9.77	-8.75	-9.73
2010-11-20	-4.13	-4.89	-3.85	-4.81
2010-11-21	-4.6	-5.28	-4.28	-5.2
2010-11-22	-8.66	-9.32	-8.3	-9.17
2010-11-23	-8.98	-9.87	-8.74	-9.8
2010-11-24	-6.48	-7.56	-6.34	-7.51
2010-11-25	-11.14	-12.13	-10.92	-12.08
2010-11-26	-12.61	-13.43	-12.32	-13.33
2010-11-27	-10.69	-11.92	-10.62	-11.98
2010-11-28	-13.49	-14.7	-13.26	-14.46
2010-11-29	-18.07	-19.14	-17.75	-18.89
2010-11-30	-16.15	-17.03	-15.83	-16.88
2010-12-01	-12.15	-13.13	-12.03	-13.34
2010-12-02	-17.24	-18.69	-17.19	-19.12
2010-12-03	-13.92	-15.39	-13.75	-15.41
2010-12-04	-12.86	-13.68	-12.62	-14.06
2010-12-05	-13.58	-13.95	-12.83	-13.89
2010-12-06	-9.91	-10.55	-9.45	-10.58
2010-12-07	-13.84	-14.69	-13.54	-14.99
2010-12-08	-12.21	-13.16	-12.09	-13.65
2010-12-09	-12.28	-12.85	-11.89	-12.92
2010-12-10	-14.71	-15.42	-14.33	-15.62
2010-12-11	-13.77	-14.46	-13.36	-14.48
2010-12-12	-13.35	-14.06	-12.97	-14.01
2010-12-13	-17.94	-18.91	-17.47	-18.72
2010-12-14	-17.65	-17.97	-16.94	-17.7
2010-12-15	-12.77	-12.89	-11.96	-12.62
2010-12-16	-5.95	-6.58	-5.7	-6.76
2010-12-17	-4.51	-5.23	-4.31	-5.42
2010-12-18	-9.9	-10.85	-9.73	-10.91
2010-12-19	-11.58	-12.49	-11.43	-12.64
2010-12-20	-13.61	-14.62	-13.46	-14.78
2010-12-21	-16.92	-17.98	-16.69	-18.01
2010-12-22	-18.69	-19.8	-18.24	-19.39
2010-12-23	-23.36	-24.19	-22.83	-23.92
2010-12-24	-20.81	-21.88	-20.49	-21.83
2010-12-25	-15.97	-17.05	-15.81	-17.16
2010-12-26	-10.09	-10.88	-9.86	-11.02
2010-12-27	-10.1	-10.98	-9.9	-11.08
2010-12-28	-12.02	-12.72	-11.69	-12.73
2010-12-29	-12.24	-12.99	-11.89	-13.09
2010-12-30	-10.37	-11.02	-10.04	-11.22
2010-12-31	-7.01	-7.73	-6.75	-7.88
2011-01-01	-7.56	-8.14	-7.18	-7.93
2011-01-02	-8.28	-8.72	-7.81	-8.47
2011-01-03	-13.43	-14.41	-13.28	-14.35
2011-01-04	-13.1	-14.11	-12.84	-14.08
2011-01-05	-8.73	-9.54	-8.42	-9.35
2011-01-06	-5.86	-6.56	-5.66	-6.64
2011-01-07	-8.07	-8.89	-7.83	-8.94
2011-01-08	-11.04	-11.87	-10.67	-11.95
2011-01-09	-3.83	-4.45	-3.52	-4.38
2011-01-10	-4.08	-4.83	-3.83	-4.72
2011-01-11	-4.28	-5.09	-3.92	-4.73
2011-01-12	-7.7	-8.32	-7.33	-8.14
2011-01-13	-13.14	-13.96	-12.87	-13.81
2011-01-14	-17.33	-18.05	-16.97	-17.95
2011-01-15	-15.7	-16.17	-15.14	-16
2011-01-16	-5.04	-5.7	-4.76	-5.57
2011-01-17	-2.71	-3.34	-2.29	-3.04
2011-01-18	-4.93	-5.65	-4.66	-5.62
2011-01-19	-4.71	-5.39	-4.48	-5.47
2011-01-20	-6.32	-6.65	-5.78	-6.32
2011-01-21	-8.71	-8.68	-7.81	-8.27
2011-01-22	-4.69	-5.28	-4.36	-5.19
2011-01-23	-5.61	-5.82	-5.03	-5.47
2011-01-24	-1.73	-2.35	-1.54	-2.39
2011-01-25	-10.59	-11.1	-10.16	-10.8
2011-01-26	-15.45	-16.44	-15.27	-16.41
2011-01-27	-7.88	-8.68	-7.73	-8.75
2011-01-28	-1.69	-2.32	-1.54	-2.43
2011-01-29	-1.9	-2.54	-1.71	-2.58
2011-01-30	-4.56	-5.33	-4.4	-5.39
2011-01-31	-4.68	-5.35	-4.46	-5.38
2011-02-01	-0.41	-1.05	-0.1	-0.88
2011-02-02	-2.13	-2.89	-1.91	-2.88
2011-02-03	-2.81	-3.5	-2.49	-3.3
2011-02-04	-5.7	-6.4	-5.4	-6.34
2011-02-05	-5.34	-6.06	-5.02	-5.89
2011-02-06	-4.24	-4.93	-3.98	-4.98
2011-02-07	-7.78	-8.18	-7.28	-8.06
2011-02-08	-3.29	-3.99	-3.02	-3.83
2011-02-09	-6.87	-7.66	-6.64	-7.58
2011-02-10	-8.29	-8.96	-7.94	-8.81
2011-02-11	-11.29	-12.12	-11.07	-11.93
2011-02-12	-10.32	-11.24	-10.2	-11.15
2011-02-13	-11.61	-12.31	-11.3	-12.16
2011-02-14	-16.05	-16.67	-15.69	-16.4
2011-02-15	-14.78	-15.52	-14.46	-15.37
2011-02-16	-10.21	-10.99	-9.9	-10.77
2011-02-17	-10.25	-10.8	-9.79	-10.36
2011-02-18	-15.44	-15.9	-14.94	-15.55
2011-02-19	-20.66	-21.02	-20.1	-20.72
2011-02-20	-15.15	-15.69	-14.88	-15.67
2011-02-21	-11.78	-12.34	-11.48	-12.22
2011-02-22	-13.43	-13.96	-13.08	-13.81
2011-02-23	-15.52	-16.17	-15.25	-16.12
2011-02-24	-15.43	-15.75	-14.97	-15.56
2011-02-25	-4.77	-5.15	-4.34	-4.93
2011-02-26	-0.41	-0.9	-0.11	-0.79
2011-02-27	-2.66	-3.1	-2.35	-3.04
2011-02-28	-3.5	-4.17	-3.31	-4.18
2011-03-01	-3.27	-3.77	-2.94	-3.63
2011-03-02	0	-0.52	0.24	-0.48
2011-03-03	0.3	-0.34	0.54	-0.15
2011-03-04	1.21	0.62	1.46	0.82
2011-03-05	-2.63	-3.33	-2.41	-3.13
2011-03-06	-4.96	-5.53	-4.61	-5.3
2011-03-07	-1.26	-1.68	-0.87	-1.45
2011-03-08	-0.37	-0.88	-0.08	-0.72
2011-03-09	-1.42	-1.95	-1.11	-1.74
2011-03-10	-2.25	-3	-2.01	-2.74
2011-03-11	-3.39	-4.07	-3.1	-3.82
2011-03-12	-3.56	-4.11	-3.17	-3.84
2011-03-13	-2.74	-3.11	-2.31	-2.83
2011-03-14	-2.32	-2.89	-1.98	-2.68
2011-03-15	-5.92	-6.48	-5.57	-6.23
2011-03-16	-5.75	-6.02	-5.25	-5.78
2011-03-17	-5.34	-5.82	-5.02	-5.67
2011-03-18	-4.32	-4.74	-3.96	-4.55
2011-03-19	-2.23	-2.83	-1.96	-2.68
2011-03-20	-1.06	-1.62	-0.75	-1.46
2011-03-21	3.17	2.68	3.52	2.94
2011-03-22	3.02	2.42	3.32	2.66
2011-03-23	-0.06	-0.66	0.26	-0.37
2011-03-24	-3.02	-3.64	-2.72	-3.39
2011-03-25	-5.44	-5.99	-5.09	-5.75
2011-03-26	-4.79	-5.42	-4.52	-5.25
2011-03-27	-2.28	-2.94	-2.03	-2.75
2011-03-28	-3.92	-4.53	-3.59	-4.29
2011-03-29	-4.21	-4.79	-3.89	-4.53
2011-03-30	-4.23	-4.75	-3.81	-4.4
2011-03-31	-2.28	-2.72	-1.86	-2.41
2011-04-01	-1.21	-1.54	-0.78	-1.27
2011-04-02	3.19	2.91	3.64	3.16
2011-04-03	2.49	2.19	2.91	2.39
2011-04-04	2.52	2.05	2.94	2.34
2011-04-05	2.34	1.81	2.68	2.02
2011-04-06	2.72	2.28	3.13	2.58
2011-04-07	1.49	1.04	1.9	1.34
2011-04-08	1.85	1.24	2.14	1.43
2011-04-09	2.72	2.13	2.99	2.29
2011-04-10	2.99	2.49	3.34	2.76
2011-04-11	4.21	3.73	4.51	3.91
2011-04-12	2.03	1.5	2.34	1.81
2011-04-13	2.81	2.05	3.11	2.23
2011-04-14	3	2.34	3.44	2.57
2011-04-15	5.65	5.02	6	5.35
2011-04-16	6.29	5.64	6.56	5.9
2011-04-17	8.19	7.45	8.36	7.62
2011-04-18	4.47	3.6	4.55	3.8
2011-04-19	1.68	1.35	2.06	1.83
2011-04-20	6.74	6.01	6.86	6.27
2011-04-21	8.07	7.68	8.36	8.07
2011-04-22	6.44	5.92	6.68	6.09
2011-04-23	10.55	10.19	10.94	10.51
2011-04-24	12.16	11.73	12.53	12
2011-04-25	11.84	11.59	12.24	11.97
2011-04-26	7.43	6.72	7.62	6.84
2011-04-27	6.49	5.79	6.7	6
2011-04-28	6.57	6.43	7.07	6.92
2011-04-29	7.21	6.58	7.42	6.83
2011-04-30	3.83	3.57	4.29	3.86
2011-05-01	2.67	2.24	2.99	2.55
2011-05-02	1.62	1.3	2	1.65
2011-05-03	1.75	1.27	2.03	1.53
2011-05-04	2.68	2.4	3.06	2.72
2011-05-05	3.2	2.86	3.58	3.32
2011-05-06	3.54	3.09	3.88	3.49
2011-05-07	6.26	6.13	6.76	6.8
2011-05-08	10.97	10.89	11.5	11.48
2011-05-09	14.61	14.27	14.88	14.56
2011-05-10	10.43	10.51	10.98	11.14
2011-05-11	10.37	10.64	11.02	11.32
2011-05-12	8.34	8.33	8.78	8.69
2011-05-13	6.86	6.57	7.25	7.07
2011-05-14	4.04	3.7	4.47	4.27
2011-05-15	4.88	4.56	5.19	4.84
2011-05-16	6.04	5.78	6.42	6.22
2011-05-17	6.55	6.2	6.85	6.5
2011-05-18	9.84	9.21	9.99	9.44
2011-05-19	11.93	11.33	12.11	11.6
2011-05-20	11.02	10.84	11.49	11.37
2011-05-21	11.45	10.79	11.62	11.07
2011-05-22	12.98	12.58	13.26	12.96
2011-05-23	12.11	11.57	12.34	11.87
2011-05-24	11.55	10.82	11.65	11.08
2011-05-25	10.78	10.02	10.91	10.28
2011-05-26	9.86	9.22	10.06	9.61
2011-05-27	6.08	5.58	6.37	5.92
2011-05-28	9.18	8.74	9.49	9.14
2011-05-29	10.46	9.82	10.65	10.13
2011-05-30	12.14	11.46	12.35	11.81
2011-05-31	13.83	13.48	14.19	14.06
2011-06-01	10.71	10.05	10.97	10.12
2011-06-02	13.87	13	14.04	13.16
2011-06-03	15.4	14.57	15.67	14.88
2011-06-04	14.23	13.3	14.43	13.57
2011-06-05	10.01	9.58	10.4	9.85
2011-06-06	13.17	12.96	13.69	13.39
2011-06-07	17.76	17.83	18.51	18.49
2011-06-08	17.72	17.54	18.14	17.88
2011-06-09	16.29	16.03	16.6	16.2
2011-06-10	19.22	18.75	19.4	18.85
2011-06-11	20.81	20.38	21.04	20.55
2011-06-12	18.15	17.69	18.41	17.83
2011-06-13	10.06	9.44	10.46	9.7
2011-06-14	9.05	8.43	9.39	8.56
2011-06-15	10.21	9.59	10.54	9.74
2011-06-16	13.37	12.8	13.68	12.95
2011-06-17	12.41	12.08	12.84	12.28
2011-06-18	9.2	8.71	9.54	8.73
2011-06-19	12.1	11.61	12.44	11.72
2011-06-20	12.63	12.03	12.97	12.22
2011-06-21	11.61	10.64	11.81	10.85
2011-06-22	14.13	13.15	14.3	13.38
2011-06-23	12.64	12	12.98	12.15
2011-06-24	13	12.32	13.29	12.44
2011-06-25	12.19	11.33	12.39	11.43
2011-06-26	14.45	13.58	14.63	13.64
2011-06-27	16.39	15.9	16.77	16.18
2011-06-28	20.14	19.56	20.47	19.79
2011-06-29	21.02	20.59	21.42	20.9
2011-06-30	19.22	18.95	19.68	19.28
2011-07-01	16.79	16.32	17.22	16.54
2011-07-02	17.24	16.6	17.57	16.73
2011-07-03	15	14.62	15.48	14.79
2011-07-04	13.36	12.73	13.71	12.8
2011-07-05	15.26	14.86	15.76	15.09
2011-07-06	16.92	16.66	17.47	16.96
2011-07-07	17.1	16.83	17.62	17.1
2011-07-08	19.07	18.56	19.41	18.7
2011-07-09	19.95	19.14	20.16	19.11
2011-07-10	18.36	17.53	18.58	17.54
2011-07-11	18.08	17.22	18.31	17.2
2011-07-12	14.72	13.69	14.86	13.63
2011-07-13	13.03	12.02	13.21	11.99
2011-07-14	14.99	14.41	15.41	14.62
2011-07-15	13.57	12.89	13.9	12.85
2011-07-16	15.37	14.58	15.66	14.68
2011-07-17	15.73	15.1	16.06	15.2
2011-07-18	15.56	14.72	15.81	14.74
2011-07-19	16.65	15.82	16.89	15.84
2011-07-20	17.11	16.35	17.42	16.46
2011-07-21	17.9	17.23	18.2	17.31
2011-07-22	18.38	17.69	18.65	17.73
2011-07-23	18.51	17.89	18.85	17.96
2011-07-24	16.8	16.09	17.11	16.1
2011-07-25	15.35	14.49	15.6	14.5
2011-07-26	17.69	16.93	17.97	17.03
2011-07-27	18.57	17.82	18.83	17.96
2011-07-28	19.25	18.5	19.53	18.6
2011-07-29	18.29	17.73	18.67	17.85
2011-07-30	18.15	17.56	18.56	17.69
2011-07-31	17.27	16.64	17.61	16.74
2011-08-01	15.69	15.33	16.12	15.56
2011-08-02	15.97	15.75	16.48	16.01
2011-08-03	19.02	18.58	19.39	18.75
2011-08-04	19.03	18.47	19.43	18.86
2011-08-05	17.34	16.81	17.78	17.22
2011-08-06	16.21	15.71	16.6	15.98
2011-08-07	15.55	14.95	15.93	15.22
2011-08-08	16.22	15.5	16.45	15.58
2011-08-09	13.35	12.56	13.6	12.69
2011-08-10	12.89	12.1	13.13	12.23
2011-08-11	11.04	10.28	11.29	10.37
2011-08-12	12.2	11.49	12.47	11.63
2011-08-13	13.45	12.86	13.8	13.01
2011-08-14	14.71	14.13	15.01	14.28
2011-08-15	14.94	14.29	15.24	14.45
2011-08-16	15.48	14.95	15.87	15.17
2011-08-17	14.37	13.61	14.62	13.73
2011-08-18	13.7	13.1	14.02	13.24
2011-08-19	13.57	12.94	13.86	13.06
2011-08-20	13.18	12.49	13.42	12.51
2011-08-21	14.16	13.41	14.38	13.5
2011-08-22	13.28	12.72	13.62	12.84
2011-08-23	13.78	13.08	14.05	13.18
2011-08-24	14.3	13.94	14.79	14.16
2011-08-25	14.63	14	14.92	14.1
2011-08-26	16.56	16.04	16.91	16.21
2011-08-27	16.6	16.13	16.99	16.38
2011-08-28	15.27	14.63	15.54	14.69
2011-08-29	13.03	12.31	13.28	12.37
2011-08-30	12.04	11.37	12.34	11.46
2011-08-31	11.82	11.13	12.11	11.25
2011-09-01	11.53	10.92	11.86	11.01
2011-09-02	11.55	11.05	11.93	11.19
2011-09-03	12.32	11.82	12.67	12.02
2011-09-04	14.7	14.25	15.14	14.5
2011-09-05	15.62	15.14	16.03	15.4
2011-09-06	13.99	13.41	14.32	13.53
2011-09-07	11.51	10.87	11.83	10.95
2011-09-08	11.01	10.41	11.36	10.56
2011-09-09	11.2	10.53	11.48	10.56
2011-09-10	10.95	10.24	11.35	10.46
2011-09-11	12.3	11.67	12.68	11.85
2011-09-12	12.49	11.86	12.82	12
2011-09-13	11.96	11.35	12.29	11.48
2011-09-14	10.98	10.25	11.22	10.28
2011-09-15	8.97	8.37	9.26	8.44
2011-09-16	9.79	9.03	10.01	9.08
2011-09-17	8.09	7.23	8.24	7.27
2011-09-18	8.09	7.46	8.38	7.46
2011-09-19	9.66	9.02	9.99	9.15
2011-09-20	10.67	10.06	10.99	10.2
2011-09-21	10.45	9.7	10.71	9.88
2011-09-22	8.4	7.67	8.68	7.76
2011-09-23	8.35	7.64	8.64	7.79
2011-09-24	8.92	8.36	9.22	8.48
2011-09-25	9.53	8.92	9.82	9.09
2011-09-26	10.84	10.2	11.17	10.4
2011-09-27	9.53	8.83	9.85	9.02
2011-09-28	11.4	10.79	11.75	10.97
2011-09-29	14.52	14.14	15	14.44
2011-09-30	14.83	14.19	15.18	14.41
2011-10-01	10.22	10.03	10.81	10.48
2011-10-02	10.45	9.88	10.78	10.11
2011-10-03	8.95	8.4	9.31	8.62
2011-10-04	11.02	10.39	11.29	10.53
2011-10-05	8.61	8	8.91	8.12
2011-10-06	9.45	8.66	9.66	8.8
2011-10-07	6.57	5.83	6.79	5.93
2011-10-08	5.46	4.78	5.72	4.88
2011-10-09	3.04	2.23	3.24	2.23
2011-10-10	4.48	3.73	4.74	3.85
2011-10-11	3.51	2.78	3.73	2.84
2011-10-12	4.28	3.63	4.53	3.7
2011-10-13	3.35	2.68	3.6	2.76
2011-10-14	1.33	0.91	1.79	1.04
2011-10-15	1.29	0.76	1.74	0.84
2011-10-16	1.53	1	1.9	1.14
2011-10-17	3.27	2.73	3.67	2.97
2011-10-18	5.2	4.74	5.56	4.9
2011-10-19	3.43	2.71	3.68	2.84
2011-10-20	3	2.33	3.24	2.4
2011-10-21	2.18	1.49	2.4	1.51
2011-10-22	5.31	4.8	5.74	5.11
2011-10-23	6.07	5.6	6.48	5.81
2011-10-24	3.96	3.52	4.4	3.73
2011-10-25	2.49	1.77	2.87	2.06
2011-10-26	3.51	2.89	3.91	3.1
2011-10-27	5.27	4.75	5.63	4.95
2011-10-28	5.79	5.24	6.1	5.41
2011-10-29	3.62	2.97	3.9	3.07
2011-10-30	6.6	5.98	6.91	6.22
2011-10-31	5.59	4.88	5.88	5.1
2011-11-01	6.59	6.04	6.94	6.46
2011-11-02	7.31	6.81	7.67	7.21
2011-11-03	6.32	5.86	6.72	6.27
2011-11-04	4.04	3.6	4.35	3.85
2011-11-05	4.3	3.91	4.64	4.18
2011-11-06	3.97	3.55	4.29	3.81
2011-11-07	3.33	2.76	3.58	2.97
2011-11-08	5.8	5.16	6.02	5.34
2011-11-09	1.33	0.77	1.63	1.04
2011-11-10	0.17	-0.34	0.54	0.01
2011-11-11	-2.41	-2.93	-1.99	-2.45
2011-11-12	-2.62	-3.15	-2.31	-2.91
2011-11-13	-0.92	-1.43	-0.62	-1.23
2011-11-14	2.37	1.86	2.67	2.1
2011-11-15	-0.19	-0.64	0.22	-0.31
2011-11-16	-0.59	-1.21	-0.4	-1.18
2011-11-17	-0.9	-1.53	-0.71	-1.44
2011-11-18	-2.58	-3.25	-2.37	-3.1
2011-11-19	-0.67	-1.13	-0.25	-0.8
2011-11-20	-0.79	-1.15	-0.37	-0.82
2011-11-21	-0.62	-1.06	-0.25	-0.79
2011-11-22	-0.97	-1.36	-0.59	-1.12
2011-11-23	-0.13	-0.51	0.24	-0.24
2011-11-24	0.49	-0.04	0.81	0.23
2011-11-25	2.66	2.09	2.92	2.32
2011-11-26	0.6	0.03	0.84	0.19
2011-11-27	-1.74	-2.26	-1.44	-2.01
2011-11-28	-1.65	-2.16	-1.37	-2.04
2011-11-29	0.18	-0.15	0.73	0.37
2011-11-30	1.21	0.64	1.49	0.91
2011-12-01	2.24	1.35	2.51	1.18
2011-12-02	-0.78	-1.71	-0.53	-1.94
2011-12-03	-2.05	-2.81	-1.67	-2.92
2011-12-04	-2.25	-3.05	-1.88	-3.2
2011-12-05	-3.53	-4.32	-3.16	-4.45
2011-12-06	-4.24	-5.31	-4.08	-5.6
2011-12-07	-4.77	-5.79	-4.42	-5.77
2011-12-08	-6.89	-7.87	-6.61	-8.06
2011-12-09	-1.19	-2.1	-0.94	-2.34
2011-12-10	-1.32	-2.06	-0.93	-2.12
2011-12-11	-7.61	-8.66	-7.24	-8.64
2011-12-12	-2.45	-3.38	-2.13	-3.47
2011-12-13	-1.31	-2.04	-0.92	-2.13
2011-12-14	0.43	-0.32	0.76	-0.46
2011-12-15	-0.92	-1.6	-0.51	-1.68
2011-12-16	-1.96	-2.81	-1.56	-2.83
2011-12-17	-1.83	-2.64	-1.5	-2.78
2011-12-18	-2.15	-3.07	-1.92	-3.27
2011-12-19	-2.22	-3.23	-2.05	-3.49
2011-12-20	-6.55	-7.36	-6.21	-7.65
2011-12-21	-8.68	-9.58	-8.45	-10.11
2011-12-22	-9.46	-10.5	-9.02	-10.58
2011-12-23	-1.48	-2.34	-1.02	-2.24
2011-12-24	-4.45	-5.47	-4.19	-5.71
2011-12-25	0.28	-0.55	0.65	-0.58
2011-12-26	1.6	0.73	1.92	0.64
2011-12-27	-0.18	-1.15	0.06	-1.32
2011-12-28	-3.59	-4.43	-3.19	-4.5
2011-12-29	-0.95	-1.87	-0.63	-1.95
2011-12-30	-6.54	-7.34	-6.12	-7.3
2011-12-31	-10.31	-11.34	-10.05	-11.55
2012-01-01	-6.78	-7.76	-6.72	-7.75
2012-01-02	-1.29	-1.88	-1.04	-1.69
2012-01-03	-2.4	-3.07	-2.14	-2.85
2012-01-04	-1.91	-2.49	-1.67	-2.34
2012-01-05	-5.13	-5.83	-4.9	-5.61
2012-01-06	-9.19	-9.81	-8.82	-9.45
2012-01-07	-11.95	-12.6	-11.65	-12.41
2012-01-08	-13.92	-14.37	-13.55	-14.38
2012-01-09	-14.21	-14.88	-13.71	-14.57
2012-01-10	-9.76	-10.24	-9.17	-9.9
2012-01-11	-5.55	-6.42	-5.36	-6.26
2012-01-12	-3.79	-4.48	-3.5	-4.2
2012-01-13	-5.64	-6.11	-5.22	-5.7
2012-01-14	-7.72	-8.08	-7.19	-7.6
2012-01-15	-6.77	-7.02	-6.19	-6.64
2012-01-16	-1.11	-1.77	-0.91	-1.62
2012-01-17	-3.94	-3.97	-3.27	-3.49
2012-01-18	-3.08	-3.64	-2.8	-3.5
2012-01-19	-5.46	-6.23	-5.37	-6.35
2012-01-20	-8.27	-8.84	-8.07	-8.95
2012-01-21	-7.56	-8.16	-7.33	-8.2
2012-01-22	-5.72	-6.52	-5.53	-6.34
2012-01-23	-7.42	-8.07	-7.12	-7.82
2012-01-24	-10.99	-11.23	-10.36	-10.71
2012-01-25	-14.18	-14.91	-13.73	-14.76
2012-01-26	-8.6	-9.28	-8.37	-9.29
2012-01-27	-6.15	-6.82	-5.96	-6.75
2012-01-28	-7.31	-7.98	-7.08	-8.01
2012-01-29	-8.21	-8.82	-7.9	-8.88
2012-01-30	-10.91	-11.49	-10.63	-11.5
2012-01-31	-12.18	-12.76	-11.81	-12.71
2012-02-01	-10.32	-11	-10.12	-11.01
2012-02-02	-13.03	-13.83	-12.91	-13.64
2012-02-03	-18.1	-19.21	-17.95	-18.77
2012-02-04	-21.77	-22.77	-21.51	-22.31
2012-02-05	-18.77	-19.42	-17.97	-18.39
2012-02-06	-7.24	-7.62	-6.93	-7.35
2012-02-07	-8.38	-8.45	-7.77	-7.86
2012-02-08	-8.01	-8.3	-7.58	-7.88
2012-02-09	-11.98	-12.35	-11.66	-12.16
2012-02-10	-10.53	-10.77	-10.15	-10.7
2012-02-11	-8.78	-9.3	-8.55	-9.25
2012-02-12	-5.53	-6.12	-5.38	-5.98
2012-02-13	-7.71	-8.04	-7.32	-7.73
2012-02-14	-3.63	-4.02	-3.41	-3.85
2012-02-15	-7.75	-8.15	-7.37	-7.71
2012-02-16	-8.71	-8.96	-8.2	-8.55
2012-02-17	-5.83	-6.31	-5.53	-6.15
2012-02-18	-3.93	-4.19	-3.56	-3.85
2012-02-19	-2.1	-2.66	-1.94	-2.45
2012-02-20	-4.88	-5.37	-4.63	-5.11
2012-02-21	-1.91	-2.53	-1.78	-2.34
2012-02-22	-2.79	-3.22	-2.46	-2.8
2012-02-23	-0.03	-0.54	0.18	-0.27
2012-02-24	-1.52	-1.64	-1.07	-1.18
2012-02-25	-3.77	-4.05	-3.34	-3.55
2012-02-26	-6.75	-7.22	-6.43	-6.85
2012-02-27	-6.95	-7.27	-6.51	-6.88
2012-02-28	-0.25	-0.63	0.01	-0.39
2012-02-29	1.25	0.93	1.54	1.13
2012-03-01	3.02	2.72	3.42	2.93
2012-03-02	0.36	-0.19	0.66	0.05
2012-03-03	-3.36	-3.81	-2.84	-3.47
2012-03-04	-5.28	-5.67	-4.67	-5.37
2012-03-05	-4.79	-5.43	-4.5	-5.26
2012-03-06	-4.48	-4.96	-4.15	-4.76
2012-03-07	-3.37	-3.81	-2.99	-3.56
2012-03-08	-2.22	-2.76	-1.92	-2.55
2012-03-09	0.78	0.38	1.15	0.64
2012-03-10	1.28	0.84	1.62	1.07
2012-03-11	1.3	0.92	1.64	1.12
2012-03-12	3.1	2.78	3.54	3.22
2012-03-13	0.75	0.22	1.08	0.51
2012-03-14	-1.45	-1.91	-1.05	-1.6
2012-03-15	1.21	0.99	1.74	1.3
2012-03-16	2.39	2.05	2.84	2.47
2012-03-17	1.98	1.45	2.33	1.77
2012-03-18	-1.81	-2.07	-1.16	-1.51
2012-03-19	-1.35	-1.99	-1.08	-1.81
2012-03-20	0.51	-0.01	0.82	0.24
2012-03-21	3.61	3.22	3.94	3.57
2012-03-22	5.72	5.18	6.04	5.35
2012-03-23	3.32	2.69	3.68	2.93
2012-03-24	4.42	3.73	4.62	3.88
2012-03-25	2.07	1.34	2.23	1.46
2012-03-26	5.08	4.38	5.24	4.54
2012-03-27	4.93	4.21	5.06	4.45
2012-03-28	3.97	3.18	4.01	3.3
2012-03-29	2.91	2.13	2.99	2.28
2012-03-30	1.08	0.53	1.37	0.85
2012-03-31	-1.81	-2.54	-1.73	-2.41
2012-04-01	-1.19	-1.88	-0.95	-1.75
2012-04-02	-3.03	-3.74	-2.87	-3.61
2012-04-03	-2.11	-2.96	-2.02	-2.86
2012-04-04	-0.52	-1.18	-0.33	-1.02
2012-04-05	0.97	0.43	1.26	0.71
2012-04-06	-2.08	-2.79	-1.91	-2.63
2012-04-07	-2.09	-2.82	-2	-2.72
2012-04-08	-1.32	-1.97	-1.13	-1.75
2012-04-09	-0.2	-0.49	0.25	-0.19
2012-04-10	1.21	0.94	1.76	1.28
2012-04-11	3.82	3.65	4.36	4.04
2012-04-12	5.29	4.34	5.27	4.37
2012-04-13	2.17	1.42	2.33	1.53
2012-04-14	2.16	1.51	2.43	1.66
2012-04-15	1.84	1.29	2.11	1.48
2012-04-16	0.62	0.14	0.97	0.31
2012-04-17	-0.69	-1.06	-0.22	-0.81
2012-04-18	0.15	-0.25	0.73	0.2
2012-04-19	1.48	1.15	2.03	1.55
2012-04-20	0.55	0.16	0.98	0.37
2012-04-21	0.86	0.45	1.48	0.81
2012-04-22	1.78	1.38	2.31	1.78
2012-04-23	1.85	1.38	2.27	1.71
2012-04-24	4.12	3.48	4.26	3.57
2012-04-25	3.79	3.53	4.16	3.78
2012-04-26	3.44	2.97	3.83	3.23
2012-04-27	7.95	7.32	8.2	7.45
2012-04-28	6.13	5.34	6.42	5.59
2012-04-29	5.97	5.52	6.35	5.82
2012-04-30	7.84	7.32	8.2	7.56
2012-05-01	6.73	6.34	7.13	6.72
2012-05-02	7.26	6.51	7.52	6.84
2012-05-03	5	4.26	5.22	4.49
2012-05-04	1.19	0.73	1.52	0.91
2012-05-05	1.49	0.98	1.82	1.17
2012-05-06	3.44	2.77	3.66	2.94
2012-05-07	5.62	4.87	5.78	5.09
2012-05-08	5.97	5.66	6.42	6.06
2012-05-09	5.7	5.26	6.08	5.59
2012-05-10	9.43	9.1	9.79	9.38
2012-05-11	5.36	5.07	5.77	5.33
2012-05-12	5.89	5.21	6.12	5.4
2012-05-13	6.49	6.09	6.92	6.46
2012-05-14	7.87	7.33	8.15	7.54
2012-05-15	8.78	8.29	9.06	8.52
2012-05-16	8.7	8.4	9.06	8.69
2012-05-17	6.65	6.23	7	6.53
2012-05-18	8.23	7.56	8.48	7.82
2012-05-19	8.74	8.23	9.07	8.62
2012-05-20	8.62	7.92	8.84	8.22
2012-05-21	8.56	8.4	9	8.73
2012-05-22	9.38	9.23	9.88	9.67
2012-05-23	9.46	9.67	10.17	10.21
2012-05-24	14.4	14.38	14.88	14.85
2012-05-25	16.44	15.83	16.66	16.12
2012-05-26	13.69	13.05	13.88	13.33
2012-05-27	15.67	15.4	16.08	15.77
2012-05-28	9.59	8.81	9.78	9.04
2012-05-29	7.17	6.39	7.36	6.58
2012-05-30	7.32	6.6	7.53	6.79
2012-05-31	6.8	6.23	7.1	6.53
2012-06-01	6.1	5.5	6.32	5.77
2012-06-02	4.91	4.4	5.21	4.65
2012-06-03	6.1	5.83	6.52	6.11
2012-06-04	6.39	6.01	6.77	6.34
2012-06-05	8.27	7.92	8.62	8.27
2012-06-06	9.16	8.91	9.57	9.34
2012-06-07	11.78	11.32	12.09	11.71
2012-06-08	11.09	10.89	11.52	11.35
2012-06-09	10.53	10.35	10.99	10.84
2012-06-10	11.67	11.2	12.03	11.62
2012-06-11	11.03	10.69	11.34	11.07
2012-06-12	11.86	11.57	12.17	11.9
2012-06-13	12.29	11.99	12.64	12.38
2012-06-14	11.36	10.89	11.69	11.27
2012-06-15	11.41	10.9	11.69	11.22
2012-06-16	10.22	9.83	10.54	10.09
2012-06-17	12.26	11.84	12.57	12.14
2012-06-18	14.87	14.22	15.02	14.43
2012-06-19	11.06	10.38	11.27	10.67
2012-06-20	12.07	11.39	12.33	11.75
2012-06-21	12.94	12.31	13.21	12.65
2012-06-22	12.62	12.46	13.08	12.94
2012-06-23	12.85	12.48	13.14	12.79
2012-06-24	12.5	12.13	12.82	12.44
2012-06-25	12.14	11.79	12.5	12.09
2012-06-26	12.78	12.35	13.13	12.71
2012-06-27	11.81	11.1	12	11.33
2012-06-28	11.7	10.92	11.87	11.13
2012-06-29	13.71	13.3	14.11	13.77
2012-06-30	14.7	14.38	15.16	14.84
2012-07-01	15.43	14.78	15.68	14.85
2012-07-02	15.35	14.65	15.64	14.79
2012-07-03	14.92	14.18	15.14	14.35
2012-07-04	14.65	14.16	14.99	14.32
2012-07-05	16.41	16.02	16.77	16.2
2012-07-06	17.9	17.48	18.22	17.63
2012-07-07	15.24	14.91	15.66	15.09
2012-07-08	15.38	14.89	15.76	15.12
2012-07-09	13.43	13.09	13.82	13.07
2012-07-10	12.41	12.12	12.99	12.38
2012-07-11	13.21	12.55	13.56	12.86
2012-07-12	13.87	13.32	14.25	13.53
2012-07-13	14.44	13.88	14.82	14.06
2012-07-14	14.75	14.21	15.14	14.4
2012-07-15	13.21	12.62	13.56	12.74
2012-07-16	13.48	12.85	13.84	13.04
2012-07-17	13.76	13.09	14.03	13.21
2012-07-18	13.95	13.17	14.19	13.25
2012-07-19	14.51	13.77	14.79	13.91
2012-07-20	13.61	12.72	13.75	12.68
2012-07-21	11.62	10.85	11.94	11
2012-07-22	14.6	13.75	14.83	13.89
2012-07-23	15.47	14.76	15.75	14.9
2012-07-24	18.2	17.41	18.44	17.62
2012-07-25	17.54	16.83	17.81	16.97
2012-07-26	15.5	14.77	15.78	14.91
2012-07-27	16.05	15.59	16.47	15.85
2012-07-28	16.84	16.37	17.23	16.61
2012-07-29	19.25	18.74	19.56	18.86
2012-07-30	17.14	16.43	17.44	16.66
2012-07-31	15.14	14.53	15.52	14.71
2012-08-01	14.25	13.57	14.54	13.69
2012-08-02	15.53	14.82	15.8	14.87
2012-08-03	16.71	16.15	17.1	16.37
2012-08-04	15.35	14.73	15.7	14.87
2012-08-05	15.47	14.67	15.72	14.81
2012-08-06	15.26	14.59	15.59	14.8
2012-08-07	13.27	12.69	13.63	12.82
2012-08-08	13.19	12.36	13.38	12.38
2012-08-09	12.14	11.39	12.4	11.54
2012-08-10	12.68	12.06	13.02	12.23
2012-08-11	13.82	13.14	14.12	13.28
2012-08-12	13.94	13.24	14.19	13.3
2012-08-13	14.47	13.93	14.83	14.03
2012-08-14	14.79	14.35	15.21	14.53
2012-08-15	15.37	14.88	15.76	15.09
2012-08-16	15.55	15.04	15.93	15.17
2012-08-17	16.03	15.59	16.43	15.73
2012-08-18	16.91	16.2	17.16	16.26
2012-08-19	14.43	13.83	14.8	13.99
2012-08-20	12.66	12.03	13	12.21
2012-08-21	12.8	11.97	13.03	12.03
2012-08-22	12.88	12.17	13.18	12.28
2012-08-23	13.37	12.54	13.56	12.58
2012-08-24	11.27	10.53	11.54	10.66
2012-08-25	11.96	11.57	12.45	11.76
2012-08-26	11.43	10.65	11.66	10.67
2012-08-27	10.16	9.46	10.46	9.54
2012-08-28	10.28	9.7	10.66	9.85
2012-08-29	12.89	12.26	13.24	12.43
2012-08-30	14.34	13.79	14.69	13.88
2012-08-31	12.27	11.85	12.75	12.08
2012-09-01	10.86	10.33	11.26	10.47
2012-09-02	12.65	11.94	12.91	11.99
2012-09-03	12.1	11.22	12.28	11.22
2012-09-04	12.72	11.99	13.08	12.18
2012-09-05	11.77	10.99	12.04	11.06
2012-09-06	8.67	7.88	8.91	7.91
2012-09-07	8.6	7.82	8.88	7.88
2012-09-08	8.32	7.57	8.62	7.65
2012-09-09	8.86	8.16	9.18	8.23
2012-09-10	13.49	13.01	13.97	13.25
2012-09-11	15.26	14.63	15.54	14.67
2012-09-12	10.97	10.3	11.24	10.25
2012-09-13	9.08	8.37	9.39	8.44
2012-09-14	8.92	8.29	9.29	8.4
2012-09-15	10.51	9.83	10.84	9.92
2012-09-16	11.82	11.21	12.17	11.28
2012-09-17	9.54	8.8	9.83	8.87
2012-09-18	9.12	8.43	9.44	8.49
2012-09-19	7.67	7.02	8.02	7.09
2012-09-20	6.41	5.68	6.73	5.68
2012-09-21	6.24	5.53	6.58	5.48
2012-09-22	5.61	4.95	5.98	4.97
2012-09-23	6.22	5.49	6.51	5.52
2012-09-24	5.67	4.98	6	5.05
2012-09-25	6	5.26	6.3	5.34
2012-09-26	6.74	6.01	7.06	6.11
2012-09-27	8.38	7.66	8.69	7.79
2012-09-28	8.09	7.42	8.47	7.55
2012-09-29	7.22	6.62	7.62	6.76
2012-09-30	6.59	6.04	7.01	6.15
2012-10-01	8.11	7.47	8.49	7.73
2012-10-02	9.22	8.65	9.55	8.81
2012-10-03	8.47	8	8.85	8.17
2012-10-04	7.12	6.6	7.45	6.66
2012-10-05	5.39	4.74	5.7	4.87
2012-10-06	5.59	4.96	5.97	5.2
2012-10-07	4.78	4.13	5.06	4.2
2012-10-08	5.17	4.52	5.49	4.71
2012-10-09	3.4	2.77	3.69	2.85
2012-10-10	3.81	3.2	4.1	3.27
2012-10-11	4.42	3.77	4.7	3.79
2012-10-12	2.44	1.78	2.74	1.91
2012-10-13	1.4	0.75	1.72	0.88
2012-10-14	2.4	1.73	2.72	1.83
2012-10-15	2.64	1.9	2.91	2.01
2012-10-16	0.91	0.15	1.3	0.39
2012-10-17	4.15	3.4	4.45	3.62
2012-10-18	5.71	5.22	6.13	5.47
2012-10-19	5.77	5.1	6.12	5.39
2012-10-20	2.11	1.33	2.33	1.45
2012-10-21	2.17	1.46	2.47	1.6
2012-10-22	2.5	1.92	2.84	2.05
2012-10-23	2.81	2.2	3.07	2.17
2012-10-24	2.07	1.42	2.36	1.49
2012-10-25	-1.7	-2.27	-1.35	-2.16
2012-10-26	-2.24	-2.69	-1.79	-2.48
2012-10-27	-1.5	-2	-1.08	-1.85
2012-10-28	-3.02	-3.58	-2.64	-3.57
2012-10-29	-2.11	-2.95	-1.84	-2.94
2012-10-30	-0.08	-0.68	0.26	-0.54
2012-10-31	-1.3	-2.14	-1.1	-2.16
2012-11-01	2.26	1.54	2.55	1.5
2012-11-02	3.68	2.87	3.9	2.82
2012-11-03	2.06	1.2	2.27	1.13
2012-11-04	0.4	-0.48	0.63	-0.51
2012-11-05	-1.28	-2.06	-0.9	-1.89
2012-11-06	-1.75	-2.47	-1.43	-2.43
2012-11-07	-0.13	-0.88	0.16	-0.9
2012-11-08	-2.25	-2.99	-1.93	-2.99
2012-11-09	-3.34	-4.06	-3.02	-4.1
2012-11-10	1.53	0.94	1.92	1.01
2012-11-11	2.77	2.04	3.06	2.07
2012-11-12	1.02	0.22	1.27	0.14
2012-11-13	-1.21	-1.8	-0.75	-1.7
2012-11-14	2.14	1.47	2.6	1.69
2012-11-15	0.57	-0.07	0.94	-0.03
2012-11-16	-0.66	-1.3	-0.19	-1.07
2012-11-17	1.85	1.15	2.22	1.25
2012-11-18	0.48	-0.21	0.82	-0.16
2012-11-19	-0.63	-1.32	-0.2	-1.17
2012-11-20	3.09	2.48	3.51	2.65
2012-11-21	5.15	4.52	5.47	4.54
2012-11-22	3.39	2.72	3.72	2.79
2012-11-23	2.91	2.29	3.29	2.37
2012-11-24	0.98	0.3	1.33	0.34
2012-11-25	-1.19	-1.89	-0.91	-1.99
2012-11-26	-0.31	-0.96	0.04	-0.97
2012-11-27	-0.73	-1.33	-0.33	-1.27
2012-11-28	-3.14	-4.02	-2.92	-4.07
2012-11-29	-4.88	-5.99	-4.79	-6.15
2012-11-30	-5.9	-6.86	-5.7	-6.9
2012-12-01	-10.38	-11.19	-10.16	-11.09
2012-12-02	-16.86	-17.57	-16.54	-17.5
2012-12-03	-18.88	-19.32	-18.33	-19.2
2012-12-04	-16.22	-16.99	-15.87	-16.9
2012-12-05	-18.17	-18.64	-17.61	-18.33
2012-12-06	-9.47	-10.47	-9.36	-10.53
2012-12-07	-6.31	-7.14	-6.07	-6.95
2012-12-08	-11.45	-12.26	-11.27	-12.28
2012-12-09	-13.5	-14.19	-13.29	-14.28
2012-12-10	-13.76	-14.58	-13.27	-14.15
2012-12-11	-13.11	-14.33	-12.93	-14.15
2012-12-12	-12.83	-13.68	-12.68	-13.75
2012-12-13	-14.58	-15.05	-14.31	-15.29
2012-12-14	-16.62	-17.15	-16.19	-17.19
2012-12-15	-6.18	-6.83	-5.9	-6.82
2012-12-16	-3.58	-4.1	-3.26	-4.01
2012-12-17	-4.96	-5.5	-4.64	-5.45
2012-12-18	-6.82	-7.34	-6.37	-7.13
2012-12-19	-9.34	-9.71	-8.7	-9.35
2012-12-20	-9	-9.39	-8.59	-9.32
2012-12-21	-8.83	-9.64	-8.58	-9.47
2012-12-22	-9.21	-10.12	-9	-9.93
2012-12-23	-8.37	-9.23	-8.16	-9.13
2012-12-24	-8.37	-8.97	-8.11	-9.12
2012-12-25	-8.12	-8.65	-7.76	-8.6
2012-12-26	-6.56	-7.21	-6.26	-7.06
2012-12-27	-8.68	-9.49	-8.42	-9.35
2012-12-28	-6.5	-7.1	-6.17	-7.03
2012-12-29	-5.7	-6.23	-5.33	-6.09
2012-12-30	-0.51	-0.9	-0.09	-0.69
2012-12-31	-3.03	-3.47	-2.58	-3.18
2013-01-01	-1.58	-2.06	-1.13	-1.82
2013-01-02	-4.12	-4.77	-3.87	-4.86
2013-01-03	-4.74	-5.22	-4.34	-5.22
2013-01-04	-1.58	-1.98	-1.09	-1.71
2013-01-05	-4.45	-4.71	-3.86	-4.49
2013-01-06	-4.59	-4.8	-3.99	-4.58
2013-01-07	-3.99	-4.32	-3.45	-4.1
2013-01-08	-4.49	-4.73	-3.92	-4.46
2013-01-09	-5.39	-5.93	-5.01	-5.84
2013-01-10	-7.07	-7.57	-6.69	-7.46
2013-01-11	-9.89	-10.89	-9.66	-10.68
2013-01-12	-15.53	-16.57	-15.25	-16.39
2013-01-13	-16.9	-18.06	-16.93	-18.35
2013-01-14	-17.77	-18.7	-17.85	-19.28
2013-01-15	-12.79	-13.12	-12.41	-13.4
2013-01-16	-8.97	-9.99	-8.8	-9.86
2013-01-17	-15.65	-16.58	-15.12	-15.97
2013-01-18	-18.53	-19.21	-18	-19.05
2013-01-19	-9.92	-10.29	-9.6	-10.46
2013-01-20	-11.54	-12.51	-11.16	-12.12
2013-01-21	-15.59	-17.1	-15.56	-16.98
2013-01-22	-13.78	-15.08	-13.9	-15.42
2013-01-23	-12.26	-13.06	-12.09	-13.26
2013-01-24	-12.76	-13.42	-12.43	-13.41
2013-01-25	-15.15	-16.28	-15.14	-16.73
2013-01-26	-10.86	-11.55	-10.44	-11.31
2013-01-27	-9.29	-9.86	-8.85	-9.63
2013-01-28	-3.11	-3.76	-2.78	-3.57
2013-01-29	-2.01	-2.46	-1.62	-2.31
2013-01-30	-1.99	-2.44	-1.58	-2.27
2013-01-31	-3.52	-4.25	-3.21	-4.06
2013-02-01	-7.4	-8.2	-7.16	-8.32
2013-02-02	-7.47	-7.87	-6.93	-7.71
2013-02-03	-10.12	-10.68	-9.62	-10.49
2013-02-04	-6.99	-7.57	-6.56	-7.47
2013-02-05	-3.81	-4.54	-3.53	-4.51
2013-02-06	-6.13	-6.98	-5.84	-6.83
2013-02-07	-11.2	-12.05	-10.92	-11.98
2013-02-08	-12.63	-13.53	-12.29	-13.37
2013-02-09	-12.9	-13.8	-12.66	-13.79
2013-02-10	-10.96	-11.72	-10.69	-11.74
2013-02-11	-9.16	-9.77	-8.79	-9.72
2013-02-12	-8.86	-9.58	-8.53	-9.54
2013-02-13	-6.08	-6.92	-5.88	-7.04
2013-02-14	-6.26	-7.2	-6.11	-7.34
2013-02-15	-4.24	-4.9	-3.92	-4.88
2013-02-16	-4.5	-5.29	-4.15	-5.12
2013-02-17	-6	-6.76	-5.45	-6.28
2013-02-18	-7.38	-8.01	-6.97	-7.79
2013-02-19	-7.64	-8.3	-7.32	-8.32
2013-02-20	-9.9	-10.77	-9.62	-10.68
2013-02-21	-7.62	-8.32	-7.44	-8.67
2013-02-22	-3.24	-3.66	-2.83	-3.62
2013-02-23	-2.29	-2.77	-1.83	-2.58
2013-02-24	-2.01	-2.75	-1.71	-2.7
2013-02-25	-2.19	-2.85	-1.83	-2.87
2013-02-26	0.8	0	1.01	-0.07
2013-02-27	1.11	0.41	1.34	0.34
2013-02-28	0.57	-0.14	0.85	-0.11
2013-03-01	-1.63	-1.86	-1.21	-1.43
2013-03-02	-2.1	-2.32	-1.65	-1.9
2013-03-03	-6.39	-6.61	-5.83	-5.94
2013-03-04	-3.55	-3.59	-2.91	-2.9
2013-03-05	-1.97	-2.16	-1.49	-1.88
2013-03-06	-2.22	-2.78	-1.99	-2.58
2013-03-07	-6.61	-7.05	-6.28	-6.77
2013-03-08	-9.23	-9.84	-8.94	-9.58
2013-03-09	-13.01	-13.92	-12.84	-13.7
2013-03-10	-12.04	-12.69	-11.83	-12.55
2013-03-11	-7.09	-7.44	-6.81	-7.28
2013-03-12	-8	-8.4	-7.64	-8
2013-03-13	-11.64	-12.12	-11.3	-11.81
2013-03-14	-10.71	-11.16	-10.34	-10.93
2013-03-15	-9.3	-9.77	-8.96	-9.52
2013-03-16	-7.19	-7.67	-6.74	-7.14
2013-03-17	-4.35	-4.66	-3.98	-4.37
2013-03-18	-8.02	-8.38	-7.65	-8.06
2013-03-19	-10.61	-11.31	-10.37	-10.95
2013-03-20	-9.42	-9.95	-9.15	-9.69
2013-03-21	-9.36	-9.85	-9.04	-9.5
2013-03-22	-9.21	-9.86	-9	-9.61
2013-03-23	-6.55	-7.18	-6.39	-7
2013-03-24	-4.87	-5.49	-4.72	-5.28
2013-03-25	-3.67	-4.2	-3.43	-3.95
2013-03-26	-3.43	-3.83	-3.08	-3.47
2013-03-27	-2.21	-2.7	-1.93	-2.54
2013-03-28	-3.41	-3.84	-3.11	-3.53
2013-03-29	-4.41	-4.74	-4.08	-4.33
2013-03-30	-3.94	-4.42	-3.7	-3.99
2013-03-31	-3.19	-3.61	-2.9	-3.29
2013-04-01	-2.2	-2.75	-1.93	-2.46
2013-04-02	-1.57	-2.15	-1.29	-1.88
2013-04-03	0.68	0.29	1.06	0.52
2013-04-04	-0.2	-0.75	0.09	-0.4
2013-04-05	-1.95	-2.6	-1.75	-2.35
2013-04-06	-3.28	-3.72	-2.84	-3.21
2013-04-07	-3.55	-4.15	-3.29	-3.85
2013-04-08	-4.13	-4.89	-3.87	-4.59
2013-04-09	-3.75	-4.17	-3.23	-3.77
2013-04-10	-2.55	-2.92	-2.08	-2.54
2013-04-11	-2.76	-3.29	-2.43	-2.93
2013-04-12	-1.69	-1.99	-1.22	-1.58
2013-04-13	0.82	0.43	1.18	0.75
2013-04-14	3.46	3.05	3.86	3.41
2013-04-15	5.83	5.5	6.22	5.74
2013-04-16	4.49	4.2	4.93	4.42
2013-04-17	4.68	4.43	5.14	4.69
2013-04-18	4.45	4.11	4.85	4.44
2013-04-19	4.11	3.58	4.38	3.85
2013-04-20	2.03	1.73	2.46	2.1
2013-04-21	4.04	3.88	4.5	4.26
2013-04-22	4.92	4.54	5.23	4.81
2013-04-23	4.69	4.06	4.85	4.31
2013-04-24	5.34	4.72	5.57	4.98
2013-04-25	5.1	4.41	5.21	4.58
2013-04-26	3.85	3.33	4.08	3.57
2013-04-27	3.01	2.43	3.21	2.66
2013-04-28	4.95	4.45	5.24	4.74
2013-04-29	3.62	3.04	3.84	3.19
2013-04-30	5.35	4.69	5.56	4.93
2013-05-01	5.11	4.43	5.39	4.69
2013-05-02	4.93	4.12	5.11	4.24
2013-05-03	4.61	3.72	4.75	3.85
2013-05-04	5.34	4.57	5.62	4.85
2013-05-05	6.69	6.07	7.02	6.44
2013-05-06	11.07	10.52	11.33	10.73
2013-05-07	11.94	10.91	12.01	11.13
2013-05-08	8.09	7.69	8.49	8.09
2013-05-09	6.71	6.07	7.02	6.45
2013-05-10	6.09	6.05	6.8	6.88
2013-05-11	9	8.42	9.32	8.69
2013-05-12	9.11	8.52	9.41	8.83
2013-05-13	8.74	8.18	9.08	8.51
2013-05-14	6.91	6.31	7.25	6.58
2013-05-15	8.4	7.88	8.74	8.18
2013-05-16	8.69	8.57	9.23	9.01
2013-05-17	12.32	12.1	12.8	12.42
2013-05-18	14.5	14.19	14.83	14.4
2013-05-19	15.13	14.86	15.5	15.11
2013-05-20	11.91	11.7	12.39	12.18
2013-05-21	11.84	11.51	12.19	11.82
2013-05-22	10.94	10.79	11.38	11.07
2013-05-23	8.74	8.39	9.13	8.63
2013-05-24	12.81	12.27	13.04	12.51
2013-05-25	13.26	12.33	13.32	12.48
2013-05-26	13.21	12.85	13.57	13.17
2013-05-27	9.98	9.77	10.41	10.08
2013-05-28	14.28	13.79	14.5	13.99
2013-05-29	15.76	15.33	16.02	15.56
2013-05-30	17.43	17	17.67	17.23
2013-05-31	16.51	16.31	16.82	16.52
2013-06-01	14.44	14.14	14.77	14.42
2013-06-02	15.36	15.19	15.79	15.49
2013-06-03	11.46	10.7	11.69	10.86
2013-06-04	9.29	8.64	9.56	8.74
2013-06-05	10.31	9.85	10.71	10.1
2013-06-06	14.47	14.04	14.79	14.28
2013-06-07	14.9	14.11	15.01	14.23
2013-06-08	12.74	11.9	12.93	12.03
2013-06-09	11.1	10.46	11.34	10.49
2013-06-10	12.19	11.35	12.34	11.37
2013-06-11	11.53	10.73	11.77	10.86
2013-06-12	12.15	11.69	12.56	11.97
2013-06-13	10.33	9.8	10.72	10.03
2013-06-14	12.59	11.86	12.89	12.08
2013-06-15	13.31	12.41	13.46	12.61
2013-06-16	10.5	10.05	10.94	10.28
2013-06-17	12.85	12.15	13.17	12.37
2013-06-18	12.16	11.44	12.42	11.61
2013-06-19	14.7	14.36	15.21	14.72
2013-06-20	15.53	15.07	16	15.5
2013-06-21	14.02	13.9	14.58	14.29
2013-06-22	15.25	14.74	15.63	14.96
2013-06-23	16.21	15.68	16.51	15.81
2013-06-24	16.54	16.04	16.92	16.31
2013-06-25	17.16	16.44	17.34	16.57
2013-06-26	13.46	12.75	13.72	12.89
2013-06-27	16.37	16.03	16.79	16.27
2013-06-28	16.58	16.07	16.93	16.25
2013-06-29	14.51	14.01	14.85	14.2
2013-06-30	15.13	14.78	15.57	15.09
2013-07-01	16.74	16.4	17.12	16.61
2013-07-02	16.24	15.55	16.44	15.62
2013-07-03	14.94	14.32	15.18	14.4
2013-07-04	14.9	14.46	15.29	14.64
2013-07-05	17.01	16.25	17.17	16.34
2013-07-06	15.52	14.95	15.86	15.15
2013-07-07	18.4	17.61	18.56	17.81
2013-07-08	14.02	13.27	14.3	13.49
2013-07-09	16.25	15.46	16.45	15.66
2013-07-10	12.89	12.11	13.08	12.17
2013-07-11	12.59	11.84	12.82	11.97
2013-07-12	15.94	15.47	16.25	15.71
2013-07-13	17.86	17.14	18.06	17.4
2013-07-14	13.22	12.57	13.46	12.7
2013-07-15	13.22	12.42	13.49	12.73
2013-07-16	12.61	11.87	12.93	12.17
2013-07-17	14.23	13.55	14.53	13.8
2013-07-18	11.88	11.22	12.18	11.39
2013-07-19	12.73	12.03	12.95	12.11
2013-07-20	12.36	11.86	12.8	12.24
2013-07-21	12.78	12.07	13.05	12.28
2013-07-22	12.73	12.07	12.99	12.19
2013-07-23	14.4	14.17	14.9	14.43
2013-07-24	17.09	16.88	17.57	17.15
2013-07-25	17.99	17.89	18.48	18.21
2013-07-26	19.56	19.42	20.02	19.81
2013-07-27	19.2	18.79	19.55	19.1
2013-07-28	18.74	18.51	19.23	18.96
2013-07-29	17.48	17.33	18.12	17.81
2013-07-30	16.26	16.04	16.75	16.4
2013-07-31	16.83	16.29	17.09	16.34
2013-08-01	13.93	13.57	14.4	13.81
2013-08-02	17.26	16.73	17.57	16.94
2013-08-03	18.75	18.64	19.36	19.14
2013-08-04	18.42	17.91	18.73	18.05
2013-08-05	17.76	17.11	18.03	17.24
2013-08-06	18.14	17.71	18.53	18
2013-08-07	16.63	15.97	16.92	16.18
2013-08-08	15.27	14.62	15.49	14.68
2013-08-09	13.36	12.68	13.63	12.75
2013-08-10	13.53	12.95	13.89	13.11
2013-08-11	12.94	12.37	13.29	12.48
2013-08-12	12.67	12.07	13.01	12.22
2013-08-13	12.36	11.72	12.71	11.93
2013-08-14	12.43	11.65	12.62	11.65
2013-08-15	13.32	12.43	13.41	12.38
2013-08-16	14.49	13.71	14.69	13.77
2013-08-17	15.05	14.37	15.34	14.49
2013-08-18	15.01	14.28	15.26	14.38
2013-08-19	15.64	15.02	15.95	15.16
2013-08-20	15.92	15.13	16.1	15.24
2013-08-21	14.81	14.02	15.07	14.21
2013-08-22	11.88	11.14	12.15	11.25
2013-08-23	11.89	11.35	12.28	11.52
2013-08-24	12.61	12.33	13.17	12.57
2013-08-25	13.8	13.56	14.39	13.87
2013-08-26	15.43	14.89	15.84	15.08
2013-08-27	15.98	15.4	16.31	15.53
2013-08-28	12.52	11.82	12.82	11.92
2013-08-29	11.43	10.7	11.73	10.94
2013-08-30	11.24	10.48	11.53	10.65
2013-08-31	12.7	12.1	13.07	12.32
2013-09-01	9.27	8.41	9.38	8.38
2013-09-02	9.24	8.62	9.51	8.65
2013-09-03	11.66	10.94	11.94	11.16
2013-09-04	12.19	11.95	12.77	12.36
2013-09-05	14.33	13.62	14.56	13.76
2013-09-06	14.18	13.65	14.56	13.89
2013-09-07	15.39	14.82	15.73	15.04
2013-09-08	15.28	14.89	15.73	15.21
2013-09-09	13.43	13.07	13.85	13.28
2013-09-10	13.62	13.17	13.98	13.38
2013-09-11	12.99	12.75	13.52	13.03
2013-09-12	12.16	11.83	12.63	12.12
2013-09-13	14.02	13.45	14.34	13.62
2013-09-14	13.42	12.98	13.83	13.23
2013-09-15	12.71	12.19	13.08	12.41
2013-09-16	11.63	11	11.94	11.12
2013-09-17	11.13	10.54	11.41	10.64
2013-09-18	10.2	9.39	10.32	9.45
2013-09-19	8.89	8.23	9.17	8.39
2013-09-20	9.58	8.94	9.92	9.08
2013-09-21	9.67	8.92	9.92	9.05
2013-09-22	7.78	6.97	7.98	7.1
2013-09-23	6.59	5.97	6.97	6.26
2013-09-24	4.55	3.87	4.87	4.06
2013-09-25	2.98	2.19	3.22	2.32
2013-09-26	3.24	2.53	3.51	2.66
2013-09-27	4.42	3.75	4.71	3.89
2013-09-28	5.96	5.3	6.24	5.44
2013-09-29	5.96	5.28	6.25	5.37
2013-09-30	4.63	4.11	5	4.26
2013-10-01	5.62	5.18	6.04	5.3
2013-10-02	5.98	5.26	6.22	5.31
2013-10-03	5.68	4.99	6.01	5.23
2013-10-04	6.46	5.9	6.8	6.06
2013-10-05	7.19	6.6	7.45	6.68
2013-10-06	7.32	6.67	7.61	6.81
2013-10-07	9.73	9.18	10.07	9.36
2013-10-08	10.22	9.8	10.69	10.16
2013-10-09	9.14	8.51	9.45	8.77
2013-10-10	4.96	4.34	5.28	4.52
2013-10-11	5.83	5.18	6.09	5.25
2013-10-12	7.71	7.02	7.96	7.13
2013-10-13	7	6.48	7.32	6.61
2013-10-14	5.67	5.18	6	5.23
2013-10-15	4.43	3.83	4.75	3.98
2013-10-16	0.75	0.14	1.1	0.29
2013-10-17	-0.44	-1.04	-0.08	-0.88
2013-10-18	-0.44	-0.98	-0.06	-0.79
2013-10-19	0.03	-0.58	0.36	-0.46
2013-10-20	-1.44	-2.05	-1.08	-1.94
2013-10-21	-2.27	-2.9	-1.9	-2.75
2013-10-22	2.36	1.7	2.67	1.81
2013-10-23	9.48	8.99	9.85	9.28
2013-10-24	7.85	7.19	8.1	7.34
2013-10-25	4.5	3.82	4.75	3.94
2013-10-26	4.13	3.49	4.43	3.63
2013-10-27	5.86	5.3	6.31	5.71
2013-10-28	6.87	6.27	7.15	6.41
2013-10-29	3.63	2.91	3.88	3.08
2013-10-30	1.84	1.15	2.12	1.25
2013-10-31	0.75	0.13	1.15	0.32
2013-11-01	1.16	0.46	1.63	0.6
2013-11-02	0.24	-0.49	0.67	-0.39
2013-11-03	1.32	0.55	1.66	0.53
2013-11-04	3.02	2.31	3.34	2.25
2013-11-05	0.87	0.18	1.21	0.16
2013-11-06	0.07	-0.52	0.44	-0.59
2013-11-07	-0.47	-1.19	-0.14	-1.23
2013-11-08	-0.07	-0.81	0.31	-0.72
2013-11-09	1.82	1.04	2.17	1.07
2013-11-10	-0.14	-0.87	0.18	-0.9
2013-11-11	-1.06	-1.78	-0.76	-1.82
2013-11-12	2.12	1.39	2.52	1.53
2013-11-13	0.41	-0.36	0.71	-0.41
2013-11-14	-0.35	-0.98	0.08	-0.92
2013-11-15	1.17	0.46	1.58	0.58
2013-11-16	5.9	5.15	6.21	5.19
2013-11-17	1.57	0.83	1.91	0.86
2013-11-18	0.97	0.35	1.36	0.35
2013-11-19	0.2	-0.54	0.55	-0.51
2013-11-20	-4.65	-5.99	-4.67	-6.2
2013-11-21	-3.95	-5.28	-3.92	-5.29
2013-11-22	-4.65	-5.79	-4.49	-5.84
2013-11-23	-2.4	-3.15	-2.09	-3.27
2013-11-24	-2.16	-2.93	-1.88	-2.99
2013-11-25	-2.89	-3.7	-2.62	-3.73
2013-11-26	-0.57	-1.22	-0.21	-1.27
2013-11-27	3.7	3.09	4.06	3.07
2013-11-28	1.12	0.44	1.46	0.46
2013-11-29	-2.77	-3.33	-2.33	-3.26
2013-11-30	-1.66	-2.28	-1.28	-2.26
2013-12-01	-0.53	-1.41	-0.28	-1.49
2013-12-02	-0.84	-1.59	-0.51	-1.66
2013-12-03	0.46	-0.33	0.75	-0.43
2013-12-04	-3.74	-4.57	-3.42	-4.66
2013-12-05	-3.96	-5.02	-3.76	-5.08
2013-12-06	-6.59	-7.58	-6.38	-7.71
2013-12-07	-11.22	-12.38	-11.1	-12.6
2013-12-08	-12.43	-13.56	-12.18	-13.77
2013-12-09	-8.72	-9.24	-8.15	-9.44
2013-12-10	-2.15	-2.88	-1.75	-2.86
2013-12-11	0.61	-0.26	0.87	-0.51
2013-12-12	2.83	2.1	3.18	2.06
2013-12-13	-4.97	-6	-4.73	-6.05
2013-12-14	-3.98	-4.89	-3.73	-5.05
2013-12-15	-2.13	-2.83	-1.68	-2.76
2013-12-16	2.01	1.32	2.41	1.36
2013-12-17	-1.83	-2.64	-1.49	-2.73
2013-12-18	-4.82	-5.55	-4.37	-5.74
2013-12-19	-0.77	-1.49	-0.42	-1.55
2013-12-20	-0.65	-1.51	-0.32	-1.49
2013-12-21	-0.45	-1.2	-0.02	-1.09
2013-12-22	1.16	0.34	1.49	0.33
2013-12-23	-4.23	-5.3	-3.9	-5.19
2013-12-24	0.75	0.07	1.16	0.14
2013-12-25	2.28	1.52	2.58	1.5
2013-12-26	0.22	-0.46	0.6	-0.5
2013-12-27	-1.22	-1.84	-0.8	-1.83
2013-12-28	1.89	1.21	2.22	1.15
2013-12-29	0.31	-0.55	0.58	-0.64
2013-12-30	-2.02	-3.09	-1.9	-3.45
2013-12-31	0.64	-0.05	1.04	-0.02
2014-01-01	-2.63	-3.16	-2.23	-2.9
2014-01-02	-2.52	-3.05	-2.21	-2.96
2014-01-03	-2.13	-2.53	-1.75	-2.38
2014-01-04	-1.32	-1.78	-0.97	-1.6
2014-01-05	-2.08	-2.57	-1.69	-2.37
2014-01-06	-2.69	-3.19	-2.34	-3.05
2014-01-07	0.39	-0.1	0.73	0.11
2014-01-08	-1.18	-1.8	-0.89	-1.64
2014-01-09	-4.28	-4.88	-4.01	-4.8
2014-01-10	-10.37	-11.4	-10.32	-11.4
2014-01-11	-14.08	-14.97	-13.9	-15
2014-01-12	-16.15	-16.96	-15.93	-16.89
2014-01-13	-17.8	-18.8	-17.5	-18.48
2014-01-14	-13.51	-14.7	-13.2	-14.19
2014-01-15	-12.02	-12.65	-11.63	-12.49
2014-01-16	-10.77	-11.48	-10.45	-11.39
2014-01-17	-11.19	-12.02	-10.97	-11.93
2014-01-18	-10.46	-11.14	-10.17	-11.07
2014-01-19	-10.23	-10.86	-9.87	-10.87
2014-01-20	-10.79	-11.37	-10.35	-11.35
2014-01-21	-12.05	-12.51	-11.59	-12.47
2014-01-22	-13.4	-13.83	-12.68	-13.7
2014-01-23	-14.59	-15.51	-14.35	-15.77
2014-01-24	-13.96	-14.64	-13.48	-14.4
2014-01-25	-12.36	-12.86	-11.95	-12.72
2014-01-26	-10.57	-11.31	-10.32	-11.26
2014-01-27	-8.07	-8.7	-7.78	-8.6
2014-01-28	-7.2	-7.79	-6.88	-7.69
2014-01-29	-8.69	-9.27	-8.4	-9.25
2014-01-30	-8.3	-8.95	-8.06	-8.99
2014-01-31	-8.63	-9.28	-8.4	-9.32
2014-02-01	-5.4	-6.25	-5.23	-6.22
2014-02-02	-1.86	-2.39	-1.52	-2.2
2014-02-03	-1.08	-1.64	-0.68	-1.35
2014-02-04	-3.43	-4.11	-3.01	-3.75
2014-02-05	-3.8	-4.38	-3.46	-4.19
2014-02-06	-3.99	-4.68	-3.72	-4.57
2014-02-07	-2.46	-3.02	-2.11	-2.81
2014-02-08	-2.1	-2.71	-1.78	-2.51
2014-02-09	-1.64	-2.17	-1.29	-1.95
2014-02-10	-0.74	-1.24	-0.4	-1.04
2014-02-11	-2.23	-2.67	-1.76	-2.41
2014-02-12	-2.83	-3.4	-2.51	-3.24
2014-02-13	-3.02	-3.63	-2.71	-3.45
2014-02-14	-1.37	-1.95	-1.05	-1.75
2014-02-15	-2	-2.55	-1.66	-2.33
2014-02-16	-0.63	-1.11	-0.22	-0.85
2014-02-17	-1.26	-1.92	-0.99	-1.78
2014-02-18	-2.77	-3.54	-2.63	-3.64
2014-02-19	-3	-3.64	-2.73	-3.54
2014-02-20	-6.31	-6.96	-5.99	-6.77
2014-02-21	-3.54	-4.26	-3.29	-4.1
2014-02-22	-1.16	-1.73	-0.84	-1.54
2014-02-23	1.17	0.55	1.45	0.72
2014-02-24	2.95	2.3	3.18	2.41
2014-02-25	-0.25	-0.73	0.12	-0.55
2014-02-26	-1.31	-1.81	-0.94	-1.58
2014-02-27	-1.34	-1.77	-0.93	-1.54
2014-02-28	-1.48	-1.91	-1.08	-1.7
2014-03-01	-1	-1.27	-0.46	-0.86
2014-03-02	-1.46	-1.79	-0.96	-1.44
2014-03-03	-1.01	-1.34	-0.5	-1
2014-03-04	-0.74	-0.9	-0.12	-0.44
2014-03-05	-0.5	-0.74	0.04	-0.4
2014-03-06	1.56	1.24	2.06	1.6
2014-03-07	3.15	2.8	3.6	3.12
2014-03-08	1.95	1.49	2.38	1.78
2014-03-09	3.97	3.46	4.38	3.77
2014-03-10	3.22	2.78	3.65	3.06
2014-03-11	2.29	1.71	2.64	1.88
2014-03-12	4.32	3.73	4.63	3.83
2014-03-13	3.75	3.15	3.92	3.1
2014-03-14	2.2	1.54	2.48	1.79
2014-03-15	-1.26	-2.01	-1.06	-1.88
2014-03-16	-3.65	-4.53	-3.58	-4.54
2014-03-17	-3.9	-4.41	-3.49	-4.13
2014-03-18	-4.16	-4.73	-3.81	-4.49
2014-03-19	-6.64	-7.54	-6.31	-7.2
2014-03-20	-2.42	-2.91	-1.94	-2.47
2014-03-21	3.1	2.56	3.46	2.84
2014-03-22	1.58	1	1.87	1.17
2014-03-23	1.16	0.61	1.46	0.79
2014-03-24	0.74	-0.03	0.91	-0.08
2014-03-25	-0.42	-1.12	-0.24	-1.07
2014-03-26	-1.41	-2.17	-1.38	-2.15
2014-03-27	1.43	0.7	1.42	0.61
2014-03-28	0.79	0.4	1.11	0.58
2014-03-29	3.87	3.15	4.03	3.35
2014-03-30	0.79	0.11	1.02	0.37
2014-03-31	0.11	-0.51	0.32	-0.29
2014-04-01	-0.9	-1.72	-0.83	-1.67
2014-04-02	0.07	-0.77	0.11	-0.65
2014-04-03	-0.06	-0.73	0.16	-0.57
2014-04-04	0.41	-0.06	0.72	0.21
2014-04-05	3.09	2.41	3.35	2.7
2014-04-06	2.28	1.88	2.68	2.27
2014-04-07	-0.27	-0.52	0.27	-0.15
2014-04-08	0.32	-0.02	0.79	0.27
2014-04-09	-0.43	-1.06	-0.12	-0.88
2014-04-10	1.34	0.84	1.74	1.1
2014-04-11	3.65	3.01	3.87	3.23
2014-04-12	3.43	2.71	3.6	2.88
2014-04-13	5.42	4.68	5.55	4.83
2014-04-14	4.32	3.55	4.47	3.68
2014-04-15	2.35	1.62	2.53	1.78
2014-04-16	3.93	3.23	4.07	3.35
2014-04-17	4.89	4.34	5.2	4.5
2014-04-18	4.23	3.78	4.61	4.03
2014-04-19	7.22	6.72	7.54	6.96
2014-04-20	3.9	3.67	4.38	4
2014-04-21	7.91	7.66	8.4	8.15
2014-04-22	6.74	6.15	7.07	6.52
2014-04-23	2.24	2.14	2.89	2.56
2014-04-24	4.26	3.98	4.78	4.27
2014-04-25	7.81	7.54	8.23	7.77
2014-04-26	8.21	8.08	8.66	8.48
2014-04-27	9.2	8.89	9.6	9.34
2014-04-28	8.04	7.52	8.39	7.9
2014-04-29	5.1	4.44	5.39	4.7
2014-04-30	2.08	1.59	2.43	1.85
2014-05-01	2.59	1.85	2.77	2.08
2014-05-02	3.36	2.61	3.57	2.83
2014-05-03	3.15	2.4	3.37	2.62
2014-05-04	2.34	1.68	2.56	1.92
2014-05-05	2.17	1.63	2.5	1.89
2014-05-06	1.95	1.43	2.25	1.65
2014-05-07	2.09	1.45	2.35	1.67
2014-05-08	3.31	2.8	3.55	2.91
2014-05-09	2.54	2	2.88	2.33
2014-05-10	4.43	3.84	4.71	4.17
2014-05-11	4.06	3.7	4.41	3.97
2014-05-12	6.03	5.66	6.37	6.03
2014-05-13	6.82	6.45	7.21	6.82
2014-05-14	4.64	4.12	4.89	4.37
2014-05-15	7.32	6.78	7.63	7.14
2014-05-16	10.31	9.9	10.69	10.37
2014-05-17	13.96	13.32	14.18	13.67
2014-05-18	13	12.94	13.48	13.51
2014-05-19	13.05	12.83	13.43	13.23
2014-05-20	14.23	13.65	14.41	13.96
2014-05-21	14.11	13.86	14.48	14.38
2014-05-22	18.48	18	18.74	18.4
2014-05-23	18.23	18.21	18.76	18.81
2014-05-24	18.09	17.81	18.36	18.2
2014-05-25	9.01	8.82	9.5	9.21
2014-05-26	6.02	5.53	6.41	5.92
2014-05-27	5.83	5.56	6.28	5.89
2014-05-28	5.89	5.7	6.35	5.98
2014-05-29	10.4	9.99	10.7	10.23
2014-05-30	9.08	8.76	9.49	9.07
2014-05-31	9.17	8.51	9.44	8.77
2014-06-01	11.73	11.18	12.04	11.45
2014-06-02	12.27	11.96	12.67	12.28
2014-06-03	13.53	13.18	13.9	13.46
2014-06-04	11.7	11.52	12.19	11.93
2014-06-05	14.72	14.5	15.06	14.76
2014-06-06	15.29	15.14	15.7	15.5
2014-06-07	15.14	14.89	15.48	15.15
2014-06-08	15.44	14.8	15.75	15.1
2014-06-09	16.94	16.18	17.13	16.35
2014-06-10	15.57	15.25	15.99	15.65
2014-06-11	14.1	13.83	14.62	14.27
2014-06-12	15.79	15.02	16.02	15.2
2014-06-13	12.03	11.47	12.34	11.66
2014-06-14	13	12.57	13.32	12.82
2014-06-15	13.5	12.63	13.7	12.88
2014-06-16	10.62	9.8	10.81	9.96
2014-06-17	10.18	9.52	10.53	9.86
2014-06-18	12.84	12.01	13.05	12.23
2014-06-19	11.44	10.71	11.71	10.96
2014-06-20	9.38	8.54	9.58	8.71
2014-06-21	7.76	6.89	7.98	7.1
2014-06-22	8.18	7.56	8.51	7.77
2014-06-23	11.01	10.49	11.32	10.69
2014-06-24	10.42	9.96	10.83	10.22
2014-06-25	10.11	9.75	10.55	10.02
2014-06-26	8.59	8.19	9.04	8.44
2014-06-27	9.49	8.9	9.73	9.01
2014-06-28	10.21	9.8	10.57	9.93
2014-06-29	10.13	9.48	10.35	9.53
2014-06-30	11.08	10.64	11.45	10.78
2014-07-01	12.93	12.14	13.11	12.18
2014-07-02	14.12	13.39	14.36	13.58
2014-07-03	13.32	12.55	13.6	12.69
2014-07-04	14.21	13.61	14.53	13.85
2014-07-05	16.13	15.8	16.57	16.18
2014-07-06	15.48	15.22	15.93	15.55
2014-07-07	16.71	16.44	17.1	16.7
2014-07-08	18.67	18.3	18.96	18.5
2014-07-09	20.36	19.75	20.54	19.85
2014-07-10	19.15	18.76	19.54	19.04
2014-07-11	16.76	16.45	17.21	16.67
2014-07-12	15.63	15.4	16.16	15.68
2014-07-13	16.28	15.84	16.65	15.99
2014-07-14	16.15	15.75	16.65	16.08
2014-07-15	15.38	14.8	15.84	15.15
2014-07-16	16.3	15.61	16.63	15.78
2014-07-17	17.67	17.02	17.93	17.14
2014-07-18	16.01	15.27	16.32	15.41
2014-07-19	16.74	16	16.96	16.1
2014-07-20	17.89	17.35	18.22	17.49
2014-07-21	18.64	18.13	19	18.25
2014-07-22	20.06	19.57	20.41	19.72
2014-07-23	22.32	21.76	22.67	21.91
2014-07-24	21.51	20.8	21.74	20.9
2014-07-25	21.78	21.13	22.07	21.32
2014-07-26	22.92	22.07	23.06	22.3
2014-07-27	21.29	20.6	21.49	20.63
2014-07-28	20.84	19.93	21.01	20.01
2014-07-29	19.57	18.94	19.89	19.17
2014-07-30	19.73	19.17	20.2	19.6
2014-07-31	19.56	18.73	19.8	18.87
2014-08-01	18.88	18.12	19.12	18.3
2014-08-02	19.21	18.76	19.66	19.11
2014-08-03	19.41	19.02	19.81	19.24
2014-08-04	22.2	22.07	22.78	22.53
2014-08-05	22.21	21.76	22.54	21.96
2014-08-06	20.55	19.76	20.65	19.67
2014-08-07	18.7	18.2	19.04	18.42
2014-08-08	19.09	18.37	19.33	18.7
2014-08-09	19.3	18.73	19.59	18.93
2014-08-10	18.79	18.08	19.04	18.18
2014-08-11	16.24	15.62	16.54	15.72
2014-08-12	15.6	14.89	15.87	14.96
2014-08-13	15.23	14.51	15.48	14.58
2014-08-14	14.71	14.1	15.03	14.18
2014-08-15	14.75	14.01	15.04	14.17
2014-08-16	13.77	12.97	14	13.09
2014-08-17	12.4	11.82	12.77	12.02
2014-08-18	12.61	11.95	12.96	12.13
2014-08-19	12.26	11.55	12.54	11.71
2014-08-20	12.01	11.38	12.34	11.52
2014-08-21	12.41	11.76	12.73	11.9
2014-08-22	11.95	11.38	12.32	11.5
2014-08-23	11.39	10.83	11.76	10.99
2014-08-24	11.44	10.83	11.8	10.97
2014-08-25	11.82	11.18	12.13	11.32
2014-08-26	12.79	12.18	13.13	12.35
2014-08-27	13.7	12.97	13.96	13.09
2014-08-28	12.4	11.77	12.74	11.95
2014-08-29	11.73	11.22	12.11	11.37
2014-08-30	10.85	10.36	11.23	10.42
2014-08-31	10.46	9.99	10.92	10.19
2014-09-01	11.2	10.58	11.5	10.68
2014-09-02	13.76	13.1	14.03	13.21
2014-09-03	14.74	14.26	15.09	14.46
2014-09-04	15.01	14.37	15.29	14.51
2014-09-05	14.75	14.14	15.01	14.16
2014-09-06	13.73	13.27	14.07	13.39
2014-09-07	13.08	12.54	13.4	12.7
2014-09-08	13.97	13.43	14.29	13.58
2014-09-09	13.25	12.72	13.59	12.85
2014-09-10	12.75	12.16	12.99	12.21
2014-09-11	14.32	13.74	14.65	13.89
2014-09-12	12.46	11.78	12.72	11.88
2014-09-13	11.47	11.06	11.92	11.24
2014-09-14	13	12.34	13.33	12.5
2014-09-15	12.15	11.87	12.75	12.26
2014-09-16	13.32	12.72	13.76	13.04
2014-09-17	12.54	12.15	13.05	12.35
2014-09-18	11.45	10.92	11.85	11.03
2014-09-19	11.68	10.98	11.99	11.09
2014-09-20	11.38	10.7	11.72	10.83
2014-09-21	9.41	8.72	9.65	8.75
2014-09-22	4.93	4.28	5.26	4.41
2014-09-23	2.13	1.34	2.39	1.49
2014-09-24	2.18	1.37	2.48	1.51
2014-09-25	4.99	4.07	5.25	4.17
2014-09-26	7.34	6.57	7.64	6.74
2014-09-27	9.28	8.54	9.58	8.74
2014-09-28	10.65	9.98	10.95	10.13
2014-09-29	8.2	7.45	8.45	7.52
2014-09-30	5.98	5.22	6.23	5.31
2014-10-01	5.95	5.52	6.35	5.64
2014-10-02	7.65	7.15	8.03	7.31
2014-10-03	7.7	7.18	8.08	7.4
2014-10-04	9.39	9.08	9.88	9.4
2014-10-05	9.06	8.74	9.5	8.99
2014-10-06	5.69	5.17	6.02	5.31
2014-10-07	5.02	4.4	5.32	4.53
2014-10-08	6.72	6.01	7	6.28
2014-10-09	6.48	5.77	6.75	5.99
2014-10-10	6.72	6.15	7.04	6.43
2014-10-11	5.99	5.59	6.49	6.06
2014-10-12	6.21	5.61	6.52	5.8
2014-10-13	4.83	4.29	5.19	4.53
2014-10-14	4.73	4.25	5.12	4.5
2014-10-15	1.81	1.29	2.15	1.49
2014-10-16	0.36	-0.33	0.63	-0.17
2014-10-17	0.56	-0.15	0.84	0.03
2014-10-18	2.7	2.01	2.98	2.16
2014-10-19	6.09	5.49	6.5	5.98
2014-10-20	1.92	1.22	2.2	1.43
2014-10-21	1.28	0.57	1.56	0.74
2014-10-22	0.81	0.17	1.09	0.27
2014-10-23	0.58	0.01	0.87	0.06
2014-10-24	4.42	3.93	4.77	4.1
2014-10-25	7.1	6.61	7.4	6.75
2014-10-26	8.45	7.88	8.72	8.04
2014-10-27	7.92	7.35	8.33	7.76
2014-10-28	12.29	11.72	12.54	11.9
2014-10-29	4.15	3.47	4.38	3.56
2014-10-30	2.49	1.82	2.69	1.78
2014-10-31	0.64	-0.04	0.85	-0.02
2014-11-01	1.17	0.49	1.48	0.46
2014-11-02	7.07	6.4	7.38	6.53
2014-11-03	7.06	6.43	7.33	6.46
2014-11-04	1.29	0.49	1.58	0.64
2014-11-05	-3.27	-4.47	-3.09	-4.3
2014-11-06	-3.43	-4.6	-3.21	-4.45
2014-11-07	-2.73	-3.54	-2.44	-3.48
2014-11-08	-1.2	-1.8	-0.79	-1.74
2014-11-09	2.88	2.43	3.29	2.54
2014-11-10	3.3	2.73	3.64	2.79
2014-11-11	2.25	1.47	2.55	1.57
2014-11-12	-0.19	-0.82	0.17	-0.77
2014-11-13	-0.88	-1.62	-0.57	-1.57
2014-11-14	0.98	0.24	1.31	0.34
2014-11-15	1.74	1.07	2.07	1.17
2014-11-16	1.85	1.26	2.2	1.3
2014-11-17	0.23	-0.39	0.61	-0.31
2014-11-18	0.68	0.01	1	0.04
2014-11-19	0.32	-0.27	0.67	-0.21
2014-11-20	-0.58	-1.21	-0.22	-1.13
2014-11-21	-1.39	-2.06	-1.06	-1.92
2014-11-22	-1.85	-2.39	-1.46	-2.29
2014-11-23	-0.86	-1.45	-0.48	-1.39
2014-11-24	1.65	0.91	1.9	0.93
2014-11-25	-0.06	-0.72	0.28	-0.69
2014-11-26	-1.54	-2.35	-1.34	-2.44
2014-11-27	-3.94	-4.86	-3.71	-4.91
2014-11-28	-2.76	-3.36	-2.36	-3.28
2014-11-29	-3.67	-4.25	-3.28	-4.19
2014-11-30	-3.24	-3.74	-2.81	-3.71
2014-12-01	-4.39	-4.96	-3.94	-4.86
2014-12-02	-2.58	-3.17	-2.21	-3.14
2014-12-03	-0.82	-1.34	-0.46	-1.45
2014-12-04	0.8	0.31	1.21	0.26
2014-12-05	-2.49	-3.05	-2.1	-3.03
2014-12-06	-2.93	-3.51	-2.51	-3.45
2014-12-07	-0.86	-1.41	-0.4	-1.21
2014-12-08	-2.7	-3.55	-2.4	-3.4
2014-12-09	-4.42	-5.16	-4.09	-5.12
2014-12-10	-0.95	-1.46	-0.53	-1.36
2014-12-11	-0.75	-1.33	-0.39	-1.29
2014-12-12	-1.93	-2.44	-1.51	-2.36
2014-12-13	-3.51	-4.13	-3.17	-4.05
2014-12-14	-4.32	-5.25	-4.15	-5.22
2014-12-15	-0.11	-0.65	0.26	-0.59
2014-12-16	-2.83	-3.66	-2.62	-3.63
2014-12-17	-7.97	-9.02	-7.86	-9.12
2014-12-18	-6.21	-6.99	-5.83	-6.79
2014-12-19	-5.48	-6.55	-5.32	-6.49
2014-12-20	-5.96	-6.85	-5.71	-6.81
2014-12-21	-6.21	-7.15	-6.05	-7.18
2014-12-22	-4.64	-5.48	-4.31	-5.39
2014-12-23	-5.77	-6.63	-5.74	-7.23
2014-12-24	-10.35	-11.18	-10.03	-11.05
2014-12-25	-13.92	-14.99	-13.76	-15.08
2014-12-26	-8.72	-9.48	-8.44	-9.53
2014-12-27	-14.4	-15.37	-14.07	-15.18
2014-12-28	-18.49	-19.74	-18.16	-19.5
2014-12-29	-10.2	-10.4	-9.46	-10.25
2014-12-30	1.05	0.48	1.35	0.39
2014-12-31	1.17	0.7	1.57	0.68
2015-01-01	-1.53	-2.02	-1.18	-2.03
2015-01-02	-0.51	-1.09	-0.2	-0.97
2015-01-03	-2.83	-3.56	-2.63	-3.56
2015-01-04	-4.97	-5.71	-4.78	-5.75
2015-01-05	-9.5	-10.3	-9.41	-10.27
2015-01-06	-6.25	-6.61	-5.76	-6.46
2015-01-07	-3.9	-4.48	-3.49	-4.22
2015-01-08	-3.29	-3.91	-2.93	-3.89
2015-01-09	-6.45	-7.19	-6.23	-7.31
2015-01-10	-7.55	-8.43	-7.28	-8.3
2015-01-11	-11.28	-12.27	-11.1	-12.15
2015-01-12	-13.83	-14.72	-13.47	-14.56
2015-01-13	-8.12	-8.7	-7.62	-8.41
2015-01-14	-6.25	-6.96	-5.73	-6.55
2015-01-15	-4.35	-5	-3.96	-4.8
2015-01-16	-0.6	-1.09	-0.24	-0.96
2015-01-17	-3.34	-3.97	-3.05	-3.94
2015-01-18	-6.81	-7.61	-6.66	-7.81
2015-01-19	-7.85	-8.71	-7.61	-8.61
2015-01-20	-6.6	-7.39	-6.32	-7.29
2015-01-21	-5.61	-6.24	-5.31	-6.17
2015-01-22	-8.88	-9.76	-8.67	-9.65
2015-01-23	-14.68	-15.33	-14.17	-15.07
2015-01-24	-6.23	-6.6	-5.73	-6.36
2015-01-25	-8.75	-9.47	-8.45	-9.43
2015-01-26	-4.7	-5.04	-4.21	-4.84
2015-01-27	-5.66	-6.4	-5.39	-6.37
2015-01-28	-2.72	-3.11	-2.28	-2.96
2015-01-29	-2.3	-2.76	-1.94	-2.67
2015-01-30	-4.55	-5.08	-4.21	-5.01
2015-01-31	-3.86	-4.6	-3.63	-4.53
2015-02-01	-5.72	-6.56	-5.56	-6.44
2015-02-02	-9.8	-10.56	-9.59	-10.43
2015-02-03	-11.86	-12.68	-11.66	-12.55
2015-02-04	-12.16	-12.91	-11.88	-12.78
2015-02-05	-9.87	-10.71	-9.7	-10.8
2015-02-06	0.22	-0.1	0.51	-0.17
2015-02-07	-2.03	-2.68	-1.79	-2.59
2015-02-08	-4.71	-5.21	-4.38	-5.1
2015-02-09	1.73	1.28	2	1.28
2015-02-10	1.44	0.99	1.73	1.01
2015-02-11	0.29	-0.28	0.64	-0.07
2015-02-12	-2.75	-3.43	-2.39	-3.02
2015-02-13	-4.52	-5.02	-3.99	-4.59
2015-02-14	-4.42	-5.11	-3.97	-4.67
2015-02-15	-7.99	-8.67	-7.57	-8.45
2015-02-16	-6.77	-7.38	-6.51	-7.31
2015-02-17	-2.45	-2.98	-2.14	-2.83
2015-02-18	-0.99	-1.58	-0.69	-1.38
2015-02-19	1.64	1.16	2.01	1.4
2015-02-20	-0.46	-1.03	-0.13	-0.82
2015-02-21	-2.51	-3.12	-2.1	-2.8
2015-02-22	-5.15	-5.86	-4.78	-5.59
2015-02-23	-3.72	-4.28	-3.34	-4
2015-02-24	-1.7	-2.11	-1.33	-1.92
2015-02-25	-0.68	-1.12	-0.28	-0.85
2015-02-26	-0.57	-1.05	-0.22	-0.83
2015-02-27	-1.53	-1.96	-1.17	-1.78
2015-02-28	-1.87	-2.36	-1.53	-2.17
2015-03-01	0.58	0.11	0.9	0.31
2015-03-02	0.78	0.28	1.09	0.45
2015-03-03	-0.84	-1.39	-0.4	-0.91
2015-03-04	-0.59	-1.19	-0.3	-0.97
2015-03-05	-0.05	-0.74	0.15	-0.65
2015-03-06	1.24	0.68	1.55	0.94
2015-03-07	2.94	2.43	3.25	2.65
2015-03-08	4.54	3.92	4.77	4.08
2015-03-09	0.86	0.23	1.17	0.39
2015-03-10	2.67	2.02	2.92	2.21
2015-03-11	1.08	0.4	1.32	0.62
2015-03-12	0.74	0.15	1.1	0.39
2015-03-13	-0.54	-0.81	-0.06	-0.5
2015-03-14	-0.79	-1.14	-0.43	-1.07
2015-03-15	-1.5	-1.67	-0.87	-1.46
2015-03-16	-1.17	-1.44	-0.58	-1
2015-03-17	0.07	-0.15	0.73	0.33
2015-03-18	1.49	1	1.9	1.32
2015-03-19	2	1.31	2.27	1.54
2015-03-20	-0.67	-1.33	-0.42	-1.11
2015-03-21	-4.77	-5.39	-4.5	-5.09
2015-03-22	-0.93	-1.53	-0.69	-1.41
2015-03-23	2.78	2.19	3.06	2.43
2015-03-24	0.89	0.26	1.13	0.42
2015-03-25	-4.04	-4.84	-3.82	-4.84
2015-03-26	-1.94	-2.73	-1.76	-2.65
2015-03-27	0.17	-0.41	0.45	-0.21
2015-03-28	1.17	0.63	1.5	0.83
2015-03-29	0.39	-0.07	0.73	0.13
2015-03-30	1.08	0.6	1.42	0.83
2015-03-31	0.7	-0.06	0.87	0.08
2015-04-01	-1.15	-1.64	-0.82	-1.3
2015-04-02	0.22	-0.23	0.62	0.06
2015-04-03	0.35	-0.11	0.73	0.16
2015-04-04	-0.69	-1.1	-0.25	-0.77
2015-04-05	-0.4	-0.74	0.11	-0.42
2015-04-06	2.5	2.15	2.97	2.45
2015-04-07	4.55	4.06	4.94	4.29
2015-04-08	3.07	2.46	3.4	2.67
2015-04-09	4.01	3.36	4.32	3.56
2015-04-10	4.65	4.11	4.97	4.28
2015-04-11	4.1	3.74	4.54	3.96
2015-04-12	1.92	1.52	2.35	1.76
2015-04-13	1.97	1.39	2.25	1.49
2015-04-14	1.01	0.42	1.3	0.51
2015-04-15	3.5	2.98	3.82	3.16
2015-04-16	2.69	2.15	3.01	2.37
2015-04-17	2.96	2.57	3.26	2.83
2015-04-18	3.49	2.8	3.64	2.95
2015-04-19	6.33	5.58	6.41	5.78
2015-04-20	6.53	5.69	6.54	5.86
2015-04-21	6.54	5.62	6.36	5.72
2015-04-22	6.19	5.5	6.42	5.81
2015-04-23	4.09	3.42	4.37	3.75
2015-04-24	3.18	2.57	3.43	2.84
2015-04-25	2.48	2.09	2.91	2.54
2015-04-26	5.75	5.3	6.19	5.74
2015-04-27	3.15	3.03	3.65	3.57
2015-04-28	3.13	2.92	3.59	3.25
2015-04-29	3.2	2.85	3.59	3.18
2015-04-30	3.46	3.05	3.89	3.39
2015-05-01	3.71	3.34	4.04	3.63
2015-05-02	3.85	3.26	4.11	3.51
2015-05-03	4.41	3.91	4.69	4.21
2015-05-04	4.34	4.06	4.75	4.45
2015-05-05	4.46	4.21	4.98	4.78
2015-05-06	6.11	5.69	6.53	6.21
2015-05-07	8.27	7.78	8.54	8.03
2015-05-08	5.81	5.27	6.07	5.53
2015-05-09	6.15	5.72	6.52	6.14
2015-05-10	3.57	3.36	4.02	3.74
2015-05-11	7.6	6.97	7.8	7.23
2015-05-12	9.88	9.34	10.05	9.53
2015-05-13	8.54	7.98	8.77	8.19
2015-05-14	5.52	4.85	5.71	5.06
2015-05-15	5.37	5.01	5.7	5.3
2015-05-16	4.52	4.26	4.94	4.63
2015-05-17	3.76	3.45	4.18	3.75
2015-05-18	5.23	4.89	5.58	5.25
2015-05-19	5.07	4.84	5.47	5.14
2015-05-20	6.59	6.1	6.93	6.47
2015-05-21	9.19	8.6	9.39	8.86
2015-05-22	9.55	8.86	9.68	9.03
2015-05-23	6.59	5.97	6.88	6.32
2015-05-24	7.72	7.41	8.12	7.82
2015-05-25	8.11	7.78	8.54	8.19
2015-05-26	8.22	7.79	8.57	8.21
2015-05-27	8.67	8.09	8.98	8.43
2015-05-28	8.71	8.32	9.07	8.72
2015-05-29	8.2	7.65	8.5	7.97
2015-05-30	7.66	7.25	7.94	7.47
2015-05-31	6.87	6.39	7.25	6.79
2015-06-01	9.05	8.49	9.37	8.71
2015-06-02	8.98	8.51	9.3	8.68
2015-06-03	9.1	8.52	9.38	8.69
2015-06-04	10.04	9.35	10.31	9.6
2015-06-05	10.75	10.19	11.09	10.51
2015-06-06	10.51	10.04	10.93	10.38
2015-06-07	10.22	9.57	10.45	9.7
2015-06-08	9.12	8.45	9.37	8.61
2015-06-09	10.5	9.79	10.73	10.05
2015-06-10	11.53	10.87	11.86	11.23
2015-06-11	11.65	10.93	11.94	11.28
2015-06-12	11.82	11.5	12.26	11.98
2015-06-13	11.31	10.62	11.57	10.88
2015-06-14	6.98	6.39	7.27	6.53
2015-06-15	8.42	7.73	8.7	8
2015-06-16	8.5	7.79	8.76	8.05
2015-06-17	8.66	8.23	9.02	8.53
2015-06-18	8.57	8.14	8.9	8.25
2015-06-19	11.46	11.21	11.91	11.42
2015-06-20	12.31	12.06	12.75	12.37
2015-06-21	13.42	13.21	13.83	13.47
2015-06-22	10.44	10.33	10.97	10.6
2015-06-23	10.6	10.44	11.12	10.77
2015-06-24	12.41	12.23	12.93	12.61
2015-06-25	12.05	11.27	12.25	11.47
2015-06-26	10.43	9.77	10.66	9.86
2015-06-27	11.41	10.81	11.69	10.92
2015-06-28	16.02	15.45	16.33	15.81
2015-06-29	15.45	14.81	15.65	14.93
2015-06-30	14.44	13.66	14.62	13.79
2015-07-01	14.92	14.64	15.34	15
2015-07-02	20.72	20.34	21.05	20.64
2015-07-03	22.56	21.82	22.71	22.01
2015-07-04	17.85	17.02	18.08	17.33
2015-07-05	13.97	13.59	14.43	13.99
2015-07-06	12.5	12.01	12.89	12.28
2015-07-07	12.5	11.92	12.84	12.11
2015-07-08	10.22	9.82	10.57	9.92
2015-07-09	9.87	9.13	10	9.07
2015-07-10	10.61	9.8	10.68	9.65
2015-07-11	13.16	12.53	13.41	12.69
2015-07-12	11.16	10.86	11.61	11.08
2015-07-13	13.03	12.7	13.46	12.98
2015-07-14	13.86	13.37	14.18	13.64
2015-07-15	14.25	13.64	14.51	13.92
2015-07-16	11.1	10.55	11.42	10.71
2015-07-17	12.11	11.42	12.37	11.61
2015-07-18	12.44	11.84	12.8	12.16
2015-07-19	13	12.45	13.44	12.86
2015-07-20	13.66	13.01	13.98	13.28
2015-07-21	12.3	11.76	12.59	11.93
2015-07-22	12.73	12.27	13.1	12.55
2015-07-23	11.7	11.19	12.08	11.4
2015-07-24	12.46	11.82	12.79	12.08
2015-07-25	12.73	12.28	13.08	12.5
2015-07-26	11.57	11.05	11.96	11.28
2015-07-27	13.43	12.92	13.8	13.16
2015-07-28	13.09	12.62	13.44	12.88
2015-07-29	13.05	12.61	13.37	12.81
2015-07-30	11.39	10.75	11.7	10.98
2015-07-31	10.45	9.84	10.79	10.12
2015-08-01	12.9	11.96	13.02	12.05
2015-08-02	13.02	12.42	13.34	12.56
2015-08-03	13.29	12.5	13.56	12.72
2015-08-04	15.94	15.5	16.35	15.79
2015-08-05	13.96	13.32	14.28	13.45
2015-08-06	16.11	15.49	16.42	15.63
2015-08-07	18.03	17.33	18.26	17.47
2015-08-08	15.7	14.96	15.93	15.09
2015-08-09	14.34	13.72	14.65	13.89
2015-08-10	16.04	15.43	16.32	15.53
2015-08-11	16.32	15.81	16.69	15.97
2015-08-12	13.51	12.71	13.72	12.79
2015-08-13	13.77	12.99	14.01	13.15
2015-08-14	15.7	15.39	16.17	15.66
2015-08-15	14.55	14.06	14.95	14.27
2015-08-16	14.26	13.74	14.59	13.91
2015-08-17	14.54	14.07	14.93	14.15
2015-08-18	14.03	13.69	14.52	13.91
2015-08-19	16.13	15.75	16.64	15.99
2015-08-20	16.94	16.52	17.37	16.69
2015-08-21	17.56	16.98	17.93	17.15
2015-08-22	17.54	16.98	17.92	17.17
2015-08-23	16.65	16.25	17.06	16.51
2015-08-24	15.93	15.32	16.22	15.42
2015-08-25	17.49	16.96	17.8	17.08
2015-08-26	16.09	15.48	16.41	15.59
2015-08-27	15.34	14.76	15.69	14.91
2015-08-28	13.32	12.51	13.55	12.59
2015-08-29	14.48	13.61	14.67	13.73
2015-08-30	14.07	13.49	14.43	13.72
2015-08-31	14.41	13.52	14.64	13.72
2015-09-01	12.58	11.95	12.93	12.19
2015-09-02	11.01	10.31	11.28	10.39
2015-09-03	11.11	10.48	11.4	10.55
2015-09-04	12.45	11.78	12.75	11.89
2015-09-05	11.42	10.77	11.73	10.88
2015-09-06	10.12	9.28	10.31	9.34
2015-09-07	9.48	8.66	9.69	8.75
2015-09-08	9.88	9.19	10.17	9.32
2015-09-09	11.65	11.04	11.99	11.22
2015-09-10	12.35	11.9	12.75	12.16
2015-09-11	11.83	11.33	12.17	11.47
2015-09-12	11.94	11.37	12.29	11.52
2015-09-13	11.85	11.33	12.25	11.51
2015-09-14	12	11.43	12.35	11.59
2015-09-15	11.85	11.26	12.16	11.37
2015-09-16	11.24	10.64	11.57	10.81
2015-09-17	12.3	11.69	12.64	11.88
2015-09-18	12.6	12.04	12.97	12.23
2015-09-19	10.78	9.95	11.01	10.07
2015-09-20	9.4	8.68	9.65	8.75
2015-09-21	8.97	8.37	9.33	8.52
2015-09-22	9.48	8.86	9.85	9.04
2015-09-23	10.23	9.65	10.59	9.79
2015-09-24	10.39	9.92	10.78	10.05
2015-09-25	10.22	9.6	10.56	9.74
2015-09-26	8.66	7.95	8.96	8.07
2015-09-27	9.46	8.79	9.75	8.86
2015-09-28	8.5	7.91	8.85	8.08
2015-09-29	9.64	9.04	10.02	9.21
2015-09-30	11.73	11.18	12.1	11.36
2015-10-01	12.49	11.9	12.84	12.24
2015-10-02	11.14	10.49	11.43	10.73
2015-10-03	8.23	7.66	8.54	7.83
2015-10-04	7.82	7.19	8.13	7.41
2015-10-05	4.39	3.82	4.77	4.05
2015-10-06	3.54	2.83	3.87	3.05
2015-10-07	3.81	3.04	4.12	3.12
2015-10-08	3.77	2.93	4.01	2.98
2015-10-09	3.73	3.09	4.03	3.13
2015-10-10	4.3	3.77	4.65	3.9
2015-10-11	3.8	3.47	4.3	3.83
2015-10-12	3.88	3.27	4.31	3.57
2015-10-13	3.63	3.05	4.06	3.21
2015-10-14	3.83	3.14	4.17	3.24
2015-10-15	2.48	1.9	2.8	1.98
2015-10-16	3.01	2.51	3.4	2.48
2015-10-17	4.21	3.57	4.42	3.48
2015-10-18	4.97	4.35	5.24	4.41
2015-10-19	3.09	2.35	3.33	2.43
2015-10-20	2.55	1.98	2.9	2.2
2015-10-21	5	4.26	5.24	4.46
2015-10-22	7.49	6.88	7.81	7.15
2015-10-23	6.42	5.76	6.68	5.88
2015-10-24	5.67	5.16	6.06	5.4
2015-10-25	5.56	4.92	5.81	5.06
2015-10-26	3.13	2.37	3.3	2.39
2015-10-27	2.43	1.79	2.7	1.96
2015-10-28	0.47	0.14	0.93	0.33
2015-10-29	0.48	-0.07	0.84	0.19
2015-10-30	1.87	1.35	2.26	1.57
2015-10-31	6.1	5.68	6.48	5.91
2015-11-01	7.09	6.42	7.41	6.53
2015-11-02	8.89	8.34	9.23	8.38
2015-11-03	6.01	5.34	6.35	5.4
2015-11-04	4.49	3.67	4.69	3.58
2015-11-05	2.39	1.63	2.68	1.64
2015-11-06	3.95	3.18	4.25	3.26
2015-11-07	4.62	3.91	4.9	4
2015-11-08	2.78	2.01	3	2.03
2015-11-09	3.25	2.52	3.55	2.62
2015-11-10	0.95	0.22	1.28	0.37
2015-11-11	0.28	-0.41	0.56	-0.37
2015-11-12	-0.76	-1.42	-0.4	-1.37
2015-11-13	0.62	0.05	1.05	0.18
2015-11-14	-1.56	-2.17	-1.2	-2.13
2015-11-15	-0.61	-1.16	-0.23	-1.12
2015-11-16	0.51	-0.16	0.87	-0.11
2015-11-17	0.91	0.17	1.19	0.19
2015-11-18	0.78	0	1.05	0.04
2015-11-19	-2.16	-2.87	-1.88	-2.83
2015-11-20	-3.62	-4.47	-3.37	-4.44
2015-11-21	-4.38	-5.17	-4.09	-5.12
2015-11-22	-5.82	-6.63	-5.44	-6.47
2015-11-23	-5.69	-6.47	-5.37	-6.47
2015-11-24	-1.5	-2.02	-1.03	-1.84
2015-11-25	0.26	-0.32	0.67	-0.18
2015-11-26	-1.62	-2.25	-1.25	-2.22
2015-11-27	4.66	4.04	5.03	4.17
2015-11-28	2.4	1.56	2.65	1.65
2015-11-29	-0.35	-0.86	0.06	-0.79
2015-11-30	-1.88	-2.67	-1.58	-2.62
2015-12-01	-1.32	-2.06	-1.07	-2.17
2015-12-02	-2.48	-3.12	-2.14	-3.14
2015-12-03	-2.5	-3.29	-2.19	-3.31
2015-12-04	-2.77	-3.58	-2.48	-3.57
2015-12-05	1.08	0.34	1.52	0.6
2015-12-06	1.29	0.46	1.62	0.65
2015-12-07	0.66	-0.27	0.82	-0.32
2015-12-08	-0.66	-1.48	-0.42	-1.41
2015-12-09	2.18	1.33	2.36	1.27
2015-12-10	2.5	1.69	2.74	1.7
2015-12-11	-1.95	-2.57	-1.52	-2.5
2015-12-12	-2.56	-3.2	-2.24	-3.25
2015-12-13	-5.84	-6.47	-5.44	-6.39
2015-12-14	-6.63	-7.55	-6.43	-7.6
2015-12-15	-4.08	-4.81	-3.77	-4.84
2015-12-16	-3.47	-4.2	-3.24	-4.44
2015-12-17	-4.56	-5.31	-4.16	-5.12
2015-12-18	-1.46	-1.95	-0.96	-1.75
2015-12-19	-0.4	-0.98	-0.01	-0.88
2015-12-20	5.39	4.71	5.73	4.85
2015-12-21	1.89	1.1	2.19	1.15
2015-12-22	-0.83	-1.43	-0.46	-1.43
2015-12-23	-1.9	-2.72	-1.54	-2.61
2015-12-24	0.32	-0.36	0.66	-0.32
2015-12-25	1.47	0.71	1.75	0.75
2015-12-26	-4.12	-4.92	-3.85	-4.91
2015-12-27	-8.21	-9.05	-7.89	-9.01
2015-12-28	-7.62	-8.4	-7.17	-8.25
2015-12-29	-6.37	-6.95	-5.93	-6.88
2015-12-30	-4.07	-4.59	-3.68	-4.57
2015-12-31	-3.97	-4.63	-3.71	-4.81
2016-01-01	-3.75	-4.29	-3.5	-4.34
2016-01-02	-6.16	-6.76	-5.95	-6.84
2016-01-03	-10.99	-11.8	-10.88	-11.9
2016-01-04	-10.54	-11.49	-10.43	-11.48
2016-01-05	-15.56	-16.55	-15.4	-16.45
2016-01-06	-20.2	-20.89	-19.81	-20.74
2016-01-07	-20.24	-20.75	-19.82	-20.73
2016-01-08	-19.22	-20.1	-19.01	-20.05
2016-01-09	-23.55	-24.64	-23.21	-24.36
2016-01-10	-13.97	-14.7	-13.48	-14.38
2016-01-11	-7.43	-8.18	-7.16	-8.01
2016-01-12	-9.49	-10.3	-9.3	-10.22
2016-01-13	-16.6	-17.42	-16.38	-17.36
2016-01-14	-19.92	-20.85	-19.76	-20.88
2016-01-15	-17.44	-18.43	-17.33	-18.45
2016-01-16	-15.19	-15.97	-14.93	-15.88
2016-01-17	-11.04	-11.49	-10.62	-11.39
2016-01-18	-10.85	-11.17	-10.31	-10.86
2016-01-19	-12.77	-13.2	-12.31	-13.2
2016-01-20	-12.58	-12.77	-11.92	-12.44
2016-01-21	-12.75	-12.96	-12.07	-12.67
2016-01-22	-14.37	-15.21	-13.85	-15
2016-01-23	-7.61	-8.12	-7.23	-7.96
2016-01-24	-9.45	-10.22	-9.2	-10.2
2016-01-25	-10.06	-10.63	-9.63	-10.35
2016-01-26	-1.02	-1.43	-0.64	-1.29
2016-01-27	-1.69	-2.05	-1.29	-1.89
2016-01-28	-4.4	-5.08	-4.14	-4.97
2016-01-29	-2.36	-2.91	-2	-2.7
2016-01-30	-2.22	-2.8	-2	-2.83
2016-01-31	-7.73	-8.42	-7.48	-8.45
2016-02-01	-6.43	-7.12	-6.14	-7.09
2016-02-02	-7.02	-7.6	-6.7	-7.42
2016-02-03	-6.46	-7.04	-6.15	-6.87
2016-02-04	-3.17	-3.83	-2.93	-3.71
2016-02-05	-4.52	-4.93	-4.16	-4.85
2016-02-06	-1.12	-1.54	-0.68	-1.19
2016-02-07	1.44	1.02	1.84	1.31
2016-02-08	0.62	0.2	1	0.42
2016-02-09	-0.23	-0.64	0.17	-0.38
2016-02-10	-0.63	-1.18	-0.29	-0.91
2016-02-11	-2.23	-3.03	-2.08	-2.97
2016-02-12	-4.63	-5.4	-4.46	-5.32
2016-02-13	-5.6	-6.24	-5.32	-6.2
2016-02-14	-9.47	-10.31	-9.4	-10.56
2016-02-15	-8.88	-9.43	-8.53	-9.26
2016-02-16	-7.07	-7.69	-6.74	-7.57
2016-02-17	-2.24	-2.67	-1.82	-2.42
2016-02-18	-6.12	-6.83	-5.85	-6.71
2016-02-19	-5.71	-6.38	-5.24	-5.89
2016-02-20	-2.96	-3.44	-2.58	-3.17
2016-02-21	-1.96	-2.48	-1.62	-2.26
2016-02-22	-2.9	-3.4	-2.56	-3.17
2016-02-23	-3.73	-4.27	-3.39	-4.09
2016-02-24	-2.58	-3.27	-2.38	-3.21
2016-02-25	-4.15	-4.82	-3.85	-4.57
2016-02-26	-9.42	-10.27	-9.02	-9.8
2016-02-27	-7.86	-8.54	-7.52	-8.32
2016-02-28	-5.5	-5.91	-5.06	-5.64
2016-02-29	-5.08	-5.57	-4.75	-5.52
2016-03-01	-4	-4.57	-3.71	-4.43
2016-03-02	-4.11	-4.76	-3.87	-4.67
2016-03-03	-2.77	-3.37	-2.47	-3.17
2016-03-04	-1.7	-2.27	-1.42	-2.09
2016-03-05	-1.39	-1.88	-1.07	-1.73
2016-03-06	-2.05	-2.59	-1.76	-2.45
2016-03-07	-1.38	-1.92	-1.1	-1.75
2016-03-08	-1.21	-1.68	-0.87	-1.48
2016-03-09	-1.39	-1.99	-1.13	-1.85
2016-03-10	-3.32	-4.25	-3.13	-4.08
2016-03-11	-3.9	-4.63	-3.62	-4.46
2016-03-12	-3.58	-4.39	-3.35	-4.21
2016-03-13	0.06	-0.54	0.44	-0.2
2016-03-14	2.93	2.49	3.3	2.72
2016-03-15	3.36	2.81	3.64	2.96
2016-03-16	2.58	2.05	2.87	2.16
2016-03-17	2.34	1.84	2.63	1.96
2016-03-18	-2.78	-3.24	-2.38	-2.96
2016-03-19	-2.83	-3.31	-2.45	-2.97
2016-03-20	-1.77	-2.2	-1.36	-1.87
2016-03-21	-2.83	-3.32	-2.37	-2.88
2016-03-22	-2.86	-3.49	-2.54	-3.19
2016-03-23	-2.14	-2.71	-1.75	-2.38
2016-03-24	-1.2	-1.75	-0.79	-1.49
2016-03-25	0.66	-0.07	0.92	0.18
2016-03-26	1.75	1.14	2.04	1.31
2016-03-27	3.51	3.03	3.8	3.2
2016-03-28	2.3	1.86	2.6	2.06
2016-03-29	1.4	1.15	1.88	1.53
2016-03-30	0.39	0.05	0.89	0.32
2016-03-31	0.16	-0.29	0.45	-0.09
2016-04-01	0.07	-0.23	0.61	0.23
2016-04-02	1.2	0.93	1.77	1.41
2016-04-03	1.79	1.69	2.37	2.27
2016-04-04	0.85	0.57	1.34	0.91
2016-04-05	1.97	1.68	2.47	2.1
2016-04-06	1.35	0.92	1.75	1.21
2016-04-07	3.68	2.96	3.79	3.14
2016-04-08	2.66	1.88	2.74	2.01
2016-04-09	2.74	1.7	2.61	1.73
2016-04-10	3.39	2.36	3.26	2.38
2016-04-11	4.58	3.93	4.73	4.05
2016-04-12	4.06	3.3	4.24	3.54
2016-04-13	2.18	1.6	2.48	1.87
2016-04-14	-0.1	-0.64	0.19	-0.33
2016-04-15	3.69	3.1	4.01	3.45
2016-04-16	3.77	3.35	4.16	3.62
2016-04-17	3.19	2.8	3.53	2.97
2016-04-18	4.03	3.66	4.49	4.1
2016-04-19	3.71	3.12	3.96	3.31
2016-04-20	4.02	3.26	4.18	3.38
2016-04-21	4.09	3.53	4.37	3.71
2016-04-22	2	1.58	2.45	1.92
2016-04-23	1.61	1.05	1.93	1.24
2016-04-24	0.97	0.6	1.42	0.87
2016-04-25	0.48	-0.07	0.87	0.22
2016-04-26	2.22	1.89	2.68	2.17
2016-04-27	1.89	1.26	2.17	1.4
2016-04-28	3.52	3.07	3.86	3.2
2016-04-29	4.03	3.67	4.48	3.99
2016-04-30	4.17	4	4.64	4.33
2016-05-01	4.02	3.82	4.52	4.27
2016-05-02	7.18	6.66	7.47	6.91
2016-05-03	8.96	8.59	9.32	8.94
2016-05-04	10.5	9.79	10.67	10.08
2016-05-05	10.7	10.2	10.99	10.44
2016-05-06	11.49	10.91	11.75	11.22
2016-05-07	12.67	12.2	13.02	12.53
2016-05-08	15.06	14.49	15.31	14.78
2016-05-09	12.52	12.41	13.05	12.99
2016-05-10	10.87	10.36	11.24	10.81
2016-05-11	6.78	6.48	7.22	6.91
2016-05-12	10.02	9.39	10.27	9.74
2016-05-13	5.87	5.3	6.11	5.59
2016-05-14	5.63	5.09	5.93	5.37
2016-05-15	7.79	7.11	8	7.35
2016-05-16	7.44	6.58	7.48	6.68
2016-05-17	8.3	7.57	8.47	7.88
2016-05-18	6.31	5.6	6.55	5.96
2016-05-19	6.93	6.3	7.22	6.65
2016-05-20	6.24	5.83	6.59	6.19
2016-05-21	9.84	9.33	10.19	9.76
2016-05-22	12.09	11.67	12.46	12.09
2016-05-23	12.58	12.2	12.99	12.72
2016-05-24	7.88	7.31	8.14	7.49
2016-05-25	9	8.69	9.37	8.96
2016-05-26	8.09	7.73	8.45	7.97
2016-05-27	7.68	7.56	8.13	7.77
2016-05-28	9.42	9.23	9.75	9.4
2016-05-29	10.42	10.36	10.91	10.73
2016-05-30	11.89	11.71	12.3	12.05
2016-05-31	14.89	14.73	15.27	15.12
2016-06-01	17.67	17.37	18	17.64
2016-06-02	16.39	16.46	17.01	16.94
2016-06-03	14.79	13.99	15	14.17
2016-06-04	10.71	9.81	10.82	9.86
2016-06-05	9.08	8.78	9.53	9.05
2016-06-06	13.44	12.96	13.72	13.16
2016-06-07	16.56	15.92	16.8	16.19
2016-06-08	9.1	8.23	9.26	8.34
2016-06-09	8.03	7.24	8.23	7.33
2016-06-10	5.79	5.07	6.04	5.12
2016-06-11	8.65	7.97	8.89	8.03
2016-06-12	10.81	10.33	11.12	10.57
2016-06-13	13.26	12.6	13.53	12.82
2016-06-14	11.96	11.53	12.28	11.89
2016-06-15	12.71	12.36	13.09	12.66
2016-06-16	13.05	12.83	13.51	13.08
2016-06-17	11.75	11.25	12.05	11.45
2016-06-18	10.86	10.22	11.15	10.39
2016-06-19	12.08	11.17	12.27	11.35
2016-06-20	12.69	12.2	13.1	12.5
2016-06-21	12.57	11.86	12.85	12.08
2016-06-22	14.17	13.8	14.58	14.24
2016-06-23	16.35	15.97	16.84	16.41
2016-06-24	16.82	16.56	17.32	17.05
2016-06-25	17.78	17.22	18.12	17.52
2016-06-26	16.39	16.33	16.85	16.64
2016-06-27	16.31	15.72	16.6	15.86
2016-06-28	15.15	14.52	15.37	14.66
2016-06-29	14.89	14.26	15.21	14.54
2016-06-30	15.36	14.85	15.75	15.14
2016-07-01	14.7	14.12	15	14.25
2016-07-02	14.04	13.4	14.33	13.54
2016-07-03	13.81	13.17	14.08	13.28
2016-07-04	14.34	13.66	14.6	13.78
2016-07-05	15.27	14.59	15.55	14.74
2016-07-06	13.77	12.99	13.99	13.14
2016-07-07	12.82	12.03	13.03	12.14
2016-07-08	14.48	13.74	14.73	13.95
2016-07-09	16.06	15.31	16.23	15.41
2016-07-10	15.74	14.98	15.94	15.15
2016-07-11	14.31	14	14.83	14.39
2016-07-12	13.77	13.33	14.22	13.65
2016-07-13	14.51	14.14	14.9	14.28
2016-07-14	15.48	14.86	15.75	14.99
2016-07-15	14.72	14.19	15.04	14.35
2016-07-16	15.33	14.57	15.59	14.8
2016-07-17	13.35	12.7	13.67	12.8
2016-07-18	13.66	13.01	14	13.22
2016-07-19	14.4	13.92	14.8	14.21
2016-07-20	16.44	15.99	16.82	16.22
2016-07-21	17.2	16.89	17.67	17.2
2016-07-22	17.06	16.67	17.5	16.97
2016-07-23	18.1	18.03	18.67	18.4
2016-07-24	18.49	18.18	18.97	18.56
2016-07-25	20.17	19.66	20.5	19.93
2016-07-26	19.48	18.92	19.78	19.08
2016-07-27	17.32	16.66	17.59	16.8
2016-07-28	16.03	15.45	16.4	15.62
2016-07-29	17.38	16.84	17.77	17.06
2016-07-30	16.16	15.35	16.33	15.37
2016-07-31	14.4	13.65	14.62	13.72
2016-08-01	14.99	14.22	15.19	14.27
2016-08-02	14.83	14.13	15.17	14.3
2016-08-03	15.18	14.53	15.49	14.73
2016-08-04	14.66	14.2	15.07	14.39
2016-08-05	15.43	14.72	15.74	15.02
2016-08-06	15.22	14.71	15.64	14.93
2016-08-07	15.93	15.32	16.25	15.51
2016-08-08	15.75	15.06	16	15.12
2016-08-09	13.67	12.81	13.86	12.95
2016-08-10	8.5	7.78	8.77	7.8
2016-08-11	9.88	9.17	10.19	9.3
2016-08-12	11.4	10.69	11.67	10.79
2016-08-13	13.89	13.12	14.15	13.3
2016-08-14	11.43	10.71	11.68	10.81
2016-08-15	13.1	12.41	13.34	12.49
2016-08-16	13.97	13.29	14.23	13.4
2016-08-17	12.19	11.64	12.52	11.77
2016-08-18	13.26	12.71	13.58	12.84
2016-08-19	12.46	12.01	12.83	12.16
2016-08-20	13.5	13.06	13.91	13.29
2016-08-21	13.07	12.71	13.53	12.96
2016-08-22	15.3	14.7	15.61	14.85
2016-08-23	15.03	14.32	15.32	14.47
2016-08-24	13.42	13.08	13.9	13.4
2016-08-25	15.93	15.31	16.27	15.63
2016-08-26	13.78	13.26	14.18	13.52
2016-08-27	13.6	12.83	13.88	13.02
2016-08-28	10.46	10.06	10.89	10.26
2016-08-29	10.44	10.09	10.87	10.18
2016-08-30	12.58	11.91	12.84	11.99
2016-08-31	16.42	15.99	16.78	16.13
2016-09-01	14.89	14.16	15.14	14.39
2016-09-02	12.66	11.99	12.99	12.24
2016-09-03	11.45	10.72	11.67	10.75
2016-09-04	10.38	9.79	10.69	9.9
2016-09-05	9.82	9.18	10.14	9.37
2016-09-06	12.9	12.34	13.32	12.58
2016-09-07	14.57	13.83	14.84	14.01
2016-09-08	11.74	11.07	12.01	11.21
2016-09-09	12.93	12.51	13.42	12.86
2016-09-10	15.14	14.5	15.42	14.65
2016-09-11	13.62	12.92	13.87	13.06
2016-09-12	12.11	11.53	12.41	11.66
2016-09-13	11.04	10.66	11.41	10.87
2016-09-14	12.24	11.86	12.66	12.11
2016-09-15	12.21	11.5	12.43	11.62
2016-09-16	9.89	9.33	10.28	9.56
2016-09-17	8.78	8.27	9.17	8.49
2016-09-18	11.03	10.7	11.45	10.92
2016-09-19	13.18	12.39	13.31	12.43
2016-09-20	12.11	11.67	12.47	11.85
2016-09-21	11.12	10.77	11.55	10.95
2016-09-22	9.58	9.23	10.02	9.4
2016-09-23	8.25	7.66	8.61	7.85
2016-09-24	8.24	7.63	8.59	7.8
2016-09-25	11.3	10.68	11.65	10.88
2016-09-26	11.79	11.21	12.15	11.42
2016-09-27	12.07	11.46	12.38	11.63
2016-09-28	10.58	9.85	10.81	9.93
2016-09-29	8.42	7.64	8.69	7.81
2016-09-30	9.07	8.3	9.32	8.42
2016-10-01	7.75	7.18	8.1	7.38
2016-10-02	5.43	4.78	5.71	4.88
2016-10-03	4.74	4.06	4.97	4.07
2016-10-04	2.94	2.37	3.35	2.43
2016-10-05	2.19	1.34	2.38	1.34
2016-10-06	3.53	2.9	3.9	3.06
2016-10-07	5.26	4.58	5.55	4.77
2016-10-08	4.32	3.66	4.57	3.81
2016-10-09	4.11	3.5	4.4	3.66
2016-10-10	4.16	3.53	4.45	3.71
2016-10-11	3.58	2.9	3.85	3.04
2016-10-12	0.4	-0.52	0.65	-0.35
2016-10-13	-0.39	-1.05	-0.07	-0.87
2016-10-14	0	-0.7	0.3	-0.6
2016-10-15	3.15	2.37	3.38	2.46
2016-10-16	3.61	2.88	3.83	2.97
2016-10-17	3.56	2.97	3.87	3.13
2016-10-18	4.94	4.42	5.26	4.54
2016-10-19	5.4	4.87	5.73	5.01
2016-10-20	4.04	3.62	4.42	3.8
2016-10-21	2.1	1.56	2.45	1.77
2016-10-22	0.88	0.33	1.23	0.49
2016-10-23	2.19	1.56	2.51	1.73
2016-10-24	3.35	2.89	3.76	3.1
2016-10-25	2.04	1.62	2.45	1.8
2016-10-26	1.12	0.61	1.5	0.81
2016-10-27	3.7	3.12	4.09	3.44
2016-10-28	3.21	2.73	3.63	2.98
2016-10-29	4.17	3.69	4.56	3.94
2016-10-30	3.31	2.79	3.67	2.98
2016-10-31	1.12	0.59	1.54	0.87
2016-11-01	0.04	-0.66	0.36	-0.57
2016-11-02	-1.3	-1.97	-1	-1.88
2016-11-03	-2.69	-3.38	-2.37	-3.35
2016-11-04	-3.78	-4.47	-3.44	-4.51
2016-11-05	-4.67	-5.55	-4.4	-5.54
2016-11-06	-6.28	-7.13	-6.05	-7.16
2016-11-07	-6.25	-7.17	-6.08	-7.21
2016-11-08	-5.34	-6.15	-5.11	-6.11
2016-11-09	-5.06	-5.91	-4.83	-5.88
2016-11-10	-4.91	-5.9	-4.78	-5.98
2016-11-11	-10.59	-12.13	-10.74	-12.45
2016-11-12	-10.17	-11.05	-9.71	-10.92
2016-11-13	-8.76	-9.27	-8.03	-8.73
2016-11-14	-3.41	-4.01	-3.05	-4.02
2016-11-15	-0.74	-1.21	-0.29	-1.09
2016-11-16	-3.04	-3.57	-2.59	-3.6
2016-11-17	-0.98	-1.57	-0.59	-1.4
2016-11-18	-0.01	-0.64	0.32	-0.55
2016-11-19	0.13	-0.43	0.5	-0.29
2016-11-20	-0.3	-0.86	0.06	-0.77
2016-11-21	0.45	-0.37	0.71	-0.25
2016-11-22	0.64	0.12	1.11	0.36
2016-11-23	1.74	1.1	2.1	1.29
2016-11-24	-2.23	-2.92	-1.94	-2.86
2016-11-25	-0.84	-1.31	-0.41	-1.18
2016-11-26	0.31	-0.28	0.66	-0.19
2016-11-27	-3.52	-4.16	-3.23	-4.16
2016-11-28	-2.13	-2.62	-1.76	-2.55
2016-11-29	-0.9	-1.34	-0.48	-1.25
2016-11-30	-1.54	-2.18	-1.29	-2.2
2016-12-01	-3.92	-4.65	-3.69	-4.74
2016-12-02	-4.87	-5.35	-4.41	-5.18
2016-12-03	-9.81	-9.93	-8.89	-9.74
2016-12-04	-1.19	-1.71	-0.75	-1.54
2016-12-05	-0.78	-1.51	-0.49	-1.42
2016-12-06	-6.32	-6.97	-5.9	-7.2
2016-12-07	-4.9	-5.64	-4.55	-5.5
2016-12-08	-0.02	-0.56	0.47	-0.28
2016-12-09	-0.41	-1.07	0.01	-0.82
2016-12-10	-7.41	-8.01	-6.78	-7.49
2016-12-11	-9.58	-10.27	-9.11	-10.07
2016-12-12	-12.26	-13.07	-12.15	-13.34
2016-12-13	-4.23	-4.75	-3.75	-4.57
2016-12-14	-4.25	-5.28	-4.17	-5.6
2016-12-15	-5.98	-7.31	-6.11	-7.79
2016-12-16	-6.24	-7.33	-6.34	-7.99
2016-12-17	-4.18	-5.16	-4.04	-5.24
2016-12-18	-1.59	-2.5	-1.36	-2.5
2016-12-19	1.73	0.99	2.03	1.07
2016-12-20	0.32	-0.3	0.69	-0.17
2016-12-21	-1.61	-2.2	-1.24	-2.12
2016-12-22	-0.82	-1.49	-0.45	-1.34
2016-12-23	-3.48	-4.36	-3.33	-4.57
2016-12-24	-2.03	-2.75	-1.65	-2.58
2016-12-25	-1.55	-2.23	-1.22	-2.16
2016-12-26	-2.39	-3.28	-2.1	-3.15
2016-12-27	-2.79	-3.62	-2.55	-3.56
2016-12-28	-4.13	-5.06	-3.92	-5.13
2016-12-29	-0.19	-0.73	0.23	-0.63
2016-12-30	0.61	0.11	1.07	0.34
2016-12-31	-0.13	-0.97	0.09	-0.9
2017-01-01	-4.21	-4.77	-3.97	-4.61
2017-01-02	-7.56	-8.06	-7.19	-7.84
2017-01-03	-8.9	-9.62	-8.68	-9.63
2017-01-04	-12.35	-13.07	-12.01	-12.63
2017-01-05	-23.09	-24.18	-22.73	-23.7
2017-01-06	-16.24	-16.8	-15.52	-16.27
2017-01-07	-5.23	-5.92	-4.98	-5.72
2017-01-08	-4.85	-5.22	-4.45	-5.1
2017-01-09	-4.29	-4.73	-3.92	-4.69
2017-01-10	-1.7	-2	-1.27	-1.67
2017-01-11	-2.21	-2.62	-1.88	-2.36
2017-01-12	-5.63	-6.27	-5.44	-6.17
2017-01-13	-11.71	-12.62	-11.64	-12.72
2017-01-14	-9.25	-9.84	-8.88	-9.48
2017-01-15	-7.82	-8.4	-7.59	-8.36
2017-01-16	-10.67	-11.41	-10.3	-10.99
2017-01-17	-5.45	-5.93	-5.15	-5.79
2017-01-18	-2.79	-3.22	-2.47	-3.16
2017-01-19	-0.81	-1.3	-0.46	-0.95
2017-01-20	-2.44	-2.86	-1.96	-2.32
2017-01-21	-0.88	-1.19	-0.47	-0.89
2017-01-22	-3.61	-4.11	-3.46	-4.37
2017-01-23	-2.84	-3.41	-2.67	-3.46
2017-01-24	-4.18	-4.66	-3.83	-4.38
2017-01-25	-3.91	-4.41	-3.59	-4.16
2017-01-26	0.22	-0.32	0.49	-0.08
2017-01-27	-3.74	-4.3	-3.38	-4.23
2017-01-28	-6.04	-6.52	-5.61	-6.19
2017-01-29	-6.19	-6.53	-5.71	-6.17
2017-01-30	-4.22	-4.89	-3.99	-4.71
2017-01-31	-9.58	-10.36	-9.38	-10.29
2017-02-01	-8.67	-9.23	-8.19	-8.91
2017-02-02	-3.01	-3.42	-2.54	-3.12
2017-02-03	-4.01	-4.56	-3.4	-3.92
2017-02-04	-2.94	-3.52	-2.58	-3.26
2017-02-05	-1.6	-2.13	-1.29	-1.99
2017-02-06	-4.88	-5.45	-4.54	-5.27
2017-02-07	-8.23	-8.99	-7.93	-8.81
2017-02-08	-11.4	-12.51	-11.24	-12.32
2017-02-09	-12.39	-13.3	-12.14	-13.08
2017-02-10	-9.66	-10.44	-9.4	-10.29
2017-02-11	-8.44	-9	-8.01	-8.81
2017-02-12	-5.4	-6.1	-5.26	-6.23
2017-02-13	2.51	1.9	2.65	1.8
2017-02-14	1.05	0.52	1.32	0.59
2017-02-15	-4.45	-4.93	-4.17	-4.98
2017-02-16	-4.05	-4.52	-3.82	-4.72
2017-02-17	0.77	0.12	0.95	0.12
2017-02-18	0.93	0.44	1.17	0.43
2017-02-19	2.66	2.12	2.95	2.28
2017-02-20	-2.3	-2.82	-1.93	-2.55
2017-02-21	-6.64	-7.06	-6.06	-6.59
2017-02-22	-3.31	-3.87	-3	-3.71
2017-02-23	-5.5	-6.01	-5.1	-5.73
2017-02-24	-5.36	-5.95	-5.06	-5.79
2017-02-25	-5.2	-5.79	-4.86	-5.64
2017-02-26	-4.86	-5.53	-4.55	-5.37
2017-02-27	-2.31	-2.93	-1.97	-2.67
2017-02-28	0.28	-0.19	0.67	0.1
2017-03-01	-0.2	-0.61	0.16	-0.43
2017-03-02	-0.75	-1.43	-0.53	-1.29
2017-03-03	-2.84	-3.32	-2.41	-3.08
2017-03-04	-5.87	-6.61	-5.4	-6.1
2017-03-05	-7.26	-8	-6.65	-7.45
2017-03-06	-7.18	-8.39	-6.86	-7.8
2017-03-07	-5.7	-6.69	-5.51	-6.46
2017-03-08	-5.33	-6.09	-5.07	-5.87
2017-03-09	-1.64	-2.13	-1.25	-1.88
2017-03-10	-0.82	-1.45	-0.53	-1.25
2017-03-11	-0.91	-1.51	-0.6	-1.37
2017-03-12	0.79	0.37	1.23	0.52
2017-03-13	0.87	0.35	1.28	0.66
2017-03-14	1.28	0.7	1.66	1.03
2017-03-15	2.88	2.28	3.15	2.44
2017-03-16	2.03	1.46	2.32	1.63
2017-03-17	2.6	2.04	2.88	2.17
2017-03-18	-1.11	-1.71	-0.84	-1.67
2017-03-19	-3.54	-3.94	-3.14	-3.84
2017-03-20	-1.3	-1.67	-0.88	-1.49
2017-03-21	0.24	-0.17	0.69	0.17
2017-03-22	0.89	0.26	1.15	0.37
2017-03-23	-1.18	-1.82	-0.95	-1.79
2017-03-24	-0.36	-0.96	-0.12	-0.9
2017-03-25	2.74	2.25	3.04	2.34
2017-03-26	5.43	4.95	5.72	5.07
2017-03-27	3.87	3.45	4.19	3.62
2017-03-28	-0.76	-1.24	-0.47	-1.17
2017-03-29	-2.66	-3.26	-2.52	-3.43
2017-03-30	-1.67	-2.2	-1.47	-2.26
2017-03-31	-0.14	-0.5	0.23	-0.33
2017-04-01	2.43	2.18	2.91	2.49
2017-04-02	1.42	1.45	2.21	1.93
2017-04-03	3.15	2.85	3.62	3.05
2017-04-04	5.27	4.47	5.37	4.46
2017-04-05	3.16	2.3	3.29	2.34
2017-04-06	2.45	1.65	2.6	1.69
2017-04-07	2.33	1.47	2.44	1.52
2017-04-08	2.32	1.72	2.65	1.99
2017-04-09	6.89	5.77	6.68	5.62
2017-04-10	3.52	2.78	3.7	2.94
2017-04-11	2.25	1.45	2.4	1.6
2017-04-12	-0.04	-0.53	0.32	-0.28
2017-04-13	-1.6	-1.97	-1.13	-1.61
2017-04-14	-2.64	-2.96	-2.15	-2.59
2017-04-15	-2.32	-2.68	-1.88	-2.39
2017-04-16	-2.62	-3.11	-2.26	-2.91
2017-04-17	-1.99	-2.49	-1.62	-2.27
2017-04-18	-0.8	-1.11	-0.32	-0.82
2017-04-19	1.79	1.31	2.21	1.66
2017-04-20	2.77	2.23	3.13	2.5
2017-04-21	3.71	3	3.98	3.24
2017-04-22	2.76	2.03	3.01	2.24
2017-04-23	2.19	1.43	2.42	1.63
2017-04-24	1.19	0.7	1.54	0.95
2017-04-25	0.38	0.04	0.83	0.31
2017-04-26	2.33	1.74	2.62	1.92
2017-04-27	1.98	1.47	2.28	1.71
2017-04-28	0.8	0.43	1.23	0.7
2017-04-29	1.53	1.05	1.91	1.32
2017-04-30	2.69	2.06	3.03	2.38
2017-05-01	4.87	4.23	5.13	4.52
2017-05-02	6.32	5.51	6.51	5.74
2017-05-03	4.65	4.31	5	4.66
2017-05-04	6.31	5.91	6.6	6.2
2017-05-05	10.76	9.99	10.93	10.24
2017-05-06	4.41	4.13	4.86	4.49
2017-05-07	2.19	1.91	2.65	2.3
2017-05-08	0.66	0.04	0.95	0.28
2017-05-09	-0.12	-0.6	0.25	-0.36
2017-05-10	0.16	-0.41	0.41	-0.23
2017-05-11	0.99	0.51	1.31	0.75
2017-05-12	3.81	3.39	4.25	3.71
2017-05-13	6.47	6.01	6.85	6.35
2017-05-14	5.29	4.84	5.62	4.98
2017-05-15	2.13	1.84	2.51	2.05
2017-05-16	4.79	4.36	5.17	4.66
2017-05-17	10.1	9.79	10.47	10.1
2017-05-18	10.17	10.11	10.8	10.87
2017-05-19	12.67	11.9	12.84	12.11
2017-05-20	8.96	8.83	9.44	9.22
2017-05-21	11.42	11.26	11.88	11.69
2017-05-22	9.63	8.7	9.66	8.77
2017-05-23	9.42	8.89	9.67	9.16
2017-05-24	11.26	10.97	11.57	11.33
2017-05-25	9.84	9.04	10.02	9.25
2017-05-26	10.77	9.91	10.83	10.08
2017-05-27	13.43	12.97	13.81	13.55
2017-05-28	14.77	14.41	15.06	14.93
2017-05-29	10.29	10.17	10.75	10.65
2017-05-30	8.46	8.38	8.95	8.68
2017-05-31	8.24	7.44	8.41	7.66
2017-06-01	6.99	6.18	7.2	6.3
2017-06-02	8.72	8.23	9.09	8.5
2017-06-03	8.02	8.09	8.7	8.62
2017-06-04	10.67	10.58	11.2	10.86
2017-06-05	9.93	9.33	10.34	9.66
2017-06-06	12.85	12.34	13.2	12.61
2017-06-07	12.53	12.3	12.92	12.49
2017-06-08	10.42	10.19	10.86	10.44
2017-06-09	9.95	9.85	10.43	10.1
2017-06-10	9.39	9.19	9.89	9.54
2017-06-11	13.2	12.72	13.56	12.96
2017-06-12	11.52	11	11.92	11.31
2017-06-13	12.37	12.19	12.85	12.46
2017-06-14	14.81	13.99	14.98	14.1
2017-06-15	15.32	14.58	15.51	14.79
2017-06-16	14.92	14.53	15.25	14.84
2017-06-17	15.24	14.5	15.44	14.67
2017-06-18	15.89	15.03	16.04	15.2
2017-06-19	13.88	12.96	14.04	13.14
2017-06-20	11.19	10.42	11.41	10.55
2017-06-21	11.02	10.16	11.21	10.3
2017-06-22	11.36	10.67	11.65	10.88
2017-06-23	11.56	11.23	12.04	11.64
2017-06-24	10.57	9.83	10.83	10
2017-06-25	11.52	10.78	11.79	10.93
2017-06-26	10.41	9.63	10.68	9.77
2017-06-27	10.85	9.98	10.99	10.04
2017-06-28	11.64	10.97	11.87	11.19
2017-06-29	12.74	12.35	13.11	12.54
2017-06-30	14.61	14.05	14.89	14.22
2017-07-01	15.59	15	15.84	15.1
2017-07-02	15.16	14.71	15.5	14.97
2017-07-03	13.35	12.54	13.61	12.64
2017-07-04	11.81	11.06	12.08	11.15
2017-07-05	11.24	10.4	11.46	10.48
2017-07-06	12.27	11.48	12.59	11.7
2017-07-07	13.28	12.91	13.72	13.2
2017-07-08	14.1	13.77	14.55	14.06
2017-07-09	13.81	13.37	14.21	13.62
2017-07-10	15.97	15.22	16.19	15.24
2017-07-11	14.24	13.66	14.62	13.87
2017-07-12	12.93	12.11	13.18	12.23
2017-07-13	9.55	8.72	9.85	8.88
2017-07-14	11.43	10.61	11.74	10.81
2017-07-15	13.71	13.23	14.13	13.5
2017-07-16	13.54	12.67	13.72	12.69
2017-07-17	13.04	12.21	13.27	12.32
2017-07-18	12.75	11.92	12.98	12.01
2017-07-19	13.04	12.22	13.25	12.25
2017-07-20	12.86	12.29	13.23	12.47
2017-07-21	12.78	12.23	13.12	12.3
2017-07-22	13.14	12.67	13.5	12.73
2017-07-23	13.24	12.73	13.64	12.88
2017-07-24	14.5	13.89	14.88	14.08
2017-07-25	14.98	14.5	15.37	14.64
2017-07-26	16	15.7	16.48	15.89
2017-07-27	14.94	14.42	15.31	14.58
2017-07-28	14.64	14.09	14.97	14.11
2017-07-29	15.82	15.16	16.09	15.14
2017-07-30	16.46	15.88	16.81	15.94
2017-07-31	16.6	15.89	16.92	16
2017-08-01	15.95	15.24	16.2	15.3
2017-08-02	14.9	14.16	15.16	14.22
2017-08-03	14.62	14.05	14.96	14.22
2017-08-04	12.54	11.93	12.89	12.05
2017-08-05	13.08	12.62	13.48	12.73
2017-08-06	12.43	11.93	12.85	12.14
2017-08-07	13.54	13.09	13.97	13.22
2017-08-08	14.7	14.04	15.01	14.16
2017-08-09	13.32	12.7	13.65	12.79
2017-08-10	15.18	14.45	15.48	14.62
2017-08-11	16.99	16.34	17.28	16.48
2017-08-12	16.01	15.31	16.23	15.34
2017-08-13	11.61	11.05	11.99	11.18
2017-08-14	12.88	12.19	13.19	12.34
2017-08-15	14.41	13.73	14.71	13.8
2017-08-16	12.69	11.93	12.95	12.07
2017-08-17	13.68	13.22	14.09	13.53
2017-08-18	13.38	12.77	13.67	12.83
2017-08-19	12.75	12.09	13.07	12.22
2017-08-20	13.73	13.05	14.01	13.14
2017-08-21	12.5	11.75	12.75	11.82
2017-08-22	10.62	9.79	10.8	9.78
2017-08-23	10.67	10.09	11.08	10.31
2017-08-24	10	9.29	10.41	9.58
2017-08-25	9.76	9.05	10.08	9.19
2017-08-26	10.28	9.56	10.56	9.63
2017-08-27	10.29	9.76	10.66	9.84
2017-08-28	12.69	12.16	13.09	12.34
2017-08-29	14.2	13.63	14.54	13.76
2017-08-30	14	13.26	14.33	13.48
2017-08-31	11.31	10.74	11.65	10.84
2017-09-01	12.08	11.3	12.34	11.39
2017-09-02	11.19	10.45	11.41	10.56
2017-09-03	11.57	10.91	11.88	11
2017-09-04	11	10.38	11.32	10.45
2017-09-05	10.59	9.97	10.95	10.13
2017-09-06	10.55	9.99	10.95	10.14
2017-09-07	9.79	9.21	10.16	9.32
2017-09-08	9.22	8.51	9.54	8.65
2017-09-09	9.88	9.15	10.15	9.17
2017-09-10	12.2	11.43	12.45	11.5
2017-09-11	12.58	11.97	12.93	12.13
2017-09-12	12.37	11.69	12.66	11.81
2017-09-13	11.53	10.92	11.89	11.06
2017-09-14	10.27	9.62	10.58	9.7
2017-09-15	10.57	9.88	10.87	9.97
2017-09-16	9.63	8.97	9.94	9.07
2017-09-17	9.69	8.98	9.98	9.07
2017-09-18	9.51	8.81	9.8	8.9
2017-09-19	7.04	6.41	7.4	6.59
2017-09-20	6.28	5.5	6.54	5.55
2017-09-21	8.49	7.78	8.77	7.8
2017-09-22	10.64	10.12	11.02	10.24
2017-09-23	10.76	10.08	11.05	10.16
2017-09-24	11.09	10.56	11.48	10.73
2017-09-25	10.68	10.17	11.08	10.36
2017-09-26	10.49	9.92	10.86	10.11
2017-09-27	10.26	9.63	10.61	9.81
2017-09-28	10.25	9.66	10.62	9.84
2017-09-29	9.55	8.94	9.91	9.08
2017-09-30	9.51	8.89	9.86	9.04
2017-10-01	9.81	9.23	10.13	9.33
2017-10-02	10.01	9.4	10.32	9.48
2017-10-03	9.54	8.97	9.86	9.03
2017-10-04	8.06	7.39	8.35	7.48
2017-10-05	7.4	6.71	7.65	6.78
2017-10-06	7.89	7.28	8.21	7.43
2017-10-07	5.62	4.87	5.85	4.92
2017-10-08	5.6	5.01	5.9	5.06
2017-10-09	5.85	5.21	6.13	5.26
2017-10-10	4.77	4.14	5.1	4.28
2017-10-11	5.95	5.31	6.26	5.35
2017-10-12	5.86	5.21	6.16	5.28
2017-10-13	5.08	4.38	5.35	4.46
2017-10-14	6.84	6.3	7.26	6.55
2017-10-15	8.11	7.46	8.45	7.65
2017-10-16	9.24	8.54	9.54	8.69
2017-10-17	5.53	4.69	5.79	4.81
2017-10-18	5.4	4.72	5.69	4.81
2017-10-19	2.99	2.39	3.35	2.53
2017-10-20	0.84	0.11	1.23	0.25
2017-10-21	3	2.18	3.3	2.27
2017-10-22	2.02	1.37	2.38	1.52
2017-10-23	1.67	0.92	1.98	1.02
2017-10-24	2.2	1.45	2.47	1.46
2017-10-25	4.5	3.73	4.77	3.81
2017-10-26	2.57	2.13	3.06	2.44
2017-10-27	4.09	3.51	4.44	3.65
2017-10-28	3.66	3.07	4.02	3.22
2017-10-29	1.49	0.87	1.83	1.01
2017-10-30	0.68	0.09	1.04	0.22
2017-10-31	1.33	0.87	1.8	1.06
2017-11-01	2.92	2.39	3.38	2.55
2017-11-02	2.23	1.55	2.5	1.54
2017-11-03	0.19	-0.48	0.51	-0.46
2017-11-04	0.02	-0.65	0.42	-0.48
2017-11-05	3.13	2.34	3.5	2.53
2017-11-06	1.08	0.32	1.33	0.27
2017-11-07	-0.21	-0.77	0.25	-0.62
2017-11-08	1.96	1.38	2.33	1.45
2017-11-09	2.87	2.25	3.19	2.29
2017-11-10	-0.6	-1.26	-0.23	-1.15
2017-11-11	-1.21	-1.99	-0.9	-1.98
2017-11-12	-1.03	-1.59	-0.69	-1.57
2017-11-13	-0.93	-1.51	-0.6	-1.54
2017-11-14	-2.9	-3.49	-2.51	-3.47
2017-11-15	-1.54	-2.1	-1.11	-2.04
2017-11-16	-0.79	-1.42	-0.47	-1.42
2017-11-17	-0.05	-0.73	0.25	-0.71
2017-11-18	-2.93	-3.8	-2.69	-3.72
2017-11-19	-5.01	-5.8	-4.81	-5.81
2017-11-20	-6.64	-7.45	-6.38	-7.33
2017-11-21	-7.94	-8.66	-7.52	-8.43
2017-11-22	-3.22	-3.96	-2.94	-4.08
2017-11-23	2.42	2.03	2.88	2.18
2017-11-24	0.36	-0.21	0.73	-0.18
2017-11-25	-1.83	-2.5	-1.42	-2.33
2017-11-26	-0.72	-1.22	-0.35	-1.2
2017-11-27	-2.42	-3.07	-2.08	-3.05
2017-11-28	-4.81	-5.97	-4.66	-5.74
2017-11-29	-6.15	-7.34	-6.02	-7.14
2017-11-30	-3.97	-5.02	-3.91	-5.23
2017-12-01	-5.85	-6.8	-5.65	-6.9
2017-12-02	-2.26	-2.85	-1.93	-2.94
2017-12-03	-2.12	-2.84	-1.87	-3.03
2017-12-04	-5.2	-6.05	-4.95	-6.08
2017-12-05	-4.78	-5.55	-4.45	-5.5
2017-12-06	-6.71	-7.56	-6.47	-7.58
2017-12-07	-1.22	-1.95	-0.89	-1.91
2017-12-08	-0.54	-1.07	-0.12	-1.02
2017-12-09	-7.27	-7.34	-6.92	-7.71
2017-12-10	-7.14	-7.79	-6.86	-7.99
2017-12-11	-5.84	-6.58	-5.51	-6.6
2017-12-12	-5.87	-6.72	-5.68	-6.83
2017-12-13	-8.84	-9.87	-8.5	-9.63
2017-12-14	-2.23	-3.05	-1.93	-2.97
2017-12-15	-2.45	-3.16	-2.14	-3.09
2017-12-16	-6.68	-7.56	-6.44	-7.55
2017-12-17	-8.7	-9.38	-8.31	-9.54
2017-12-18	-5.89	-6.77	-5.53	-6.6
2017-12-19	-4.37	-4.91	-3.92	-4.89
2017-12-20	-1.28	-2.07	-0.89	-1.84
2017-12-21	-3.27	-4.02	-2.97	-4.12
2017-12-22	-3.7	-4.45	-3.44	-4.52
2017-12-23	-1.16	-1.8	-0.81	-1.76
2017-12-24	-6.01	-6.8	-5.73	-6.91
2017-12-25	-8.18	-8.85	-7.64	-8.73
2017-12-26	-7.3	-8.34	-7.01	-8.14
2017-12-27	-3.33	-4.09	-2.87	-3.72
2017-12-28	-1.89	-2.61	-1.53	-2.45
2017-12-29	-2.29	-2.93	-1.92	-2.82
2017-12-30	-5.87	-6.64	-5.58	-6.63
2017-12-31	-4.17	-5.15	-3.91	-5.13
2018-01-01	-1.09	-1.68	-0.81	-1.67
2018-01-02	-1.87	-2.39	-1.57	-2.45
2018-01-03	-5.78	-6.5	-5.52	-6.52
2018-01-04	-2.26	-3.32	-2.15	-3.16
2018-01-05	-5.47	-6.37	-5.32	-6.35
2018-01-06	-7.12	-7.74	-6.8	-7.68
2018-01-07	-6.74	-7.38	-6.47	-7.43
2018-01-08	-4.28	-4.95	-4.02	-5.03
2018-01-09	-8.99	-10.11	-9.08	-10.6
2018-01-10	-15.37	-16.32	-14.95	-16.36
2018-01-11	-16.06	-17.07	-15.27	-16.4
2018-01-12	-11.28	-13.11	-11.02	-12.6
2018-01-13	-9.55	-10.97	-9.26	-10.44
2018-01-14	-6.9	-7.64	-6.51	-7.41
2018-01-15	-5.55	-6.37	-5.41	-6.46
2018-01-16	-2.54	-3.21	-2.33	-3.25
2018-01-17	-5.08	-5.69	-4.76	-5.63
2018-01-18	-9.85	-10.37	-9.39	-10.43
2018-01-19	-11.32	-11.67	-10.82	-11.7
2018-01-20	-8.09	-8.46	-7.55	-8.28
2018-01-21	-10.54	-10.7	-9.87	-10.62
2018-01-22	-12.97	-13.4	-12.62	-13.72
2018-01-23	-10.22	-10.69	-9.69	-10.55
2018-01-24	-2.29	-2.82	-1.83	-2.53
2018-01-25	1.21	0.63	1.5	0.65
2018-01-26	-3.93	-4.51	-3.59	-4.63
2018-01-27	-6.51	-7.25	-6.36	-7.53
2018-01-28	-3.06	-3.8	-2.83	-3.81
2018-01-29	-3.13	-3.76	-2.82	-3.62
2018-01-30	-6.54	-7.04	-6.14	-6.95
2018-01-31	-3.92	-4.67	-3.74	-4.83
2018-02-01	-4.67	-5.41	-4.46	-5.24
2018-02-02	-11.31	-12.03	-11.1	-11.93
2018-02-03	-10.27	-11.19	-10.13	-11.19
2018-02-04	-13.28	-14.18	-13.07	-14.1
2018-02-05	-15.97	-16.47	-15.51	-16.52
2018-02-06	-13.08	-13.58	-12.63	-13.32
2018-02-07	-14.69	-15.21	-14.25	-14.96
2018-02-08	-12.72	-12.99	-11.96	-12.54
2018-02-09	-4.85	-5.27	-4.3	-4.89
2018-02-10	-4.32	-4.81	-3.96	-4.63
2018-02-11	-4.8	-5.39	-4.59	-5.39
2018-02-12	-3.09	-3.75	-2.88	-3.72
2018-02-13	-2.43	-3.12	-2.3	-3.21
2018-02-14	-3.95	-4.39	-3.57	-4.21
2018-02-15	-3.35	-3.88	-3.1	-3.83
2018-02-16	-2.97	-3.54	-2.71	-3.48
2018-02-17	-3.38	-4.17	-3.33	-4.31
2018-02-18	-4.79	-5.25	-4.45	-5.09
2018-02-19	-6.55	-7.05	-6.19	-6.91
2018-02-20	-8.91	-9.54	-8.57	-9.43
2018-02-21	-11.67	-11.87	-11.09	-11.49
2018-02-22	-12.16	-12.4	-11.4	-11.93
2018-02-23	-10.85	-11.38	-10.38	-10.99
2018-02-24	-10.48	-11.16	-10.17	-11.02
2018-02-25	-13.69	-14.52	-13.41	-14.27
2018-02-26	-13.57	-14.56	-13.43	-14.4
2018-02-27	-12.42	-13.26	-12.3	-13.26
2018-02-28	-14.4	-15.49	-14.28	-15.39
2018-03-01	-16.72	-17.72	-16.49	-17.6
2018-03-02	-16.01	-17.1	-15.85	-16.94
2018-03-03	-11.71	-12.56	-11.48	-12.43
2018-03-04	-8.98	-9.63	-8.67	-9.52
2018-03-05	-9.15	-9.84	-8.84	-9.73
2018-03-06	-6.91	-7.63	-6.66	-7.52
2018-03-07	-6.38	-7	-6.06	-6.81
2018-03-08	-7.21	-7.81	-6.87	-7.62
2018-03-09	-7.09	-7.87	-6.89	-7.77
2018-03-10	-8.51	-9.1	-8.26	-8.93
2018-03-11	-7.49	-7.99	-7.11	-7.76
2018-03-12	-4.06	-4.75	-3.76	-4.53
2018-03-13	-3.81	-4.47	-3.57	-4.32
2018-03-14	-7.6	-8.34	-7.32	-8.2
2018-03-15	-10.74	-11.35	-10.24	-11.06
2018-03-16	-13.52	-14.19	-13.01	-13.88
2018-03-17	-10.98	-11.76	-10.76	-11.77
2018-03-18	-3.07	-3.68	-2.92	-3.81
2018-03-19	-1.04	-1.7	-0.83	-1.63
2018-03-20	-4.66	-4.84	-4.15	-4.56
2018-03-21	0.05	-0.46	0.33	-0.37
2018-03-22	-0.96	-1.55	-0.69	-1.43
2018-03-23	-2.43	-2.71	-1.94	-2.39
2018-03-24	0.98	0.54	1.3	0.65
2018-03-25	-1.63	-2.03	-1.21	-1.74
2018-03-26	-7.61	-8.18	-7.26	-8.01
2018-03-27	-7.85	-8.5	-7.59	-8.43
2018-03-28	-6.15	-6.76	-5.85	-6.68
2018-03-29	-6.12	-6.52	-5.61	-6.3
2018-03-30	-5.49	-5.72	-4.92	-5.34
2018-03-31	-6.05	-6.46	-5.65	-6.26
2018-04-01	-4.47	-5.4	-4.33	-5.3
2018-04-02	-3.39	-4.24	-3.18	-4.07
2018-04-03	-2.33	-3.02	-2.06	-2.81
2018-04-04	-0.59	-1.24	-0.27	-0.96
2018-04-05	-0.08	-0.5	0.32	-0.22
2018-04-06	0.88	0.16	1.09	0.29
2018-04-07	0.92	0.28	1.17	0.41
2018-04-08	0.58	0.09	0.94	0.3
2018-04-09	0.95	0.3	1.23	0.52
2018-04-10	-1.25	-1.69	-0.81	-1.37
2018-04-11	-0.88	-1.16	-0.47	-0.73
2018-04-12	1.17	0.93	1.74	1.26
2018-04-13	0.75	0.42	1.16	0.73
2018-04-14	2.88	2.75	3.45	3.05
2018-04-15	2.39	1.95	2.87	2.29
2018-04-16	2.52	2.09	2.89	2.36
2018-04-17	3.99	3.57	4.41	3.79
2018-04-18	4.69	4.17	5.09	4.4
2018-04-19	6.03	5.4	6.36	5.63
2018-04-20	6.66	5.99	7.01	6.26
2018-04-21	5.15	4.38	5.34	4.46
2018-04-22	3.48	3.02	3.83	3.25
2018-04-23	2.82	2.43	3.29	2.91
2018-04-24	4.68	3.99	4.9	4.2
2018-04-25	3.8	3.22	4.06	3.37
2018-04-26	2.49	1.91	2.7	1.98
2018-04-27	3.03	2.66	3.23	2.84
2018-04-28	3.21	2.9	3.44	3.11
2018-04-29	4.02	3.35	4.18	3.55
2018-04-30	4.12	3.48	4.38	3.75
2018-05-01	-0.09	-0.61	0.18	-0.39
2018-05-02	2.96	2.45	3.34	2.86
2018-05-03	3.55	3.04	3.81	3.38
2018-05-04	3.24	2.7	3.55	3.09
2018-05-05	6.67	6.24	6.94	6.63
2018-05-06	10.56	9.81	10.67	10.05
2018-05-07	9.58	8.8	9.74	9.15
2018-05-08	6.51	6.4	6.98	6.95
2018-05-09	10.39	10.73	11.22	11.54
2018-05-10	7.83	7.96	8.47	8.57
2018-05-11	9.09	9.21	9.7	9.85
2018-05-12	10.27	10.25	10.7	10.77
2018-05-13	11.48	11.42	11.96	11.92
2018-05-14	13.52	13.33	13.91	13.79
2018-05-15	15.16	14.9	15.46	15.31
2018-05-16	13.51	12.67	13.51	12.89
2018-05-17	7.26	6.5	7.39	6.59
2018-05-18	8.57	7.69	8.64	7.78
2018-05-19	11.41	10.64	11.43	10.83
2018-05-20	14.67	13.96	14.73	14.13
2018-05-21	16.28	15.51	16.31	15.63
2018-05-22	15.87	15.21	15.97	15.44
2018-05-23	11.17	10.85	11.5	11.27
2018-05-24	11.89	12.11	12.66	12.94
2018-05-25	18.45	17.9	18.73	18.4
2018-05-26	15.7	14.93	15.73	15.26
2018-05-27	13.15	13.07	13.61	13.57
2018-05-28	14.66	14.8	15.28	15.35
2018-05-29	19.02	18.18	19.15	18.45
2018-05-30	14.6	14.36	14.95	14.81
2018-05-31	14.29	14.56	15.05	15.25
2018-06-01	18.1	17.6	18.46	17.79
2018-06-02	17.98	17.34	18.36	17.58
2018-06-03	18.06	17.38	18.4	17.73
2018-06-04	10.32	9.52	10.57	9.65
2018-06-05	8.03	7.27	8.28	7.29
2018-06-06	8.81	8.11	9.12	8.22
2018-06-07	11.56	10.78	11.93	11.13
2018-06-08	11.86	11.47	12.35	11.89
2018-06-09	13.6	13.43	14.12	13.78
2018-06-10	15.88	15.96	16.49	16.37
2018-06-11	14.72	14.21	14.96	14.29
2018-06-12	11.53	10.62	11.7	10.69
2018-06-13	11.76	11.25	12.14	11.45
2018-06-14	13.15	12.67	13.62	12.93
2018-06-15	15.6	14.95	15.87	14.99
2018-06-16	15.33	14.53	15.51	14.6
2018-06-17	13.1	12.55	13.4	12.65
2018-06-18	14.05	13.56	14.43	13.69
2018-06-19	12.94	12.23	13.2	12.38
2018-06-20	13.67	12.95	13.94	13.11
2018-06-21	11.24	10.71	11.52	10.73
2018-06-22	10.26	9.57	10.51	9.58
2018-06-23	11.76	11.04	12.08	11.2
2018-06-24	12.73	11.9	12.91	11.9
2018-06-25	14.26	13.43	14.46	13.49
2018-06-26	16.23	15.77	16.57	15.98
2018-06-27	16.55	16.07	16.89	16.37
2018-06-28	15.32	14.77	15.69	15.06
2018-06-29	11.56	10.79	11.79	10.83
2018-06-30	11.12	10.74	11.54	10.93
2018-07-01	13.38	13.03	13.86	13.18
2018-07-02	15.11	14.7	15.57	14.85
2018-07-03	17.81	16.67	17.83	16.63
2018-07-04	15.87	14.97	16.07	15.02
2018-07-05	16.05	15.51	16.39	15.73
2018-07-06	17.53	16.59	17.64	16.63
2018-07-07	15.32	14.19	15.39	14.11
2018-07-08	16.76	16.08	16.99	16.15
2018-07-09	17.69	16.88	17.88	16.94
2018-07-10	20.42	19.64	20.6	19.69
2018-07-11	19.17	18.79	19.55	18.89
2018-07-12	16.88	16.2	17.13	16.29
2018-07-13	18.79	18.18	19.1	18.29
2018-07-14	20.04	19.37	20.31	19.51
2018-07-15	21.84	21.17	22.1	21.38
2018-07-16	21.99	21.66	22.46	21.9
2018-07-17	22.27	21.69	22.54	21.73
2018-07-18	23.05	22.41	23.33	22.45
2018-07-19	22.25	21.11	22.26	21.11
2018-07-20	21.14	20.49	21.43	20.59
2018-07-21	17.85	17.24	18.16	17.24
2018-07-22	17.78	17.32	18.31	17.58
2018-07-23	20.04	19.69	20.59	19.97
2018-07-24	19.92	19.6	20.54	20
2018-07-25	22.54	22.21	23.18	22.62
2018-07-26	19.97	19.29	20.34	19.48
2018-07-27	19.95	19.53	20.45	19.71
2018-07-28	19.93	19.2	20.21	19.18
2018-07-29	18.49	17.81	18.88	17.91
2018-07-30	19.91	19.27	20.3	19.41
2018-07-31	19.95	19.36	20.39	19.54
2018-08-01	21.32	20.86	21.73	21.08
2018-08-02	21.15	20.62	21.54	20.82
2018-08-03	19.29	18.58	19.57	18.7
2018-08-04	16.21	15.58	16.52	15.64
2018-08-05	13.66	13.07	14.09	13.29
2018-08-06	13.43	12.75	13.72	12.92
2018-08-07	15.96	15.47	16.4	15.68
2018-08-08	19.83	19.35	20.27	19.64
2018-08-09	20.02	19.32	20.3	19.48
2018-08-10	17.7	17.01	17.98	17.07
2018-08-11	15.47	14.68	15.73	14.79
2018-08-12	13.14	12.48	13.43	12.55
2018-08-13	12.52	11.82	12.83	11.92
2018-08-14	13.01	12.43	13.37	12.6
2018-08-15	14.41	14.01	14.88	14.24
2018-08-16	16.72	16.15	17.06	16.27
2018-08-17	16.96	16.43	17.32	16.53
2018-08-18	14.35	13.64	14.6	13.67
2018-08-19	14.66	13.83	14.93	14
2018-08-20	12.18	11.43	12.44	11.52
2018-08-21	11.12	10.37	11.38	10.47
2018-08-22	12.84	12.14	13.18	12.3
2018-08-23	13.44	12.8	13.74	12.93
2018-08-24	12.63	11.94	12.94	12.08
2018-08-25	11.23	10.34	11.4	10.39
2018-08-26	10.43	9.78	10.72	9.83
2018-08-27	10.82	10.23	11.17	10.34
2018-08-28	12.33	11.81	12.68	11.93
2018-08-29	13.66	13.19	14.04	13.32
2018-08-30	11.87	11.16	12.14	11.26
2018-08-31	11.23	10.7	11.58	10.79
2018-09-01	11.98	11.6	12.45	11.86
2018-09-02	14.28	13.82	14.7	14.02
2018-09-03	14.44	13.85	14.76	13.95
2018-09-04	13.82	13.16	14.07	13.27
2018-09-05	12.1	11.65	12.48	11.78
2018-09-06	11.95	11.49	12.36	11.68
2018-09-07	12.02	11.56	12.42	11.75
2018-09-08	13.21	12.68	13.54	12.82
2018-09-09	13.32	12.84	13.66	12.94
2018-09-10	12.82	12.25	13.13	12.34
2018-09-11	10.53	9.94	10.86	10.03
2018-09-12	10.88	10.13	11.15	10.26
2018-09-13	10.89	10.22	11.21	10.36
2018-09-14	10.66	9.97	10.98	10.12
2018-09-15	9.72	9.07	10.08	9.25
2018-09-16	9.26	8.6	9.61	8.75
2018-09-17	9.65	9.05	10.03	9.21
2018-09-18	10.7	10.04	11.09	10.29
2018-09-19	15.12	14.55	15.54	14.83
2018-09-20	12.73	12.05	12.98	12.1
2018-09-21	10.55	9.9	10.86	10.04
2018-09-22	10.32	9.66	10.6	9.75
2018-09-23	7.56	6.78	7.81	6.88
2018-09-24	5.21	4.44	5.45	4.52
2018-09-25	6.71	5.98	6.94	6.02
2018-09-26	8.22	7.46	8.5	7.62
2018-09-27	6.66	5.94	6.94	6.08
2018-09-28	4.17	3.44	4.44	3.53
2018-09-29	4.86	4.14	5.14	4.24
2018-09-30	6.54	5.85	6.87	6
2018-10-01	3.76	3.07	3.99	3.14
2018-10-02	1.27	0.67	1.56	0.79
2018-10-03	1.23	0.56	1.5	0.7
2018-10-04	1.77	1.08	1.99	1.12
2018-10-05	5.98	5.36	6.29	5.59
2018-10-06	4.37	3.72	4.63	3.86
2018-10-07	0.96	0.31	1.28	0.46
2018-10-08	2.46	1.86	2.86	2.13
2018-10-09	6.6	5.98	6.97	6.33
2018-10-10	8.07	7.51	8.45	7.94
2018-10-11	8.27	7.76	8.71	8.23
2018-10-12	7.54	7.22	8	7.54
2018-10-13	12.6	12.22	12.91	12.4
2018-10-14	13.22	12.82	13.49	12.93
2018-10-15	8.25	7.52	8.44	7.73
2018-10-16	4.47	4.01	4.83	4.22
2018-10-17	8.01	7.48	8.35	7.77
2018-10-18	6.49	5.87	6.75	6.01
2018-10-19	4.59	4.04	4.88	4.13
2018-10-20	3.87	3.36	4.24	3.51
2018-10-21	5.75	5.13	6.02	5.34
2018-10-22	3.34	2.66	3.61	2.83
2018-10-23	0.58	-0.05	0.88	0.14
2018-10-24	1.28	0.67	1.6	0.87
2018-10-25	-0.42	-0.95	-0.04	-0.76
2018-10-26	-2.46	-2.97	-2.06	-2.82
2018-10-27	-2.31	-2.91	-1.99	-2.8
2018-10-28	-3.15	-3.62	-2.66	-3.49
2018-10-29	-2.79	-3.62	-2.49	-3.63
2018-10-30	0.3	-0.32	0.63	-0.13
2018-10-31	4.17	3.66	4.52	3.87
2018-11-01	0.64	-0.14	0.92	-0.16
2018-11-02	3.11	2.36	3.38	2.47
2018-11-03	0.76	-0.06	0.98	-0.01
2018-11-04	3.68	3.09	4.05	3.21
2018-11-05	2.38	1.91	2.79	2.01
2018-11-06	3.16	2.49	3.5	2.65
2018-11-07	3.81	3.28	4.16	3.39
2018-11-08	3.03	2.5	3.33	2.53
2018-11-09	2.99	2.46	3.35	2.59
2018-11-10	2.73	2.19	3.05	2.27
2018-11-11	3.43	2.93	3.78	3.05
2018-11-12	4.34	3.77	4.64	3.83
2018-11-13	2.63	2	3.03	2.26
2018-11-14	-0.1	-0.78	0.29	-0.57
2018-11-15	4.27	3.5	4.67	3.85
2018-11-16	3.68	2.88	3.96	3.02
2018-11-17	2.29	1.49	2.54	1.49
2018-11-18	-1.55	-2.38	-1.26	-2.25
2018-11-19	-3	-3.85	-2.71	-3.72
2018-11-20	-3.08	-3.81	-2.74	-3.73
2018-11-21	-3.86	-4.7	-3.57	-4.58
2018-11-22	-4.12	-4.81	-3.78	-4.74
2018-11-23	-3.32	-3.86	-2.99	-3.97
2018-11-24	-3.9	-4.59	-3.61	-4.56
2018-11-25	-3.54	-4.09	-3.16	-4.02
2018-11-26	-4.03	-4.78	-3.74	-4.74
2018-11-27	-7.82	-8.74	-7.52	-8.63
2018-11-28	-7.42	-8.18	-7.08	-8.12
2018-11-29	-2.36	-2.87	-2.01	-2.86
2018-11-30	0.32	-0.1	0.69	-0.06
2018-12-01	1.21	0.72	1.68	0.76
2018-12-02	0.39	-0.27	0.77	-0.28
2018-12-03	1.13	0.34	1.43	0.27
2018-12-04	0.83	0.16	1.2	0.16
2018-12-05	-1.73	-2.67	-1.55	-2.86
2018-12-06	-4.68	-5.92	-4.72	-6.21
2018-12-07	-1.16	-2.06	-0.89	-2.17
2018-12-08	0.28	-0.43	0.64	-0.44
2018-12-09	-0.75	-1.52	-0.46	-1.67
2018-12-10	-0.24	-0.87	0.15	-0.89
2018-12-11	-1.64	-2.47	-1.33	-2.45
2018-12-12	-9.1	-10.38	-8.89	-10.45
2018-12-13	-11.03	-12.02	-10.63	-12.02
2018-12-14	-14.13	-15.38	-14.01	-15.96
2018-12-15	-16.43	-17.76	-16.14	-17.89
2018-12-16	-6.34	-7.11	-5.77	-6.83
2018-12-17	-4.01	-4.83	-3.69	-4.92
2018-12-18	-6.57	-7.51	-6.29	-7.74
2018-12-19	-5.39	-6.29	-5.09	-6.5
2018-12-20	-1.82	-2.54	-1.47	-2.61
2018-12-21	-4.5	-5.29	-4.15	-5.38
2018-12-22	-7.76	-8.66	-7.44	-8.65
2018-12-23	-12.83	-13.56	-12.43	-13.62
2018-12-24	-6.54	-7.39	-6.27	-7.52
2018-12-25	1.1	0.42	1.46	0.4
2018-12-26	0.7	0.1	1.13	0.12
2018-12-27	0.42	-0.3	0.75	-0.39
2018-12-28	-1.43	-2.23	-1.11	-2.47
2018-12-29	-1.34	-2.24	-1.12	-2.41
2018-12-30	-4.88	-5.69	-4.44	-5.67
2018-12-31	-3.11	-3.65	-2.58	-3.57
2019-01-01	-1.5	-2.16	-1.23	-2.03
2019-01-02	-6.29	-6.79	-5.86	-6.55
2019-01-03	-5.01	-5.36	-4.5	-5.08
2019-01-04	2.15	1.73	2.55	1.94
2019-01-05	-0.57	-0.79	-0.06	-0.54
2019-01-06	1.11	0.54	1.41	0.65
2019-01-07	-3.07	-3.75	-2.77	-3.68
2019-01-08	-3.46	-4.19	-3.16	-3.95
2019-01-09	-5.16	-5.82	-4.86	-5.69
2019-01-10	-3.9	-4.35	-3.55	-4.35
2019-01-11	0.16	-0.57	0.35	-0.51
2019-01-12	-3.91	-4.61	-3.66	-4.58
2019-01-13	-6.7	-7.39	-6.41	-7.33
2019-01-14	-6.94	-7.67	-6.73	-7.61
2019-01-15	-8.95	-9.76	-8.73	-9.7
2019-01-16	-10.55	-11.85	-10.53	-11.79
2019-01-17	-9.02	-9.83	-8.75	-9.65
2019-01-18	-7.8	-8.47	-7.56	-8.49
2019-01-19	-7.61	-8.35	-7.41	-8.41
2019-01-20	-10.14	-10.71	-9.78	-10.69
2019-01-21	-16.05	-16.68	-15.52	-16.67
2019-01-22	-13.25	-14.05	-12.93	-14.15
2019-01-23	-11.88	-12.15	-11.25	-11.96
2019-01-24	-7.66	-8.28	-7.51	-8.52
2019-01-25	-8.78	-9.34	-8.33	-9.13
2019-01-26	-8.25	-8.91	-7.95	-8.82
2019-01-27	-9.44	-10.53	-9.28	-10.3
2019-01-28	-6.49	-7.44	-6.35	-7.37
2019-01-29	-8.83	-9.68	-8.55	-9.42
2019-01-30	-13.96	-14.58	-13.32	-14.3
2019-01-31	-14.79	-15.29	-14.24	-15.23
2019-02-01	-7.26	-8.13	-7.07	-7.93
2019-02-02	-7.24	-8.32	-7.14	-8.03
2019-02-03	-12.02	-12.97	-11.89	-12.8
2019-02-04	-17.05	-17.37	-16.49	-17.11
2019-02-05	-14.77	-15.44	-14.33	-15.02
2019-02-06	-12.2	-13	-11.84	-12.83
2019-02-07	-8.07	-8.63	-7.7	-8.36
2019-02-08	-5.02	-5.74	-4.79	-5.55
2019-02-09	-2.57	-3.04	-2.1	-2.56
2019-02-10	-1.75	-2.21	-1.4	-1.94
2019-02-11	-4.21	-4.87	-3.97	-4.69
2019-02-12	-4.21	-4.74	-3.92	-4.59
2019-02-13	0.39	-0.14	0.66	0.01
2019-02-14	2	1.65	2.33	1.77
2019-02-15	1.69	1.43	2.18	1.78
2019-02-16	0.82	0.3	1.11	0.46
2019-02-17	-2.25	-2.79	-1.97	-2.62
2019-02-18	0.71	0.31	1.08	0.6
2019-02-19	0.36	-0.09	0.7	0.15
2019-02-20	-6.36	-6.92	-6.02	-6.65
2019-02-21	-8.28	-8.91	-7.9	-8.62
2019-02-22	-4.88	-5.27	-4.52	-5.12
2019-02-23	1.05	0.61	1.3	0.55
2019-02-24	2.79	2.28	3.07	2.44
2019-02-25	2.19	1.76	2.47	1.85
2019-02-26	1.85	1.43	2.2	1.65
2019-02-27	2.27	1.78	2.59	2.02
2019-02-28	-1.29	-1.64	-0.86	-1.33
2019-03-01	-3.3	-3.82	-2.89	-3.64
2019-03-02	-1.26	-1.96	-0.99	-1.84
2019-03-03	-6.5	-7.26	-6.2	-7.05
2019-03-04	-4.93	-5.81	-4.74	-5.72
2019-03-05	-11.51	-12.09	-11.01	-11.68
2019-03-06	-11.31	-11.86	-10.68	-11.41
2019-03-07	-3.99	-4.8	-3.68	-4.62
2019-03-08	-2.7	-3.54	-2.51	-3.45
2019-03-09	-5.64	-6.21	-5.18	-6.01
2019-03-10	-7.34	-8	-7.05	-7.96
2019-03-11	-7.98	-8.73	-7.73	-8.66
2019-03-12	-8.21	-8.91	-7.87	-8.79
2019-03-13	-2.66	-3.37	-2.39	-3.27
2019-03-14	-1.01	-1.46	-0.69	-1.34
2019-03-15	-2.17	-2.57	-1.78	-2.36
2019-03-16	-0.69	-1.32	-0.44	-1.24
2019-03-17	-1.27	-1.82	-0.99	-1.77
2019-03-18	-1.02	-1.72	-0.8	-1.64
2019-03-19	-2.45	-3.05	-2.12	-2.84
2019-03-20	0.98	0.46	1.34	0.57
2019-03-21	1.78	1.24	2.13	1.38
2019-03-22	1.94	1.38	2.25	1.48
2019-03-23	3.75	3.12	4.02	3.2
2019-03-24	1.37	0.72	1.71	0.9
2019-03-25	-0.49	-1.18	-0.2	-1.03
2019-03-26	-0.55	-1.12	-0.22	-0.97
2019-03-27	2.39	1.83	2.73	1.94
2019-03-28	4.49	4.07	4.91	4.17
2019-03-29	4.48	3.83	4.75	3.94
2019-03-30	1.75	1.2	2.11	1.25
2019-03-31	0.13	-0.61	0.35	-0.54
2019-04-01	0.91	0.22	1.17	0.32
2019-04-02	1.36	0.64	1.6	0.74
2019-04-03	1.64	1.27	2.11	1.6
2019-04-04	3.24	2.81	3.64	3.08
2019-04-05	-0.29	-0.8	0.06	-0.59
2019-04-06	1.79	1.23	2.14	1.53
2019-04-07	1.73	1.18	2.08	1.46
2019-04-08	-0.2	-0.99	0.01	-0.83
2019-04-09	-1.85	-2.63	-1.66	-2.52
2019-04-10	-2.97	-3.66	-2.68	-3.52
2019-04-11	-2.76	-3.46	-2.49	-3.27
2019-04-12	-1.21	-1.87	-1	-1.6
2019-04-13	-1.06	-1.34	-0.6	-1.09
2019-04-14	0.55	0.35	1.05	0.92
2019-04-15	0.86	0.61	1.32	0.98
2019-04-16	1.75	1.53	2.32	1.96
2019-04-17	4.26	3.58	4.52	3.79
2019-04-18	5.41	4.75	5.73	5
2019-04-19	5.41	4.84	5.75	5.06
2019-04-20	6.44	5.65	6.56	5.83
2019-04-21	5.63	4.93	5.89	5.1
2019-04-22	7.84	6.98	8.15	7.13
2019-04-23	9.68	8.78	9.97	8.64
2019-04-24	7.84	7.4	8.21	7.65
2019-04-25	7.03	6.77	7.4	7.05
2019-04-26	9.63	8.89	9.56	8.95
2019-04-27	9.33	8.91	9.61	9.15
2019-04-28	6.69	6.54	7.18	6.91
2019-04-29	10.98	10.68	11.32	11.04
2019-04-30	10.2	10.15	10.7	10.64
2019-05-01	5.57	4.8	5.79	5.07
2019-05-02	0.18	-0.4	0.55	-0.17
2019-05-03	-0.75	-1.56	-0.44	-1.36
2019-05-04	0.8	0.17	1.13	0.41
2019-05-05	2.88	2.12	3.1	2.39
2019-05-06	2.57	1.95	2.88	2.18
2019-05-07	1.93	1.37	2.26	1.58
2019-05-08	3.8	3.16	4.1	3.38
2019-05-09	4.88	4.45	5.27	4.78
2019-05-10	5.46	5.26	5.91	5.61
2019-05-11	7.17	6.99	7.58	7.35
2019-05-12	4	3.26	4.27	3.59
2019-05-13	4.73	4.01	4.97	4.2
2019-05-14	7.06	6.38	7.26	6.6
2019-05-15	9.13	8.43	9.31	8.63
2019-05-16	10.81	10.51	11.11	10.85
2019-05-17	10.72	10.51	11.08	10.89
2019-05-18	11.5	11.22	11.78	11.51
2019-05-19	9.53	9.34	9.92	9.64
2019-05-20	13.12	13.05	13.52	13.33
2019-05-21	13.7	13.7	14.16	14.09
2019-05-22	12.52	12.4	12.96	12.74
2019-05-23	6.99	6.49	7.39	6.89
2019-05-24	8.18	8	8.69	8.42
2019-05-25	8.14	7.77	8.55	8.12
2019-05-26	7.29	6.94	7.71	7.25
2019-05-27	7.7	7.14	7.97	7.36
2019-05-28	8.38	7.63	8.55	7.86
2019-05-29	7.22	6.47	7.5	6.75
2019-05-30	7.79	7.06	8	7.22
2019-05-31	7.93	7.14	8.17	7.44
2019-06-01	7.13	6.54	7.44	6.67
2019-06-02	10.06	9.52	10.41	9.83
2019-06-03	12.39	12.14	12.95	12.58
2019-06-04	14.84	14.17	14.99	14.21
2019-06-05	13.09	12.68	13.41	12.95
2019-06-06	17.59	17.76	18.25	18.37
2019-06-07	17.09	17.28	17.71	17.86
2019-06-08	17.02	16.93	17.48	17.36
2019-06-09	14.4	13.76	14.59	13.81
2019-06-10	13.81	13.03	13.99	13.16
2019-06-11	11.07	10.66	11.48	10.94
2019-06-12	8.52	8.12	8.93	8.33
2019-06-13	8.93	8.45	9.27	8.57
2019-06-14	10.25	9.72	10.62	9.97
2019-06-15	14.17	13.79	14.52	14.12
2019-06-16	17.18	16.98	17.62	17.41
2019-06-17	16.78	16.04	17.02	16.22
2019-06-18	16.73	15.98	16.86	16.01
2019-06-19	16.71	16.03	16.91	16.28
2019-06-20	15.95	15.58	16.39	16
2019-06-21	16.39	15.59	16.52	15.7
2019-06-22	12.12	11.36	12.34	11.45
2019-06-23	13.25	12.54	13.53	12.79
2019-06-24	13.23	12.5	13.49	12.74
2019-06-25	14.28	13.71	14.51	13.79
2019-06-26	13.64	13.24	14.03	13.52
2019-06-27	12.46	11.63	12.63	11.75
2019-06-28	12.74	11.85	12.92	12.03
2019-06-29	15.85	15.03	16.08	15.28
2019-06-30	12.23	11.74	12.71	12.25
2019-07-01	15.07	14.08	15.2	14.23
2019-07-02	11.5	10.6	11.68	10.68
2019-07-03	10.64	9.7	10.81	9.82
2019-07-04	9.36	8.7	9.66	8.74
2019-07-05	11.41	10.42	11.5	10.38
2019-07-06	11.99	11.19	12.2	11.24
2019-07-07	13.32	12.48	13.5	12.56
2019-07-08	11.01	10.18	11.25	10.25
2019-07-09	13.24	12.95	13.71	13.23
2019-07-10	14.9	14.65	15.45	14.95
2019-07-11	13.62	13.24	14.02	13.43
2019-07-12	12.86	12.56	13.36	12.93
2019-07-13	14.94	14.28	15.17	14.34
2019-07-14	15.62	14.77	15.75	14.92
2019-07-15	11.26	10.28	11.38	10.32
2019-07-16	11.72	11.27	12.16	11.39
2019-07-17	14.23	13.77	14.61	13.97
2019-07-18	13.39	13.13	13.93	13.51
2019-07-19	15.51	15.06	15.89	15.35
2019-07-20	16.64	16.3	17.12	16.67
2019-07-21	17.26	16.77	17.62	16.99
2019-07-22	14.97	14.5	15.42	14.81
2019-07-23	17.34	16.67	17.53	16.79
2019-07-24	19.74	19.24	20.06	19.49
2019-07-25	22.28	21.84	22.64	22.16
2019-07-26	21.31	21.08	21.76	21.4
2019-07-27	21.27	20.82	21.54	20.99
2019-07-28	20.19	19.87	20.63	20.15
2019-07-29	14.41	13.86	14.86	14.17
2019-07-30	11.68	11.1	12.01	11.19
2019-07-31	13.19	12.6	13.53	12.83
2019-08-01	16.02	15.54	16.35	15.73
2019-08-02	15.35	14.88	15.78	15.17
2019-08-03	12.91	12.55	13.43	12.92
2019-08-04	13.17	12.66	13.56	12.84
2019-08-05	15.72	15.12	15.99	15.24
2019-08-06	14.36	13.9	14.78	14.11
2019-08-07	13.59	12.94	13.96	13.18
2019-08-08	13.95	13.34	14.29	13.49
2019-08-09	14.5	14	14.88	14.18
2019-08-10	14.53	14.01	14.89	14.16
2019-08-11	14.91	14.33	15.28	14.52
2019-08-12	14.87	14.2	15.19	14.34
2019-08-13	14.04	13.26	14.26	13.38
2019-08-14	12.3	11.54	12.52	11.61
2019-08-15	13.24	12.47	13.46	12.57
2019-08-16	14.03	13.38	14.39	13.64
2019-08-17	14.77	14.07	15.02	14.15
2019-08-18	14.97	14.35	15.31	14.56
2019-08-19	14.53	13.81	14.77	13.9
2019-08-20	14.62	13.91	14.85	13.96
2019-08-21	13.1	12.46	13.41	12.59
2019-08-22	12.91	12.19	13.14	12.25
2019-08-23	13.78	13.07	14.02	13.14
2019-08-24	14.46	13.83	14.75	13.99
2019-08-25	17.1	16.47	17.42	16.67
2019-08-26	16.64	16.31	17.1	16.6
2019-08-27	18.71	18.14	19.07	18.41
2019-08-28	18.39	18.11	18.89	18.45
2019-08-29	16.95	16.39	17.25	16.55
2019-08-30	16.18	15.51	16.42	15.62
2019-08-31	16.31	15.68	16.57	15.77
2019-09-01	16.34	15.77	16.67	15.91
2019-09-02	13.01	12.21	13.2	12.27
2019-09-03	11.43	10.49	11.52	10.44
2019-09-04	11.05	10.35	11.33	10.45
2019-09-05	12.03	11.29	12.29	11.36
2019-09-06	10.31	9.62	10.6	9.68
2019-09-07	9.86	9.11	10.12	9.19
2019-09-08	9.5	8.95	9.85	9.11
2019-09-09	10.58	9.89	10.84	9.95
2019-09-10	12.97	12.55	13.37	12.72
2019-09-11	13.2	12.76	13.62	12.94
2019-09-12	12.53	11.88	12.82	12.01
2019-09-13	9.97	9.19	10.24	9.29
2019-09-14	9.4	8.69	9.7	8.82
2019-09-15	9.55	8.86	9.89	9.1
2019-09-16	7.08	6.34	7.34	6.41
2019-09-17	6.29	5.56	6.5	5.55
2019-09-18	7.23	6.59	7.55	6.73
2019-09-19	6.63	5.97	6.95	6.09
2019-09-20	6.68	6.07	7.04	6.19
2019-09-21	10.9	10.33	11.29	10.57
2019-09-22	5.77	5.16	6.12	5.26
2019-09-23	5.05	4.5	5.51	4.65
2019-09-24	7.35	6.73	7.71	6.9
2019-09-25	7.41	6.82	7.79	6.97
2019-09-26	7.2	6.73	7.73	6.91
2019-09-27	7.32	6.75	7.78	6.93
2019-09-28	8.6	8	8.96	8.13
2019-09-29	8.69	8.12	9.07	8.31
2019-09-30	5.01	4.36	5.31	4.42
2019-10-01	4.19	3.6	4.47	3.62
2019-10-02	4.43	3.85	4.76	4.01
2019-10-03	3.02	2.35	3.3	2.5
2019-10-04	1.35	0.75	1.69	0.9
2019-10-05	1.02	0.4	1.36	0.5
2019-10-06	1.7	1.02	1.98	1.06
2019-10-07	2.68	2.05	3.01	2.14
2019-10-08	2.62	1.73	2.77	1.67
2019-10-09	3.37	2.78	3.7	2.87
2019-10-10	5.34	4.68	5.6	4.74
2019-10-11	5.88	5.16	6.17	5.36
2019-10-12	4.96	4.34	5.27	4.5
2019-10-13	3.69	3.07	4.05	3.2
2019-10-14	2.66	1.92	3.01	2.12
2019-10-15	3.21	2.49	3.58	2.69
2019-10-16	3.94	3.27	4.25	3.46
2019-10-17	2.88	2.23	3.2	2.41
2019-10-18	4.59	4	4.96	4.21
2019-10-19	3.39	2.73	3.7	2.91
2019-10-20	0.75	0.04	1.04	0.19
2019-10-21	1.18	0.59	1.52	0.63
2019-10-22	5.6	4.92	5.86	5.02
2019-10-23	5.36	4.71	5.7	4.93
2019-10-24	7.21	6.71	7.64	7.03
2019-10-25	7.03	6.45	7.34	6.61
2019-10-26	2.51	1.81	2.77	1.84
2019-10-27	0.28	-0.31	0.62	-0.23
2019-10-28	0.75	0.22	1.11	0.34
2019-10-29	0.16	-0.3	0.6	-0.11
2019-10-30	0.54	0.1	1.01	0.3
2019-10-31	1.81	1.2	2.11	1.27
2019-11-01	-0.18	-0.76	0.25	-0.77
2019-11-02	-0.02	-0.58	0.39	-0.57
2019-11-03	-2.48	-3.04	-2.04	-2.98
2019-11-04	-4.3	-5.36	-4.17	-5.43
2019-11-05	-4.86	-6.07	-4.73	-5.98
2019-11-06	-3.02	-3.93	-2.77	-3.95
2019-11-07	-2.66	-3.47	-2.34	-3.47
2019-11-08	-2.73	-3.57	-2.44	-3.58
2019-11-09	-4.69	-5.51	-4.4	-5.44
2019-11-10	-6.73	-7.56	-6.5	-7.59
2019-11-11	-4.7	-5.83	-4.65	-6.09
2019-11-12	1.13	0.52	1.47	0.45
2019-11-13	0.5	0.15	1	0.22
2019-11-14	-1.52	-2.13	-1.11	-2.05
2019-11-15	-3.96	-5.02	-3.61	-4.71
2019-11-16	-1.75	-2.49	-1.35	-2.28
2019-11-17	-0.3	-0.83	0.16	-0.67
2019-11-18	1.09	0.46	1.5	0.56
2019-11-19	3.67	3.06	3.99	3.08
2019-11-20	-0.64	-1.56	-0.42	-1.47
2019-11-21	2.62	2	3.01	2.08
2019-11-22	2.56	1.95	2.9	1.95
2019-11-23	2.02	1.36	2.34	1.33
2019-11-24	1.5	0.94	1.86	0.92
2019-11-25	0.63	0.07	1	0.09
2019-11-26	-0.4	-0.97	0	-0.89
2019-11-27	-1.62	-2.44	-1.36	-2.44
2019-11-28	-4.23	-5.13	-4.05	-5.21
2019-11-29	-5.01	-5.63	-4.6	-5.57
2019-11-30	-4.87	-5.57	-4.58	-5.68
2019-12-01	-3.57	-4.35	-3.29	-4.32
2019-12-02	-4.23	-5.09	-4.04	-5.19
2019-12-03	-1.59	-2.15	-1.23	-2.18
2019-12-04	1.69	1.16	2.09	1.19
2019-12-05	1.43	0.75	1.79	0.92
2019-12-06	-1.58	-2.37	-1.19	-2.29
2019-12-07	-3.92	-4.82	-3.69	-4.87
2019-12-08	-3.75	-4.72	-3.53	-4.8
2019-12-09	-5.15	-5.86	-4.8	-5.83
2019-12-10	-6.66	-7.43	-6.33	-7.48
2019-12-11	0.67	0.12	1.09	0.29
2019-12-12	0.49	-0.03	0.89	0.05
2019-12-13	-0.15	-0.81	0.19	-0.73
2019-12-14	0.45	-0.17	0.81	-0.09
2019-12-15	0.77	0.07	1.06	0.09
2019-12-16	-0.58	-1.19	-0.22	-1.13
2019-12-17	-6.37	-7.54	-6.06	-7.21
2019-12-18	-7.89	-8.94	-7.69	-8.84
2019-12-19	-5.37	-6.34	-5.12	-6.36
2019-12-20	-0.56	-1.16	-0.09	-0.92
2019-12-21	1.3	0.71	1.66	0.79
2019-12-22	-0.32	-0.78	0.11	-0.67
2019-12-23	-3.05	-3.43	-2.59	-3.48
2019-12-24	-6.59	-7.11	-6.33	-7.48
2019-12-25	-4.87	-5.86	-4.73	-5.91
2019-12-26	-4.28	-4.98	-3.94	-4.87
2019-12-27	-8.92	-9.85	-8.73	-9.93
2019-12-28	-6.67	-7.29	-6.24	-7.22
2019-12-29	1.82	1.21	2.26	1.46
2019-12-30	2.71	1.99	2.98	2.05
2019-12-31	0.32	-0.43	0.58	-0.42
2020-01-01	1.58	0.94	1.84	1.07
2020-01-02	3.51	3.02	3.8	3.11
2020-01-03	1.34	0.7	1.61	0.92
2020-01-04	-1.66	-2.32	-1.43	-2.22
2020-01-05	-2.76	-3.4	-2.43	-3.21
2020-01-06	-0.71	-1.38	-0.4	-1.29
2020-01-07	1.53	1.03	1.89	1.25
2020-01-08	2.85	2.29	3.16	2.49
2020-01-09	-1.32	-2.12	-1.03	-1.89
2020-01-10	-5.78	-6.89	-5.52	-6.69
2020-01-11	-0.59	-1.14	-0.22	-0.9
2020-01-12	-0.52	-1.11	-0.15	-0.84
2020-01-13	-2.61	-3.32	-2.29	-3.1
2020-01-14	0.53	0.11	0.91	0.31
2020-01-15	0.71	0.1	1.05	0.32
2020-01-16	-0.47	-0.98	0.05	-0.55
2020-01-17	1.55	1.06	1.95	1.34
2020-01-18	1.15	0.65	1.52	0.88
2020-01-19	0.6	-0.05	0.84	0.03
2020-01-20	3.36	2.79	3.65	2.92
2020-01-21	2.34	1.64	2.59	1.79
2020-01-22	0.27	-0.38	0.55	-0.24
2020-01-23	0.33	-0.21	0.63	-0.11
2020-01-24	-0.31	-0.89	-0.02	-0.77
2020-01-25	-1.68	-2.27	-1.39	-2.16
2020-01-26	0.62	0.18	1.01	0.38
2020-01-27	0.78	0.31	1.16	0.56
2020-01-28	0.21	-0.24	0.56	-0.09
2020-01-29	-0.35	-0.79	0	-0.61
2020-01-30	-0.68	-1.16	-0.35	-1.02
2020-01-31	-0.52	-1.02	-0.2	-0.88
2020-02-01	0.73	0.46	1.15	0.66
2020-02-02	0.43	0	0.75	0.1
2020-02-03	-5.59	-6.03	-5.25	-5.97
2020-02-04	-9.96	-10.65	-9.54	-10.53
2020-02-05	-1.88	-2.33	-1.62	-2.35
2020-02-06	-4.99	-5.59	-4.52	-5.27
2020-02-07	-0.74	-1.09	-0.42	-1.21
2020-02-08	0.04	-0.3	0.47	-0.07
2020-02-09	1.49	1.2	1.85	1.32
2020-02-10	2.79	2.35	3.06	2.41
2020-02-11	-2.02	-2.64	-1.63	-2.6
2020-02-12	-2.68	-3.46	-2.38	-3.18
2020-02-13	-3.7	-4.44	-3.53	-4.49
2020-02-14	-4.61	-5.25	-4.16	-5.09
2020-02-15	-0.11	-0.37	0.44	-0.06
2020-02-16	4.08	3.63	4.35	3.77
2020-02-17	3.08	2.53	3.32	2.66
2020-02-18	2.1	1.45	2.28	1.56
2020-02-19	-1.08	-1.83	-0.98	-1.74
2020-02-20	-1.71	-2.28	-1.46	-2.11
2020-02-21	2.61	2.23	2.94	2.37
2020-02-22	2.67	2.17	2.91	2.23
2020-02-23	0.69	0.1	0.92	0.12
2020-02-24	-2.07	-2.72	-1.74	-2.62
2020-02-25	-5.9	-6.81	-5.37	-6.55
2020-02-26	-7	-8.36	-6.77	-7.84
2020-02-27	-6.15	-7.63	-6.36	-7.55
2020-02-28	-5.34	-6	-4.87	-5.45
2020-02-29	-6.04	-6.61	-5.31	-5.92
2020-03-01	-5.15	-6.13	-4.9	-5.82
2020-03-02	-3.36	-4.19	-3.1	-3.88
2020-03-03	-3.77	-4.49	-3.55	-4.41
2020-03-04	-1.91	-2.55	-1.68	-2.48
2020-03-05	-3.81	-4.33	-3.46	-4.2
2020-03-06	-3.16	-3.64	-2.78	-3.75
2020-03-07	-4.54	-5.18	-4.22	-5.24
2020-03-08	1.59	1.3	1.99	1.41
2020-03-09	2.47	2.07	2.83	2.19
2020-03-10	0.45	0.06	0.88	0.29
2020-03-11	0.33	0.09	0.81	0.36
2020-03-12	0.28	-0.09	0.71	0.2
2020-03-13	-3.39	-3.99	-3.11	-3.76
2020-03-14	-4.8	-5.32	-4.4	-4.96
2020-03-15	1.42	0.97	1.72	1.1
2020-03-16	-0.76	-1.15	-0.31	-0.83
2020-03-17	2.55	2.1	2.91	2.31
2020-03-18	1.64	1.04	1.95	1.23
2020-03-19	1.51	0.96	1.84	1.11
2020-03-20	-1.49	-2.07	-1.15	-1.87
2020-03-21	-2.88	-3.28	-2.3	-2.84
2020-03-22	-1.15	-1.66	-0.67	-1.32
2020-03-23	0.69	0.09	1.04	0.31
2020-03-24	3.96	3.38	4.19	3.42
2020-03-25	6.09	5.24	6.13	5.26
2020-03-26	2.9	2.22	3.14	2.54
2020-03-27	3.11	2.32	3.35	2.67
2020-03-28	0.09	-0.75	0.19	-0.67
2020-03-29	-1.78	-2.55	-1.6	-2.4
2020-03-30	-3.7	-4.26	-3.19	-3.85
2020-03-31	1.47	0.88	1.72	0.96
2020-04-01	2.01	1.38	2.31	1.61
2020-04-02	0.99	0.46	1.36	0.65
2020-04-03	-0.53	-1.15	-0.16	-0.96
2020-04-04	-1.81	-2.55	-1.38	-2.22
2020-04-05	-0.29	-0.62	0.44	0.03
2020-04-06	5.06	4.45	5.44	4.83
2020-04-07	4	3.57	4.41	3.76
2020-04-08	5.23	4.43	5.37	4.58
2020-04-09	2.78	2.11	3.01	2.21
2020-04-10	1.92	1.26	2.16	1.39
2020-04-11	2.49	1.96	2.81	2.17
2020-04-12	4.02	3.38	4.3	3.59
2020-04-13	1	0.4	1.25	0.47
2020-04-14	1.78	1.17	2.04	1.27
2020-04-15	4.99	4.28	5.17	4.38
2020-04-16	3.25	2.5	3.4	2.56
2020-04-17	3.01	2.32	3.19	2.37
2020-04-18	3.58	2.91	3.77	2.96
2020-04-19	5.64	4.96	5.85	5.04
2020-04-20	7.28	6.59	7.51	6.74
2020-04-21	9.24	8.65	9.54	8.94
2020-04-22	9.38	8.99	9.78	9.33
2020-04-23	7.76	7.1	8.05	7.4
2020-04-24	5.51	4.91	5.8	5.04
2020-04-25	4.78	4.23	5.14	4.43
2020-04-26	4	3.5	4.38	3.73
2020-04-27	2.63	2.34	3.13	2.65
2020-04-28	1.14	0.86	1.61	1.08
2020-04-29	1.32	1.05	1.78	1.3
2020-04-30	1.83	1.52	2.25	1.7
2020-05-01	0.85	0.28	1.22	0.45
2020-05-02	4.55	4.03	4.95	4.37
2020-05-03	4.92	4.34	5.23	4.62
2020-05-04	4.49	3.75	4.69	3.89
2020-05-05	5.79	5.17	6.07	5.4
2020-05-06	6.04	5.32	6.31	5.54
2020-05-07	5.4	4.68	5.65	4.86
2020-05-08	5.44	4.83	5.73	5.09
2020-05-09	4.22	3.82	4.65	4.23
2020-05-10	1.51	0.99	1.89	1.18
2020-05-11	1.96	1.3	2.22	1.44
2020-05-12	2.23	1.65	2.52	1.81
2020-05-13	2.72	2.02	2.97	2.16
2020-05-14	3.08	2.3	3.25	2.41
2020-05-15	3.16	2.33	3.28	2.46
2020-05-16	3.75	3.34	4.18	3.7
2020-05-17	2.92	2.5	3.31	2.75
2020-05-18	5.03	4.28	5.25	4.45
2020-05-19	4.63	3.97	4.91	4.16
2020-05-20	5.65	5	5.86	5.22
2020-05-21	7.02	6.85	7.5	7.24
2020-05-22	7.29	7.25	7.88	7.72
2020-05-23	6.33	5.95	6.76	6.23
2020-05-24	6.77	6.51	7.23	6.87
2020-05-25	9.87	9.48	10.2	9.83
2020-05-26	13.01	12.84	13.49	13.28
2020-05-27	10.25	9.52	10.46	9.68
2020-05-28	8.9	8.16	9.13	8.35
2020-05-29	10.58	9.87	10.81	10.02
2020-05-30	11.28	11.08	11.7	11.39
2020-05-31	14.4	14.36	14.82	14.63
2020-06-01	17.59	17.03	17.79	17.29
2020-06-02	14.33	14.35	14.97	15.05
2020-06-03	10.59	10.24	11.05	10.59
2020-06-04	10.81	10.28	11.13	10.49
2020-06-05	11.79	11.25	12.11	11.47
2020-06-06	8.34	7.82	8.72	7.98
2020-06-07	10.17	9.23	10.31	9.31
2020-06-08	8.55	7.39	8.56	7.37
2020-06-09	9.92	9.31	10.19	9.48
2020-06-10	12.3	11.75	12.58	11.97
2020-06-11	15.43	14.8	15.63	15
2020-06-12	14.31	13.8	14.6	13.97
2020-06-13	15.34	15	15.71	15.25
2020-06-14	17.78	17.25	18.07	17.45
2020-06-15	19.43	18.84	19.66	19.12
2020-06-16	17.12	16.65	17.5	16.96
2020-06-17	12.34	12.01	12.78	12.18
2020-06-18	17.43	16.81	17.65	17
2020-06-19	17.16	16.76	17.55	17.08
2020-06-20	15.12	14.86	15.58	15.17
2020-06-21	15.64	15.41	16.11	15.75
2020-06-22	16.89	16.67	17.36	16.94
2020-06-23	19.19	19.05	19.64	19.43
2020-06-24	20.79	20.37	21.07	20.7
2020-06-25	24.44	23.72	24.61	24
2020-06-26	23.69	22.86	23.89	23.16
2020-06-27	19.01	18.74	19.65	19.29
2020-06-28	16.55	16.07	16.95	16.38
2020-06-29	15.96	15.11	16.19	15.24
2020-06-30	15.56	14.71	15.73	14.74
2020-07-01	12.98	12.14	13.24	12.23
2020-07-02	10.92	10.24	11.24	10.34
2020-07-03	12.88	12.08	13.15	12.21
2020-07-04	11.57	10.91	11.94	11.02
2020-07-05	12.82	12.19	13.14	12.32
2020-07-06	12.09	11.28	12.36	11.37
2020-07-07	12.84	12.06	13.09	12.15
2020-07-08	11	10.42	11.33	10.43
2020-07-09	11.53	11.01	12.01	11.27
2020-07-10	13.25	12.52	13.5	12.62
2020-07-11	13.18	12.54	13.5	12.64
2020-07-12	12.86	12.11	13.1	12.18
2020-07-13	11.42	10.64	11.7	10.74
2020-07-14	13.9	13.36	14.27	13.49
2020-07-15	14.29	13.69	14.63	13.78
2020-07-16	15.5	15.05	15.98	15.34
2020-07-17	18.81	18.11	19.06	18.16
2020-07-18	17.59	16.99	17.88	17
2020-07-19	18.12	17.38	18.34	17.41
2020-07-20	16.41	15.62	16.61	15.62
2020-07-21	12.99	12.31	13.33	12.43
2020-07-22	12.47	11.72	12.75	11.8
2020-07-23	11.01	10.33	11.41	10.56
2020-07-24	9.57	8.9	9.86	8.87
2020-07-25	12.89	12.23	13.21	12.22
2020-07-26	14.99	14.39	15.34	14.52
2020-07-27	15.78	15.24	16.21	15.44
2020-07-28	15.4	14.86	15.76	14.99
2020-07-29	14.77	14.19	15.17	14.36
2020-07-30	13.58	13.04	13.99	13.19
2020-07-31	16.61	16.1	16.99	16.21
2020-08-01	17.56	17.14	17.96	17.31
2020-08-02	18.18	17.56	18.48	17.68
2020-08-03	15.16	14.35	15.4	14.43
2020-08-04	13.23	12.57	13.57	12.71
2020-08-05	14.6	13.82	14.82	13.81
2020-08-06	16.72	16.06	17.01	16.22
2020-08-07	19.47	18.78	19.73	18.9
2020-08-08	20.33	19.51	20.5	19.57
2020-08-09	15.25	14.37	15.43	14.39
2020-08-10	14.43	13.96	14.82	14.14
2020-08-11	14.43	14.15	14.96	14.38
2020-08-12	16.79	16.25	17.14	16.44
2020-08-13	15.62	15.39	16.2	15.77
2020-08-14	16.98	16.34	17.28	16.48
2020-08-15	18.15	17.33	18.39	17.56
2020-08-16	16.92	16.11	17.18	16.28
2020-08-17	15.03	14.74	15.6	15.16
2020-08-18	16.55	16.2	17.05	16.53
2020-08-19	18.34	17.84	18.71	18.08
2020-08-20	17.37	16.88	17.78	17.02
2020-08-21	17.48	16.87	17.8	16.96
2020-08-22	17.42	16.72	17.65	16.7
2020-08-23	14.26	13.41	14.47	13.47
2020-08-24	11	10.28	11.33	10.34
2020-08-25	11.34	10.52	11.64	10.6
2020-08-26	10.77	9.99	11.05	10.06
2020-08-27	10.97	10.2	11.21	10.21
2020-08-28	10.84	10.28	11.23	10.39
2020-08-29	11.02	10.34	11.29	10.37
2020-08-30	9.86	9.13	10.14	9.15
2020-08-31	9.69	8.99	9.99	9.02
